Year,Race,Session,DriverNumber,FullName,TeamName,Position,GridPosition,Status,Time,Points,Q1,Q2,Q3,BestLapTime,Laps
2025,Abu Dhabi Grand Prix,FP1,4.0,Lando Norris,McLaren,1.0,,,,,,,,0 days 00:01:24.485000,28.0
2025,Abu Dhabi Grand Prix,FP1,1.0,Max Verstappen,Red Bull Racing,2.0,,,,,,,,0 days 00:01:24.493000,30.0
2025,Abu Dhabi Grand Prix,FP1,16.0,Charles Leclerc,Ferrari,3.0,,,,,,,,0 days 00:01:24.501000,28.0
2025,Abu Dhabi Grand Prix,FP1,12.0,Kimi Antonelli,Mercedes,4.0,,,,,,,,0 days 00:01:24.608000,30.0
2025,Abu Dhabi Grand Prix,FP1,27.0,Nico Hulkenberg,Kick Sauber,5.0,,,,,,,,0 days 00:01:24.629000,28.0
2025,Abu Dhabi Grand Prix,FP1,63.0,George Russell,Mercedes,6.0,,,,,,,,0 days 00:01:24.733000,29.0
2025,Abu Dhabi Grand Prix,FP1,5.0,Gabriel Bortoleto,Kick Sauber,7.0,,,,,,,,0 days 00:01:24.742000,29.0
2025,Abu Dhabi Grand Prix,FP1,87.0,Oliver Bearman,Haas F1 Team,8.0,,,,,,,,0 days 00:01:24.759000,14.0
2025,Abu Dhabi Grand Prix,FP1,55.0,Carlos Sainz,Williams,9.0,,,,,,,,0 days 00:01:24.771000,27.0
2025,Abu Dhabi Grand Prix,FP1,43.0,Franco Colapinto,Alpine,10.0,,,,,,,,0 days 00:01:24.855000,28.0
2025,Abu Dhabi Grand Prix,FP1,50.0,Ryo Hirakawa,Haas F1 Team,11.0,,,,,,,,0 days 00:01:24.934000,28.0
2025,Abu Dhabi Grand Prix,FP1,6.0,Isack Hadjar,Racing Bulls,12.0,,,,,,,,0 days 00:01:24.977000,31.0
2025,Abu Dhabi Grand Prix,FP1,61.0,Paul Aron,Alpine,13.0,,,,,,,,0 days 00:01:25.204000,27.0
2025,Abu Dhabi Grand Prix,FP1,89.0,Patricio O'Ward,McLaren,14.0,,,,,,,,0 days 00:01:25.246000,28.0
2025,Abu Dhabi Grand Prix,FP1,36.0,Arvid Lindblad,Red Bull Racing,15.0,,,,,,,,0 days 00:01:25.256000,26.0
2025,Abu Dhabi Grand Prix,FP1,39.0,Arthur Leclerc,Ferrari,16.0,,,,,,,,0 days 00:01:25.360000,27.0
2025,Abu Dhabi Grand Prix,FP1,40.0,Ayumu Iwasa,Racing Bulls,17.0,,,,,,,,0 days 00:01:25.475000,30.0
2025,Abu Dhabi Grand Prix,FP1,46.0,Luke Browning,Williams,18.0,,,,,,,,0 days 00:01:25.490000,18.0
2025,Abu Dhabi Grand Prix,FP1,35.0,Jak Crawford,Aston Martin,19.0,,,,,,,,0 days 00:01:25.889000,24.0
2025,Abu Dhabi Grand Prix,FP1,34.0,Cian Shields,Aston Martin,20.0,,,,,,,,0 days 00:01:26.432000,22.0
2025,Abu Dhabi Grand Prix,FP2,4.0,Lando Norris,McLaren,1.0,,,,,,,,0 days 00:01:23.083000,28.0
2025,Abu Dhabi Grand Prix,FP2,1.0,Max Verstappen,Red Bull Racing,2.0,,,,,,,,0 days 00:01:23.446000,31.0
2025,Abu Dhabi Grand Prix,FP2,63.0,George Russell,Mercedes,3.0,,,,,,,,0 days 00:01:23.462000,29.0
2025,Abu Dhabi Grand Prix,FP2,87.0,Oliver Bearman,Haas F1 Team,4.0,,,,,,,,0 days 00:01:23.501000,28.0
2025,Abu Dhabi Grand Prix,FP2,27.0,Nico Hulkenberg,Kick Sauber,5.0,,,,,,,,0 days 00:01:23.550000,28.0
2025,Abu Dhabi Grand Prix,FP2,5.0,Gabriel Bortoleto,Kick Sauber,6.0,,,,,,,,0 days 00:01:23.570000,28.0
2025,Abu Dhabi Grand Prix,FP2,6.0,Isack Hadjar,Racing Bulls,7.0,,,,,,,,0 days 00:01:23.657000,29.0
2025,Abu Dhabi Grand Prix,FP2,16.0,Charles Leclerc,Ferrari,8.0,,,,,,,,0 days 00:01:23.658000,31.0
2025,Abu Dhabi Grand Prix,FP2,14.0,Fernando Alonso,Aston Martin,9.0,,,,,,,,0 days 00:01:23.708000,27.0
2025,Abu Dhabi Grand Prix,FP2,12.0,Kimi Antonelli,Mercedes,10.0,,,,,,,,0 days 00:01:23.750000,29.0
2025,Abu Dhabi Grand Prix,FP2,81.0,Oscar Piastri,McLaren,11.0,,,,,,,,0 days 00:01:23.763000,29.0
2025,Abu Dhabi Grand Prix,FP2,18.0,Lance Stroll,Aston Martin,12.0,,,,,,,,0 days 00:01:23.832000,29.0
2025,Abu Dhabi Grand Prix,FP2,55.0,Carlos Sainz,Williams,13.0,,,,,,,,0 days 00:01:23.872000,31.0
2025,Abu Dhabi Grand Prix,FP2,44.0,Lewis Hamilton,Ferrari,14.0,,,,,,,,0 days 00:01:23.939000,29.0
2025,Abu Dhabi Grand Prix,FP2,23.0,Alexander Albon,Williams,15.0,,,,,,,,0 days 00:01:23.950000,32.0
2025,Abu Dhabi Grand Prix,FP2,31.0,Esteban Ocon,Haas F1 Team,16.0,,,,,,,,0 days 00:01:23.958000,27.0
2025,Abu Dhabi Grand Prix,FP2,22.0,Yuki Tsunoda,Red Bull Racing,17.0,,,,,,,,0 days 00:01:24.303000,29.0
2025,Abu Dhabi Grand Prix,FP2,30.0,Liam Lawson,Racing Bulls,18.0,,,,,,,,0 days 00:01:24.474000,32.0
2025,Abu Dhabi Grand Prix,FP2,43.0,Franco Colapinto,Alpine,19.0,,,,,,,,0 days 00:01:24.771000,28.0
2025,Abu Dhabi Grand Prix,FP2,10.0,Pierre Gasly,Alpine,20.0,,,,,,,,0 days 00:01:24.963000,30.0
2025,Abu Dhabi Grand Prix,FP3,63.0,George Russell,Mercedes,1.0,,,,,,,,0 days 00:01:23.334000,14.0
2025,Abu Dhabi Grand Prix,FP3,4.0,Lando Norris,McLaren,2.0,,,,,,,,0 days 00:01:23.338000,20.0
2025,Abu Dhabi Grand Prix,FP3,1.0,Max Verstappen,Red Bull Racing,3.0,,,,,,,,0 days 00:01:23.458000,15.0
2025,Abu Dhabi Grand Prix,FP3,14.0,Fernando Alonso,Aston Martin,4.0,,,,,,,,0 days 00:01:23.585000,17.0
2025,Abu Dhabi Grand Prix,FP3,81.0,Oscar Piastri,McLaren,5.0,,,,,,,,0 days 00:01:23.593000,17.0
2025,Abu Dhabi Grand Prix,FP3,31.0,Esteban Ocon,Haas F1 Team,6.0,,,,,,,,0 days 00:01:23.605000,19.0
2025,Abu Dhabi Grand Prix,FP3,87.0,Oliver Bearman,Haas F1 Team,7.0,,,,,,,,0 days 00:01:23.609000,16.0
2025,Abu Dhabi Grand Prix,FP3,16.0,Charles Leclerc,Ferrari,8.0,,,,,,,,0 days 00:01:23.675000,18.0
2025,Abu Dhabi Grand Prix,FP3,12.0,Kimi Antonelli,Mercedes,9.0,,,,,,,,0 days 00:01:23.707000,14.0
2025,Abu Dhabi Grand Prix,FP3,23.0,Alexander Albon,Williams,10.0,,,,,,,,0 days 00:01:23.722000,18.0
2025,Abu Dhabi Grand Prix,FP3,5.0,Gabriel Bortoleto,Kick Sauber,11.0,,,,,,,,0 days 00:01:23.791000,16.0
2025,Abu Dhabi Grand Prix,FP3,55.0,Carlos Sainz,Williams,12.0,,,,,,,,0 days 00:01:23.811000,18.0
2025,Abu Dhabi Grand Prix,FP3,27.0,Nico Hulkenberg,Kick Sauber,13.0,,,,,,,,0 days 00:01:23.870000,17.0
2025,Abu Dhabi Grand Prix,FP3,18.0,Lance Stroll,Aston Martin,14.0,,,,,,,,0 days 00:01:23.895000,19.0
2025,Abu Dhabi Grand Prix,FP3,30.0,Liam Lawson,Racing Bulls,15.0,,,,,,,,0 days 00:01:23.947000,16.0
2025,Abu Dhabi Grand Prix,FP3,6.0,Isack Hadjar,Racing Bulls,16.0,,,,,,,,0 days 00:01:23.979000,17.0
2025,Abu Dhabi Grand Prix,FP3,10.0,Pierre Gasly,Alpine,17.0,,,,,,,,0 days 00:01:24.072000,19.0
2025,Abu Dhabi Grand Prix,FP3,44.0,Lewis Hamilton,Ferrari,18.0,,,,,,,,0 days 00:01:24.470000,8.0
2025,Abu Dhabi Grand Prix,FP3,43.0,Franco Colapinto,Alpine,19.0,,,,,,,,0 days 00:01:24.501000,18.0
2025,Abu Dhabi Grand Prix,FP3,22.0,Yuki Tsunoda,Red Bull Racing,20.0,,,,,,,,0 days 00:01:24.693000,10.0
2025,Abu Dhabi Grand Prix,Q,1.0,Max Verstappen,Red Bull Racing,1.0,,,,,0 days 00:01:22.877000,0 days 00:01:22.752000,0 days 00:01:22.207000,,
2025,Abu Dhabi Grand Prix,Q,4.0,Lando Norris,McLaren,2.0,,,,,0 days 00:01:23.178000,0 days 00:01:22.804000,0 days 00:01:22.408000,,
2025,Abu Dhabi Grand Prix,Q,81.0,Oscar Piastri,McLaren,3.0,,,,,0 days 00:01:22.605000,0 days 00:01:23.021000,0 days 00:01:22.437000,,
2025,Abu Dhabi Grand Prix,Q,63.0,George Russell,Mercedes,4.0,,,,,0 days 00:01:23.247000,0 days 00:01:22.730000,0 days 00:01:22.645000,,
2025,Abu Dhabi Grand Prix,Q,16.0,Charles Leclerc,Ferrari,5.0,,,,,0 days 00:01:23.163000,0 days 00:01:22.948000,0 days 00:01:22.730000,,
2025,Abu Dhabi Grand Prix,Q,14.0,Fernando Alonso,Aston Martin,6.0,,,,,0 days 00:01:23.071000,0 days 00:01:22.861000,0 days 00:01:22.902000,,
2025,Abu Dhabi Grand Prix,Q,5.0,Gabriel Bortoleto,Kick Sauber,7.0,,,,,0 days 00:01:23.374000,0 days 00:01:22.874000,0 days 00:01:22.904000,,
2025,Abu Dhabi Grand Prix,Q,31.0,Esteban Ocon,Haas F1 Team,8.0,,,,,0 days 00:01:23.334000,0 days 00:01:23.023000,0 days 00:01:22.913000,,
2025,Abu Dhabi Grand Prix,Q,6.0,Isack Hadjar,Racing Bulls,9.0,,,,,0 days 00:01:23.373000,0 days 00:01:22.997000,0 days 00:01:23.072000,,
2025,Abu Dhabi Grand Prix,Q,22.0,Yuki Tsunoda,Red Bull Racing,10.0,,,,,0 days 00:01:23.386000,0 days 00:01:23.034000,,,
2025,Abu Dhabi Grand Prix,Q,87.0,Oliver Bearman,Haas F1 Team,11.0,,,,,0 days 00:01:23.254000,0 days 00:01:23.041000,,,
2025,Abu Dhabi Grand Prix,Q,55.0,Carlos Sainz,Williams,12.0,,,,,0 days 00:01:23.187000,0 days 00:01:23.042000,,,
2025,Abu Dhabi Grand Prix,Q,30.0,Liam Lawson,Racing Bulls,13.0,,,,,0 days 00:01:23.265000,0 days 00:01:23.077000,,,
2025,Abu Dhabi Grand Prix,Q,12.0,Kimi Antonelli,Mercedes,14.0,,,,,0 days 00:01:22.894000,0 days 00:01:23.080000,,,
2025,Abu Dhabi Grand Prix,Q,18.0,Lance Stroll,Aston Martin,15.0,,,,,0 days 00:01:23.316000,0 days 00:01:23.097000,,,
2025,Abu Dhabi Grand Prix,Q,44.0,Lewis Hamilton,Ferrari,16.0,,,,,0 days 00:01:23.394000,,,,
2025,Abu Dhabi Grand Prix,Q,23.0,Alexander Albon,Williams,17.0,,,,,0 days 00:01:23.416000,,,,
2025,Abu Dhabi Grand Prix,Q,27.0,Nico Hulkenberg,Kick Sauber,18.0,,,,,0 days 00:01:23.450000,,,,
2025,Abu Dhabi Grand Prix,Q,10.0,Pierre Gasly,Alpine,19.0,,,,,0 days 00:01:23.468000,,,,
2025,Abu Dhabi Grand Prix,Q,43.0,Franco Colapinto,Alpine,20.0,,,,,0 days 00:01:23.890000,,,,
2025,Abu Dhabi Grand Prix,R,1.0,Max Verstappen,Red Bull Racing,1.0,1.0,Finished,0 days 02:24:28.203000,25.0,,,,,
2025,Abu Dhabi Grand Prix,R,81.0,Oscar Piastri,McLaren,2.0,3.0,Finished,0 days 02:24:40.797000,18.0,,,,,
2025,Abu Dhabi Grand Prix,R,4.0,Lando Norris,McLaren,3.0,2.0,Finished,0 days 02:24:44.775000,15.0,,,,,
2025,Abu Dhabi Grand Prix,R,16.0,Charles Leclerc,Ferrari,4.0,5.0,Finished,0 days 02:24:51.482000,12.0,,,,,
2025,Abu Dhabi Grand Prix,R,63.0,George Russell,Mercedes,5.0,4.0,Finished,0 days 02:25:16.766000,10.0,,,,,
2025,Abu Dhabi Grand Prix,R,14.0,Fernando Alonso,Aston Martin,6.0,6.0,Finished,0 days 02:25:35.765000,8.0,,,,,
2025,Abu Dhabi Grand Prix,R,31.0,Esteban Ocon,Haas F1 Team,7.0,8.0,Finished,0 days 02:25:38.079000,6.0,,,,,
2025,Abu Dhabi Grand Prix,R,44.0,Lewis Hamilton,Ferrari,8.0,16.0,Finished,0 days 02:25:40.873000,4.0,,,,,
2025,Abu Dhabi Grand Prix,R,27.0,Nico Hulkenberg,Kick Sauber,9.0,18.0,Finished,0 days 02:25:47.217000,2.0,,,,,
2025,Abu Dhabi Grand Prix,R,18.0,Lance Stroll,Aston Martin,10.0,15.0,Finished,0 days 02:25:42.726000,1.0,,,,,
2025,Abu Dhabi Grand Prix,R,5.0,Gabriel Bortoleto,Kick Sauber,11.0,7.0,Finished,0 days 02:25:49.246000,0.0,,,,,
2025,Abu Dhabi Grand Prix,R,87.0,Oliver Bearman,Haas F1 Team,12.0,11.0,Finished,0 days 02:25:44.369000,0.0,,,,,
2025,Abu Dhabi Grand Prix,R,55.0,Carlos Sainz,Williams,13.0,12.0,Finished,0 days 02:25:50.361000,0.0,,,,,
2025,Abu Dhabi Grand Prix,R,22.0,Yuki Tsunoda,Red Bull Racing,14.0,10.0,Finished,0 days 02:25:51.997000,0.0,,,,,
2025,Abu Dhabi Grand Prix,R,12.0,Kimi Antonelli,Mercedes,15.0,14.0,Finished,0 days 02:25:52.602000,0.0,,,,,
2025,Abu Dhabi Grand Prix,R,23.0,Alexander Albon,Williams,16.0,17.0,Finished,0 days 02:25:53.530000,0.0,,,,,
2025,Abu Dhabi Grand Prix,R,6.0,Isack Hadjar,Racing Bulls,17.0,9.0,Lapped,0 days 02:24:29.530000,0.0,,,,,
2025,Abu Dhabi Grand Prix,R,30.0,Liam Lawson,Racing Bulls,18.0,13.0,Lapped,0 days 02:24:32.862000,0.0,,,,,
2025,Abu Dhabi Grand Prix,R,10.0,Pierre Gasly,Alpine,19.0,19.0,Lapped,0 days 02:24:35.111000,0.0,,,,,
2025,Abu Dhabi Grand Prix,R,43.0,Franco Colapinto,Alpine,20.0,20.0,Lapped,0 days 02:24:42.206000,0.0,,,,,
2025,Australian Grand Prix,FP1,4.0,Lando Norris,McLaren,1.0,,,,,,,,0 days 00:01:17.252000,21.0
2025,Australian Grand Prix,FP1,55.0,Carlos Sainz,Williams,2.0,,,,,,,,0 days 00:01:17.401000,25.0
2025,Australian Grand Prix,FP1,16.0,Charles Leclerc,Ferrari,3.0,,,,,,,,0 days 00:01:17.461000,21.0
2025,Australian Grand Prix,FP1,81.0,Oscar Piastri,McLaren,4.0,,,,,,,,0 days 00:01:17.670000,20.0
2025,Australian Grand Prix,FP1,1.0,Max Verstappen,Red Bull Racing,5.0,,,,,,,,0 days 00:01:17.696000,21.0
2025,Australian Grand Prix,FP1,23.0,Alexander Albon,Williams,6.0,,,,,,,,0 days 00:01:17.713000,18.0
2025,Australian Grand Prix,FP1,63.0,George Russell,Mercedes,7.0,,,,,,,,0 days 00:01:17.716000,26.0
2025,Australian Grand Prix,FP1,14.0,Fernando Alonso,Aston Martin,8.0,,,,,,,,0 days 00:01:17.736000,23.0
2025,Australian Grand Prix,FP1,6.0,Isack Hadjar,Racing Bulls,9.0,,,,,,,,0 days 00:01:17.847000,25.0
2025,Australian Grand Prix,FP1,18.0,Lance Stroll,Aston Martin,10.0,,,,,,,,0 days 00:01:18.057000,20.0
2025,Australian Grand Prix,FP1,22.0,Yuki Tsunoda,Racing Bulls,11.0,,,,,,,,0 days 00:01:18.061000,23.0
2025,Australian Grand Prix,FP1,44.0,Lewis Hamilton,Ferrari,12.0,,,,,,,,0 days 00:01:18.071000,20.0
2025,Australian Grand Prix,FP1,7.0,Jack Doohan,Alpine,13.0,,,,,,,,0 days 00:01:18.232000,20.0
2025,Australian Grand Prix,FP1,12.0,Kimi Antonelli,Mercedes,14.0,,,,,,,,0 days 00:01:18.390000,25.0
2025,Australian Grand Prix,FP1,5.0,Gabriel Bortoleto,Kick Sauber,15.0,,,,,,,,0 days 00:01:18.438000,22.0
2025,Australian Grand Prix,FP1,30.0,Liam Lawson,Red Bull Racing,16.0,,,,,,,,0 days 00:01:18.455000,22.0
2025,Australian Grand Prix,FP1,10.0,Pierre Gasly,Alpine,17.0,,,,,,,,0 days 00:01:18.505000,23.0
2025,Australian Grand Prix,FP1,27.0,Nico Hulkenberg,Kick Sauber,18.0,,,,,,,,0 days 00:01:18.586000,18.0
2025,Australian Grand Prix,FP1,31.0,Esteban Ocon,Haas F1 Team,19.0,,,,,,,,0 days 00:01:19.139000,16.0
2025,Australian Grand Prix,FP1,87.0,Oliver Bearman,Haas F1 Team,20.0,,,,,,,,0 days 00:01:19.312000,12.0
2025,Australian Grand Prix,FP2,16.0,Charles Leclerc,Ferrari,1.0,,,,,,,,0 days 00:01:16.439000,32.0
2025,Australian Grand Prix,FP2,81.0,Oscar Piastri,McLaren,2.0,,,,,,,,0 days 00:01:16.563000,30.0
2025,Australian Grand Prix,FP2,4.0,Lando Norris,McLaren,3.0,,,,,,,,0 days 00:01:16.580000,30.0
2025,Australian Grand Prix,FP2,22.0,Yuki Tsunoda,Racing Bulls,4.0,,,,,,,,0 days 00:01:16.784000,29.0
2025,Australian Grand Prix,FP2,44.0,Lewis Hamilton,Ferrari,5.0,,,,,,,,0 days 00:01:16.859000,31.0
2025,Australian Grand Prix,FP2,6.0,Isack Hadjar,Racing Bulls,6.0,,,,,,,,0 days 00:01:17.019000,30.0
2025,Australian Grand Prix,FP2,1.0,Max Verstappen,Red Bull Racing,7.0,,,,,,,,0 days 00:01:17.063000,22.0
2025,Australian Grand Prix,FP2,27.0,Nico Hulkenberg,Kick Sauber,8.0,,,,,,,,0 days 00:01:17.161000,24.0
2025,Australian Grand Prix,FP2,18.0,Lance Stroll,Aston Martin,9.0,,,,,,,,0 days 00:01:17.279000,28.0
2025,Australian Grand Prix,FP2,63.0,George Russell,Mercedes,10.0,,,,,,,,0 days 00:01:17.282000,30.0
2025,Australian Grand Prix,FP2,23.0,Alexander Albon,Williams,11.0,,,,,,,,0 days 00:01:17.302000,28.0
2025,Australian Grand Prix,FP2,55.0,Carlos Sainz,Williams,12.0,,,,,,,,0 days 00:01:17.302000,30.0
2025,Australian Grand Prix,FP2,14.0,Fernando Alonso,Aston Martin,13.0,,,,,,,,0 days 00:01:17.330000,27.0
2025,Australian Grand Prix,FP2,7.0,Jack Doohan,Alpine,14.0,,,,,,,,0 days 00:01:17.394000,30.0
2025,Australian Grand Prix,FP2,10.0,Pierre Gasly,Alpine,15.0,,,,,,,,0 days 00:01:17.493000,30.0
2025,Australian Grand Prix,FP2,12.0,Kimi Antonelli,Mercedes,16.0,,,,,,,,0 days 00:01:17.634000,31.0
2025,Australian Grand Prix,FP2,30.0,Liam Lawson,Red Bull Racing,17.0,,,,,,,,0 days 00:01:17.640000,30.0
2025,Australian Grand Prix,FP2,5.0,Gabriel Bortoleto,Kick Sauber,18.0,,,,,,,,0 days 00:01:17.847000,29.0
2025,Australian Grand Prix,FP2,31.0,Esteban Ocon,Haas F1 Team,19.0,,,,,,,,0 days 00:01:18.034000,31.0
2025,Australian Grand Prix,FP3,81.0,Oscar Piastri,McLaren,1.0,,,,,,,,0 days 00:01:15.921000,16.0
2025,Australian Grand Prix,FP3,63.0,George Russell,Mercedes,2.0,,,,,,,,0 days 00:01:15.960000,17.0
2025,Australian Grand Prix,FP3,1.0,Max Verstappen,Red Bull Racing,3.0,,,,,,,,0 days 00:01:16.002000,18.0
2025,Australian Grand Prix,FP3,16.0,Charles Leclerc,Ferrari,4.0,,,,,,,,0 days 00:01:16.188000,22.0
2025,Australian Grand Prix,FP3,12.0,Kimi Antonelli,Mercedes,5.0,,,,,,,,0 days 00:01:16.206000,20.0
2025,Australian Grand Prix,FP3,55.0,Carlos Sainz,Williams,6.0,,,,,,,,0 days 00:01:16.252000,23.0
2025,Australian Grand Prix,FP3,23.0,Alexander Albon,Williams,7.0,,,,,,,,0 days 00:01:16.258000,21.0
2025,Australian Grand Prix,FP3,44.0,Lewis Hamilton,Ferrari,8.0,,,,,,,,0 days 00:01:16.378000,21.0
2025,Australian Grand Prix,FP3,22.0,Yuki Tsunoda,Racing Bulls,9.0,,,,,,,,0 days 00:01:16.455000,17.0
2025,Australian Grand Prix,FP3,4.0,Lando Norris,McLaren,10.0,,,,,,,,0 days 00:01:16.597000,20.0
2025,Australian Grand Prix,FP3,5.0,Gabriel Bortoleto,Kick Sauber,11.0,,,,,,,,0 days 00:01:16.707000,18.0
2025,Australian Grand Prix,FP3,10.0,Pierre Gasly,Alpine,12.0,,,,,,,,0 days 00:01:16.719000,22.0
2025,Australian Grand Prix,FP3,6.0,Isack Hadjar,Racing Bulls,13.0,,,,,,,,0 days 00:01:16.732000,18.0
2025,Australian Grand Prix,FP3,18.0,Lance Stroll,Aston Martin,14.0,,,,,,,,0 days 00:01:16.948000,22.0
2025,Australian Grand Prix,FP3,7.0,Jack Doohan,Alpine,15.0,,,,,,,,0 days 00:01:16.993000,18.0
2025,Australian Grand Prix,FP3,27.0,Nico Hulkenberg,Kick Sauber,16.0,,,,,,,,0 days 00:01:17.146000,15.0
2025,Australian Grand Prix,FP3,14.0,Fernando Alonso,Aston Martin,17.0,,,,,,,,0 days 00:01:17.270000,22.0
2025,Australian Grand Prix,FP3,31.0,Esteban Ocon,Haas F1 Team,18.0,,,,,,,,0 days 00:01:17.373000,18.0
2025,Australian Grand Prix,FP3,30.0,Liam Lawson,Red Bull Racing,19.0,,,,,,,,0 days 00:01:46.861000,2.0
2025,Australian Grand Prix,FP3,87.0,Oliver Bearman,Haas F1 Team,20.0,,,,,,,,,2.0
2025,Australian Grand Prix,Q,4.0,Lando Norris,McLaren,1.0,,,,,0 days 00:01:15.912000,0 days 00:01:15.415000,0 days 00:01:15.096000,,
2025,Australian Grand Prix,Q,81.0,Oscar Piastri,McLaren,2.0,,,,,0 days 00:01:16.062000,0 days 00:01:15.468000,0 days 00:01:15.180000,,
2025,Australian Grand Prix,Q,1.0,Max Verstappen,Red Bull Racing,3.0,,,,,0 days 00:01:16.018000,0 days 00:01:15.565000,0 days 00:01:15.481000,,
2025,Australian Grand Prix,Q,63.0,George Russell,Mercedes,4.0,,,,,0 days 00:01:15.971000,0 days 00:01:15.798000,0 days 00:01:15.546000,,
2025,Australian Grand Prix,Q,22.0,Yuki Tsunoda,Racing Bulls,5.0,,,,,0 days 00:01:16.225000,0 days 00:01:16.009000,0 days 00:01:15.670000,,
2025,Australian Grand Prix,Q,23.0,Alexander Albon,Williams,6.0,,,,,0 days 00:01:16.245000,0 days 00:01:16.017000,0 days 00:01:15.737000,,
2025,Australian Grand Prix,Q,16.0,Charles Leclerc,Ferrari,7.0,,,,,0 days 00:01:16.029000,0 days 00:01:15.827000,0 days 00:01:15.755000,,
2025,Australian Grand Prix,Q,44.0,Lewis Hamilton,Ferrari,8.0,,,,,0 days 00:01:16.213000,0 days 00:01:15.919000,0 days 00:01:15.973000,,
2025,Australian Grand Prix,Q,10.0,Pierre Gasly,Alpine,9.0,,,,,0 days 00:01:16.328000,0 days 00:01:16.112000,0 days 00:01:15.980000,,
2025,Australian Grand Prix,Q,55.0,Carlos Sainz,Williams,10.0,,,,,0 days 00:01:16.360000,0 days 00:01:15.931000,0 days 00:01:16.062000,,
2025,Australian Grand Prix,Q,6.0,Isack Hadjar,Racing Bulls,11.0,,,,,0 days 00:01:16.354000,0 days 00:01:16.175000,,,
2025,Australian Grand Prix,Q,14.0,Fernando Alonso,Aston Martin,12.0,,,,,0 days 00:01:16.288000,0 days 00:01:16.453000,,,
2025,Australian Grand Prix,Q,18.0,Lance Stroll,Aston Martin,13.0,,,,,0 days 00:01:16.369000,0 days 00:01:16.483000,,,
2025,Australian Grand Prix,Q,7.0,Jack Doohan,Alpine,14.0,,,,,0 days 00:01:16.315000,0 days 00:01:16.863000,,,
2025,Australian Grand Prix,Q,5.0,Gabriel Bortoleto,Kick Sauber,15.0,,,,,0 days 00:01:16.516000,0 days 00:01:17.520000,,,
2025,Australian Grand Prix,Q,12.0,Kimi Antonelli,Mercedes,16.0,,,,,0 days 00:01:16.525000,,,,
2025,Australian Grand Prix,Q,27.0,Nico Hulkenberg,Kick Sauber,17.0,,,,,0 days 00:01:16.579000,,,,
2025,Australian Grand Prix,Q,30.0,Liam Lawson,Red Bull Racing,18.0,,,,,0 days 00:01:17.094000,,,,
2025,Australian Grand Prix,Q,31.0,Esteban Ocon,Haas F1 Team,19.0,,,,,0 days 00:01:17.147000,,,,
2025,Australian Grand Prix,Q,87.0,Oliver Bearman,Haas F1 Team,20.0,,,,,,,,,
2025,Australian Grand Prix,R,4.0,Lando Norris,McLaren,1.0,1.0,Finished,0 days 02:53:06.847000,25.0,,,,,
2025,Australian Grand Prix,R,1.0,Max Verstappen,Red Bull Racing,2.0,3.0,Finished,0 days 02:53:07.749000,18.0,,,,,
2025,Australian Grand Prix,R,63.0,George Russell,Mercedes,3.0,4.0,Finished,0 days 02:53:15.344000,15.0,,,,,
2025,Australian Grand Prix,R,12.0,Kimi Antonelli,Mercedes,4.0,16.0,Finished,0 days 02:53:17.031000,12.0,,,,,
2025,Australian Grand Prix,R,23.0,Alexander Albon,Williams,5.0,6.0,Finished,0 days 02:53:19.669000,10.0,,,,,
2025,Australian Grand Prix,R,18.0,Lance Stroll,Aston Martin,6.0,13.0,Finished,0 days 02:53:24.309000,8.0,,,,,
2025,Australian Grand Prix,R,27.0,Nico Hulkenberg,Kick Sauber,7.0,17.0,Finished,0 days 02:53:25.319000,6.0,,,,,
2025,Australian Grand Prix,R,16.0,Charles Leclerc,Ferrari,8.0,7.0,Finished,0 days 02:53:26.747000,4.0,,,,,
2025,Australian Grand Prix,R,81.0,Oscar Piastri,McLaren,9.0,2.0,Finished,0 days 02:53:27.318000,2.0,,,,,
2025,Australian Grand Prix,R,44.0,Lewis Hamilton,Ferrari,10.0,8.0,Finished,0 days 02:53:29.367000,1.0,,,,,
2025,Australian Grand Prix,R,10.0,Pierre Gasly,Alpine,11.0,9.0,Finished,0 days 02:53:33.398000,0.0,,,,,
2025,Australian Grand Prix,R,22.0,Yuki Tsunoda,Racing Bulls,12.0,5.0,Finished,0 days 02:53:36.816000,0.0,,,,,
2025,Australian Grand Prix,R,31.0,Esteban Ocon,Haas F1 Team,13.0,19.0,Finished,0 days 02:53:40.059000,0.0,,,,,
2025,Australian Grand Prix,R,87.0,Oliver Bearman,Haas F1 Team,14.0,20.0,Finished,0 days 02:53:47.250000,0.0,,,,,
2025,Australian Grand Prix,R,30.0,Liam Lawson,Red Bull Racing,15.0,18.0,Retired,0 days 02:35:41.063000,0.0,,,,,
2025,Australian Grand Prix,R,5.0,Gabriel Bortoleto,Kick Sauber,16.0,15.0,Retired,0 days 02:34:26.249000,0.0,,,,,
2025,Australian Grand Prix,R,14.0,Fernando Alonso,Aston Martin,17.0,12.0,Retired,0 days 02:09:15.055000,0.0,,,,,
2025,Australian Grand Prix,R,55.0,Carlos Sainz,Williams,18.0,10.0,Retired,0 days 01:12:57.726000,0.0,,,,,
2025,Australian Grand Prix,R,7.0,Jack Doohan,Alpine,19.0,14.0,Retired,0 days 01:12:57.726000,0.0,,,,,
2025,Australian Grand Prix,R,6.0,Isack Hadjar,Racing Bulls,20.0,11.0,Retired,0 days 01:12:57.726000,0.0,,,,,
2025,Austrian Grand Prix,FP1,63.0,George Russell,Mercedes,1.0,,,,,,,,0 days 00:01:05.542000,34.0
2025,Austrian Grand Prix,FP1,1.0,Max Verstappen,Red Bull Racing,2.0,,,,,,,,0 days 00:01:05.607000,30.0
2025,Austrian Grand Prix,FP1,81.0,Oscar Piastri,McLaren,3.0,,,,,,,,0 days 00:01:05.697000,33.0
2025,Austrian Grand Prix,FP1,89.0,Alexander Dunne,McLaren,4.0,,,,,,,,0 days 00:01:05.766000,29.0
2025,Austrian Grand Prix,FP1,10.0,Pierre Gasly,Alpine,5.0,,,,,,,,0 days 00:01:05.780000,34.0
2025,Austrian Grand Prix,FP1,5.0,Gabriel Bortoleto,Kick Sauber,6.0,,,,,,,,0 days 00:01:05.874000,35.0
2025,Austrian Grand Prix,FP1,23.0,Alexander Albon,Williams,7.0,,,,,,,,0 days 00:01:05.946000,35.0
2025,Austrian Grand Prix,FP1,55.0,Carlos Sainz,Williams,8.0,,,,,,,,0 days 00:01:06.017000,33.0
2025,Austrian Grand Prix,FP1,44.0,Lewis Hamilton,Ferrari,9.0,,,,,,,,0 days 00:01:06.099000,20.0
2025,Austrian Grand Prix,FP1,6.0,Isack Hadjar,Racing Bulls,10.0,,,,,,,,0 days 00:01:06.110000,33.0
2025,Austrian Grand Prix,FP1,12.0,Kimi Antonelli,Mercedes,11.0,,,,,,,,0 days 00:01:06.130000,35.0
2025,Austrian Grand Prix,FP1,27.0,Nico Hulkenberg,Kick Sauber,12.0,,,,,,,,0 days 00:01:06.140000,32.0
2025,Austrian Grand Prix,FP1,18.0,Lance Stroll,Aston Martin,13.0,,,,,,,,0 days 00:01:06.160000,32.0
2025,Austrian Grand Prix,FP1,14.0,Fernando Alonso,Aston Martin,14.0,,,,,,,,0 days 00:01:06.170000,32.0
2025,Austrian Grand Prix,FP1,30.0,Liam Lawson,Racing Bulls,15.0,,,,,,,,0 days 00:01:06.189000,34.0
2025,Austrian Grand Prix,FP1,43.0,Franco Colapinto,Alpine,16.0,,,,,,,,0 days 00:01:06.246000,34.0
2025,Austrian Grand Prix,FP1,22.0,Yuki Tsunoda,Red Bull Racing,17.0,,,,,,,,0 days 00:01:06.262000,30.0
2025,Austrian Grand Prix,FP1,38.0,Dino Beganovic,Ferrari,18.0,,,,,,,,0 days 00:01:06.369000,32.0
2025,Austrian Grand Prix,FP1,31.0,Esteban Ocon,Haas F1 Team,19.0,,,,,,,,0 days 00:01:06.510000,32.0
2025,Austrian Grand Prix,FP1,87.0,Oliver Bearman,Haas F1 Team,20.0,,,,,,,,0 days 00:01:06.738000,30.0
2025,Austrian Grand Prix,FP2,4.0,Lando Norris,McLaren,1.0,,,,,,,,0 days 00:01:04.580000,35.0
2025,Austrian Grand Prix,FP2,81.0,Oscar Piastri,McLaren,2.0,,,,,,,,0 days 00:01:04.737000,35.0
2025,Austrian Grand Prix,FP2,1.0,Max Verstappen,Red Bull Racing,3.0,,,,,,,,0 days 00:01:04.898000,24.0
2025,Austrian Grand Prix,FP2,18.0,Lance Stroll,Aston Martin,4.0,,,,,,,,0 days 00:01:05.022000,32.0
2025,Austrian Grand Prix,FP2,16.0,Charles Leclerc,Ferrari,5.0,,,,,,,,0 days 00:01:05.190000,32.0
2025,Austrian Grand Prix,FP2,63.0,George Russell,Mercedes,6.0,,,,,,,,0 days 00:01:05.229000,34.0
2025,Austrian Grand Prix,FP2,22.0,Yuki Tsunoda,Red Bull Racing,7.0,,,,,,,,0 days 00:01:05.292000,31.0
2025,Austrian Grand Prix,FP2,5.0,Gabriel Bortoleto,Kick Sauber,8.0,,,,,,,,0 days 00:01:05.411000,31.0
2025,Austrian Grand Prix,FP2,14.0,Fernando Alonso,Aston Martin,9.0,,,,,,,,0 days 00:01:05.457000,31.0
2025,Austrian Grand Prix,FP2,44.0,Lewis Hamilton,Ferrari,10.0,,,,,,,,0 days 00:01:05.511000,34.0
2025,Austrian Grand Prix,FP2,12.0,Kimi Antonelli,Mercedes,11.0,,,,,,,,0 days 00:01:05.537000,35.0
2025,Austrian Grand Prix,FP2,30.0,Liam Lawson,Racing Bulls,12.0,,,,,,,,0 days 00:01:05.543000,31.0
2025,Austrian Grand Prix,FP2,6.0,Isack Hadjar,Racing Bulls,13.0,,,,,,,,0 days 00:01:05.547000,34.0
2025,Austrian Grand Prix,FP2,10.0,Pierre Gasly,Alpine,14.0,,,,,,,,0 days 00:01:05.613000,36.0
2025,Austrian Grand Prix,FP2,31.0,Esteban Ocon,Haas F1 Team,15.0,,,,,,,,0 days 00:01:05.698000,31.0
2025,Austrian Grand Prix,FP2,23.0,Alexander Albon,Williams,16.0,,,,,,,,0 days 00:01:05.765000,37.0
2025,Austrian Grand Prix,FP2,55.0,Carlos Sainz,Williams,17.0,,,,,,,,0 days 00:01:05.814000,37.0
2025,Austrian Grand Prix,FP2,87.0,Oliver Bearman,Haas F1 Team,18.0,,,,,,,,0 days 00:01:05.835000,35.0
2025,Austrian Grand Prix,FP2,27.0,Nico Hulkenberg,Kick Sauber,19.0,,,,,,,,0 days 00:01:05.918000,35.0
2025,Austrian Grand Prix,FP2,43.0,Franco Colapinto,Alpine,20.0,,,,,,,,0 days 00:01:06.176000,34.0
2025,Austrian Grand Prix,FP3,4.0,Lando Norris,McLaren,1.0,,,,,,,,0 days 00:01:04.324000,21.0
2025,Austrian Grand Prix,FP3,81.0,Oscar Piastri,McLaren,2.0,,,,,,,,0 days 00:01:04.442000,20.0
2025,Austrian Grand Prix,FP3,1.0,Max Verstappen,Red Bull Racing,3.0,,,,,,,,0 days 00:01:04.534000,28.0
2025,Austrian Grand Prix,FP3,16.0,Charles Leclerc,Ferrari,4.0,,,,,,,,0 days 00:01:04.574000,20.0
2025,Austrian Grand Prix,FP3,44.0,Lewis Hamilton,Ferrari,5.0,,,,,,,,0 days 00:01:04.790000,23.0
2025,Austrian Grand Prix,FP3,63.0,George Russell,Mercedes,6.0,,,,,,,,0 days 00:01:05.018000,18.0
2025,Austrian Grand Prix,FP3,12.0,Kimi Antonelli,Mercedes,7.0,,,,,,,,0 days 00:01:05.053000,18.0
2025,Austrian Grand Prix,FP3,18.0,Lance Stroll,Aston Martin,8.0,,,,,,,,0 days 00:01:05.062000,20.0
2025,Austrian Grand Prix,FP3,22.0,Yuki Tsunoda,Red Bull Racing,9.0,,,,,,,,0 days 00:01:05.139000,17.0
2025,Austrian Grand Prix,FP3,5.0,Gabriel Bortoleto,Kick Sauber,10.0,,,,,,,,0 days 00:01:05.182000,18.0
2025,Austrian Grand Prix,FP3,30.0,Liam Lawson,Racing Bulls,11.0,,,,,,,,0 days 00:01:05.182000,19.0
2025,Austrian Grand Prix,FP3,14.0,Fernando Alonso,Aston Martin,12.0,,,,,,,,0 days 00:01:05.243000,21.0
2025,Austrian Grand Prix,FP3,27.0,Nico Hulkenberg,Kick Sauber,13.0,,,,,,,,0 days 00:01:05.283000,18.0
2025,Austrian Grand Prix,FP3,23.0,Alexander Albon,Williams,14.0,,,,,,,,0 days 00:01:05.314000,22.0
2025,Austrian Grand Prix,FP3,55.0,Carlos Sainz,Williams,15.0,,,,,,,,0 days 00:01:05.326000,21.0
2025,Austrian Grand Prix,FP3,10.0,Pierre Gasly,Alpine,16.0,,,,,,,,0 days 00:01:05.366000,26.0
2025,Austrian Grand Prix,FP3,87.0,Oliver Bearman,Haas F1 Team,17.0,,,,,,,,0 days 00:01:05.366000,21.0
2025,Austrian Grand Prix,FP3,31.0,Esteban Ocon,Haas F1 Team,18.0,,,,,,,,0 days 00:01:05.519000,21.0
2025,Austrian Grand Prix,FP3,43.0,Franco Colapinto,Alpine,19.0,,,,,,,,0 days 00:01:05.546000,26.0
2025,Austrian Grand Prix,FP3,6.0,Isack Hadjar,Racing Bulls,20.0,,,,,,,,0 days 00:01:06.023000,18.0
2025,Austrian Grand Prix,Q,4.0,Lando Norris,McLaren,1.0,,,,,0 days 00:01:04.672000,0 days 00:01:04.410000,0 days 00:01:03.971000,,
2025,Austrian Grand Prix,Q,16.0,Charles Leclerc,Ferrari,2.0,,,,,0 days 00:01:05.197000,0 days 00:01:04.734000,0 days 00:01:04.492000,,
2025,Austrian Grand Prix,Q,81.0,Oscar Piastri,McLaren,3.0,,,,,0 days 00:01:04.966000,0 days 00:01:04.556000,0 days 00:01:04.554000,,
2025,Austrian Grand Prix,Q,44.0,Lewis Hamilton,Ferrari,4.0,,,,,0 days 00:01:05.115000,0 days 00:01:04.896000,0 days 00:01:04.582000,,
2025,Austrian Grand Prix,Q,63.0,George Russell,Mercedes,5.0,,,,,0 days 00:01:05.189000,0 days 00:01:04.860000,0 days 00:01:04.763000,,
2025,Austrian Grand Prix,Q,30.0,Liam Lawson,Racing Bulls,6.0,,,,,0 days 00:01:05.017000,0 days 00:01:05.041000,0 days 00:01:04.926000,,
2025,Austrian Grand Prix,Q,1.0,Max Verstappen,Red Bull Racing,7.0,,,,,0 days 00:01:05.106000,0 days 00:01:04.836000,0 days 00:01:04.929000,,
2025,Austrian Grand Prix,Q,5.0,Gabriel Bortoleto,Kick Sauber,8.0,,,,,0 days 00:01:05.123000,0 days 00:01:04.846000,0 days 00:01:05.132000,,
2025,Austrian Grand Prix,Q,12.0,Kimi Antonelli,Mercedes,9.0,,,,,0 days 00:01:05.178000,0 days 00:01:05.052000,0 days 00:01:05.276000,,
2025,Austrian Grand Prix,Q,10.0,Pierre Gasly,Alpine,10.0,,,,,0 days 00:01:05.054000,0 days 00:01:04.846000,0 days 00:01:05.649000,,
2025,Austrian Grand Prix,Q,14.0,Fernando Alonso,Aston Martin,11.0,,,,,0 days 00:01:05.197000,0 days 00:01:05.128000,,,
2025,Austrian Grand Prix,Q,23.0,Alexander Albon,Williams,12.0,,,,,0 days 00:01:05.143000,0 days 00:01:05.205000,,,
2025,Austrian Grand Prix,Q,6.0,Isack Hadjar,Racing Bulls,13.0,,,,,0 days 00:01:05.063000,0 days 00:01:05.226000,,,
2025,Austrian Grand Prix,Q,43.0,Franco Colapinto,Alpine,14.0,,,,,0 days 00:01:05.278000,0 days 00:01:05.288000,,,
2025,Austrian Grand Prix,Q,87.0,Oliver Bearman,Haas F1 Team,15.0,,,,,0 days 00:01:05.218000,0 days 00:01:05.312000,,,
2025,Austrian Grand Prix,Q,18.0,Lance Stroll,Aston Martin,16.0,,,,,0 days 00:01:05.329000,,,,
2025,Austrian Grand Prix,Q,31.0,Esteban Ocon,Haas F1 Team,17.0,,,,,0 days 00:01:05.364000,,,,
2025,Austrian Grand Prix,Q,22.0,Yuki Tsunoda,Red Bull Racing,18.0,,,,,0 days 00:01:05.369000,,,,
2025,Austrian Grand Prix,Q,55.0,Carlos Sainz,Williams,19.0,,,,,0 days 00:01:05.582000,,,,
2025,Austrian Grand Prix,Q,27.0,Nico Hulkenberg,Kick Sauber,20.0,,,,,0 days 00:01:05.606000,,,,
2025,Austrian Grand Prix,R,4.0,Lando Norris,McLaren,1.0,1.0,Finished,0 days 02:34:56.244000,25.0,,,,,
2025,Austrian Grand Prix,R,81.0,Oscar Piastri,McLaren,2.0,3.0,Finished,0 days 02:34:58.939000,18.0,,,,,
2025,Austrian Grand Prix,R,16.0,Charles Leclerc,Ferrari,3.0,2.0,Finished,0 days 02:35:16.064000,15.0,,,,,
2025,Austrian Grand Prix,R,44.0,Lewis Hamilton,Ferrari,4.0,4.0,Finished,0 days 02:35:25.264000,12.0,,,,,
2025,Austrian Grand Prix,R,63.0,George Russell,Mercedes,5.0,5.0,Finished,0 days 02:35:58.640000,10.0,,,,,
2025,Austrian Grand Prix,R,30.0,Liam Lawson,Racing Bulls,6.0,6.0,Finished,0 days 02:36:03.998000,8.0,,,,,
2025,Austrian Grand Prix,R,14.0,Fernando Alonso,Aston Martin,7.0,11.0,Lapped,0 days 02:34:57.681000,6.0,,,,,
2025,Austrian Grand Prix,R,5.0,Gabriel Bortoleto,Kick Sauber,8.0,8.0,Lapped,0 days 02:34:58.196000,4.0,,,,,
2025,Austrian Grand Prix,R,27.0,Nico Hulkenberg,Kick Sauber,9.0,20.0,Lapped,0 days 02:35:03.964000,2.0,,,,,
2025,Austrian Grand Prix,R,31.0,Esteban Ocon,Haas F1 Team,10.0,17.0,Lapped,0 days 02:35:06.230000,1.0,,,,,
2025,Austrian Grand Prix,R,87.0,Oliver Bearman,Haas F1 Team,11.0,15.0,Lapped,0 days 02:35:21.098000,0.0,,,,,
2025,Austrian Grand Prix,R,6.0,Isack Hadjar,Racing Bulls,12.0,13.0,Lapped,0 days 02:35:24.201000,0.0,,,,,
2025,Austrian Grand Prix,R,10.0,Pierre Gasly,Alpine,13.0,10.0,Lapped,0 days 02:35:29.299000,0.0,,,,,
2025,Austrian Grand Prix,R,18.0,Lance Stroll,Aston Martin,14.0,16.0,Lapped,0 days 02:35:30.706000,0.0,,,,,
2025,Austrian Grand Prix,R,43.0,Franco Colapinto,Alpine,15.0,14.0,Lapped,0 days 02:35:33.936000,0.0,,,,,
2025,Austrian Grand Prix,R,22.0,Yuki Tsunoda,Red Bull Racing,16.0,18.0,Lapped,0 days 02:34:59.223000,0.0,,,,,
2025,Austrian Grand Prix,R,23.0,Alexander Albon,Williams,17.0,12.0,Retired,0 days 01:31:08.779000,0.0,,,,,
2025,Austrian Grand Prix,R,1.0,Max Verstappen,Red Bull Racing,18.0,7.0,Retired,0 days 01:12:37.412000,0.0,,,,,
2025,Austrian Grand Prix,R,12.0,Kimi Antonelli,Mercedes,19.0,9.0,Retired,0 days 01:12:37.412000,0.0,,,,,
2025,Austrian Grand Prix,R,55.0,Carlos Sainz,Williams,20.0,19.0,Did not start,,0.0,,,,,
2025,Azerbaijan Grand Prix,FP1,4.0,Lando Norris,McLaren,1.0,,,,,,,,0 days 00:01:42.704000,19.0
2025,Azerbaijan Grand Prix,FP1,81.0,Oscar Piastri,McLaren,2.0,,,,,,,,0 days 00:01:43.014000,14.0
2025,Azerbaijan Grand Prix,FP1,16.0,Charles Leclerc,Ferrari,3.0,,,,,,,,0 days 00:01:43.256000,17.0
2025,Azerbaijan Grand Prix,FP1,63.0,George Russell,Mercedes,4.0,,,,,,,,0 days 00:01:43.257000,16.0
2025,Azerbaijan Grand Prix,FP1,23.0,Alexander Albon,Williams,5.0,,,,,,,,0 days 00:01:43.563000,17.0
2025,Azerbaijan Grand Prix,FP1,22.0,Yuki Tsunoda,Red Bull Racing,6.0,,,,,,,,0 days 00:01:43.738000,16.0
2025,Azerbaijan Grand Prix,FP1,1.0,Max Verstappen,Red Bull Racing,7.0,,,,,,,,0 days 00:01:43.790000,15.0
2025,Azerbaijan Grand Prix,FP1,55.0,Carlos Sainz,Williams,8.0,,,,,,,,0 days 00:01:43.859000,17.0
2025,Azerbaijan Grand Prix,FP1,30.0,Liam Lawson,Racing Bulls,9.0,,,,,,,,0 days 00:01:43.903000,17.0
2025,Azerbaijan Grand Prix,FP1,6.0,Isack Hadjar,Racing Bulls,10.0,,,,,,,,0 days 00:01:43.975000,17.0
2025,Azerbaijan Grand Prix,FP1,12.0,Kimi Antonelli,Mercedes,11.0,,,,,,,,0 days 00:01:43.985000,17.0
2025,Azerbaijan Grand Prix,FP1,27.0,Nico Hulkenberg,Kick Sauber,12.0,,,,,,,,0 days 00:01:43.986000,18.0
2025,Azerbaijan Grand Prix,FP1,44.0,Lewis Hamilton,Ferrari,13.0,,,,,,,,0 days 00:01:44.087000,14.0
2025,Azerbaijan Grand Prix,FP1,5.0,Gabriel Bortoleto,Kick Sauber,14.0,,,,,,,,0 days 00:01:44.087000,18.0
2025,Azerbaijan Grand Prix,FP1,14.0,Fernando Alonso,Aston Martin,15.0,,,,,,,,0 days 00:01:44.139000,15.0
2025,Azerbaijan Grand Prix,FP1,87.0,Oliver Bearman,Haas F1 Team,16.0,,,,,,,,0 days 00:01:44.151000,17.0
2025,Azerbaijan Grand Prix,FP1,18.0,Lance Stroll,Aston Martin,17.0,,,,,,,,0 days 00:01:44.329000,15.0
2025,Azerbaijan Grand Prix,FP1,31.0,Esteban Ocon,Haas F1 Team,18.0,,,,,,,,0 days 00:01:44.439000,15.0
2025,Azerbaijan Grand Prix,FP1,43.0,Franco Colapinto,Alpine,19.0,,,,,,,,0 days 00:01:45.299000,14.0
2025,Azerbaijan Grand Prix,FP1,10.0,Pierre Gasly,Alpine,20.0,,,,,,,,0 days 00:01:45.418000,17.0
2025,Azerbaijan Grand Prix,FP2,44.0,Lewis Hamilton,Ferrari,1.0,,,,,,,,0 days 00:01:41.293000,21.0
2025,Azerbaijan Grand Prix,FP2,16.0,Charles Leclerc,Ferrari,2.0,,,,,,,,0 days 00:01:41.367000,23.0
2025,Azerbaijan Grand Prix,FP2,63.0,George Russell,Mercedes,3.0,,,,,,,,0 days 00:01:41.770000,19.0
2025,Azerbaijan Grand Prix,FP2,12.0,Kimi Antonelli,Mercedes,4.0,,,,,,,,0 days 00:01:41.779000,22.0
2025,Azerbaijan Grand Prix,FP2,87.0,Oliver Bearman,Haas F1 Team,5.0,,,,,,,,0 days 00:01:41.891000,23.0
2025,Azerbaijan Grand Prix,FP2,1.0,Max Verstappen,Red Bull Racing,6.0,,,,,,,,0 days 00:01:41.902000,22.0
2025,Azerbaijan Grand Prix,FP2,30.0,Liam Lawson,Racing Bulls,7.0,,,,,,,,0 days 00:01:41.989000,22.0
2025,Azerbaijan Grand Prix,FP2,31.0,Esteban Ocon,Haas F1 Team,8.0,,,,,,,,0 days 00:01:42.167000,23.0
2025,Azerbaijan Grand Prix,FP2,23.0,Alexander Albon,Williams,9.0,,,,,,,,0 days 00:01:42.177000,24.0
2025,Azerbaijan Grand Prix,FP2,4.0,Lando Norris,McLaren,10.0,,,,,,,,0 days 00:01:42.199000,7.0
2025,Azerbaijan Grand Prix,FP2,55.0,Carlos Sainz,Williams,11.0,,,,,,,,0 days 00:01:42.255000,24.0
2025,Azerbaijan Grand Prix,FP2,81.0,Oscar Piastri,McLaren,12.0,,,,,,,,0 days 00:01:42.295000,23.0
2025,Azerbaijan Grand Prix,FP2,6.0,Isack Hadjar,Racing Bulls,13.0,,,,,,,,0 days 00:01:42.443000,23.0
2025,Azerbaijan Grand Prix,FP2,22.0,Yuki Tsunoda,Red Bull Racing,14.0,,,,,,,,0 days 00:01:42.444000,22.0
2025,Azerbaijan Grand Prix,FP2,5.0,Gabriel Bortoleto,Kick Sauber,15.0,,,,,,,,0 days 00:01:42.561000,22.0
2025,Azerbaijan Grand Prix,FP2,10.0,Pierre Gasly,Alpine,16.0,,,,,,,,0 days 00:01:42.674000,22.0
2025,Azerbaijan Grand Prix,FP2,18.0,Lance Stroll,Aston Martin,17.0,,,,,,,,0 days 00:01:42.771000,24.0
2025,Azerbaijan Grand Prix,FP2,27.0,Nico Hulkenberg,Kick Sauber,18.0,,,,,,,,0 days 00:01:42.820000,22.0
2025,Azerbaijan Grand Prix,FP2,14.0,Fernando Alonso,Aston Martin,19.0,,,,,,,,0 days 00:01:42.967000,24.0
2025,Azerbaijan Grand Prix,FP2,43.0,Franco Colapinto,Alpine,20.0,,,,,,,,0 days 00:01:43.322000,22.0
2025,Azerbaijan Grand Prix,FP3,4.0,Lando Norris,McLaren,1.0,,,,,,,,0 days 00:01:41.223000,19.0
2025,Azerbaijan Grand Prix,FP3,1.0,Max Verstappen,Red Bull Racing,2.0,,,,,,,,0 days 00:01:41.445000,19.0
2025,Azerbaijan Grand Prix,FP3,81.0,Oscar Piastri,McLaren,3.0,,,,,,,,0 days 00:01:41.477000,21.0
2025,Azerbaijan Grand Prix,FP3,44.0,Lewis Hamilton,Ferrari,4.0,,,,,,,,0 days 00:01:41.499000,18.0
2025,Azerbaijan Grand Prix,FP3,12.0,Kimi Antonelli,Mercedes,5.0,,,,,,,,0 days 00:01:41.876000,17.0
2025,Azerbaijan Grand Prix,FP3,63.0,George Russell,Mercedes,6.0,,,,,,,,0 days 00:01:41.964000,17.0
2025,Azerbaijan Grand Prix,FP3,23.0,Alexander Albon,Williams,7.0,,,,,,,,0 days 00:01:41.983000,19.0
2025,Azerbaijan Grand Prix,FP3,87.0,Oliver Bearman,Haas F1 Team,8.0,,,,,,,,0 days 00:01:41.985000,23.0
2025,Azerbaijan Grand Prix,FP3,30.0,Liam Lawson,Racing Bulls,9.0,,,,,,,,0 days 00:01:42.146000,21.0
2025,Azerbaijan Grand Prix,FP3,16.0,Charles Leclerc,Ferrari,10.0,,,,,,,,0 days 00:01:42.209000,19.0
2025,Azerbaijan Grand Prix,FP3,6.0,Isack Hadjar,Racing Bulls,11.0,,,,,,,,0 days 00:01:42.267000,22.0
2025,Azerbaijan Grand Prix,FP3,27.0,Nico Hulkenberg,Kick Sauber,12.0,,,,,,,,0 days 00:01:42.428000,17.0
2025,Azerbaijan Grand Prix,FP3,55.0,Carlos Sainz,Williams,13.0,,,,,,,,0 days 00:01:42.486000,17.0
2025,Azerbaijan Grand Prix,FP3,14.0,Fernando Alonso,Aston Martin,14.0,,,,,,,,0 days 00:01:42.591000,17.0
2025,Azerbaijan Grand Prix,FP3,43.0,Franco Colapinto,Alpine,15.0,,,,,,,,0 days 00:01:42.789000,19.0
2025,Azerbaijan Grand Prix,FP3,22.0,Yuki Tsunoda,Red Bull Racing,16.0,,,,,,,,0 days 00:01:42.840000,18.0
2025,Azerbaijan Grand Prix,FP3,31.0,Esteban Ocon,Haas F1 Team,17.0,,,,,,,,0 days 00:01:42.868000,20.0
2025,Azerbaijan Grand Prix,FP3,5.0,Gabriel Bortoleto,Kick Sauber,18.0,,,,,,,,0 days 00:01:43.060000,16.0
2025,Azerbaijan Grand Prix,FP3,10.0,Pierre Gasly,Alpine,19.0,,,,,,,,0 days 00:01:43.322000,21.0
2025,Azerbaijan Grand Prix,FP3,18.0,Lance Stroll,Aston Martin,20.0,,,,,,,,0 days 00:01:43.350000,17.0
2025,Azerbaijan Grand Prix,Q,1.0,Max Verstappen,Red Bull Racing,1.0,,,,,0 days 00:01:41.331000,0 days 00:01:41.255000,0 days 00:01:41.117000,,
2025,Azerbaijan Grand Prix,Q,55.0,Carlos Sainz,Williams,2.0,,,,,0 days 00:01:42.635000,0 days 00:01:41.675000,0 days 00:01:41.595000,,
2025,Azerbaijan Grand Prix,Q,30.0,Liam Lawson,Racing Bulls,3.0,,,,,0 days 00:01:42.257000,0 days 00:01:41.537000,0 days 00:01:41.707000,,
2025,Azerbaijan Grand Prix,Q,12.0,Kimi Antonelli,Mercedes,4.0,,,,,0 days 00:01:42.247000,0 days 00:01:41.464000,0 days 00:01:41.717000,,
2025,Azerbaijan Grand Prix,Q,63.0,George Russell,Mercedes,5.0,,,,,0 days 00:01:41.646000,0 days 00:01:41.455000,0 days 00:01:42.070000,,
2025,Azerbaijan Grand Prix,Q,22.0,Yuki Tsunoda,Red Bull Racing,6.0,,,,,0 days 00:01:42.347000,0 days 00:01:41.788000,0 days 00:01:42.143000,,
2025,Azerbaijan Grand Prix,Q,4.0,Lando Norris,McLaren,7.0,,,,,0 days 00:01:41.322000,0 days 00:01:41.396000,0 days 00:01:42.239000,,
2025,Azerbaijan Grand Prix,Q,6.0,Isack Hadjar,Racing Bulls,8.0,,,,,0 days 00:01:41.656000,0 days 00:01:41.647000,0 days 00:01:42.372000,,
2025,Azerbaijan Grand Prix,Q,81.0,Oscar Piastri,McLaren,9.0,,,,,0 days 00:01:41.839000,0 days 00:01:41.414000,,,
2025,Azerbaijan Grand Prix,Q,16.0,Charles Leclerc,Ferrari,10.0,,,,,0 days 00:01:41.458000,0 days 00:01:41.519000,,,
2025,Azerbaijan Grand Prix,Q,14.0,Fernando Alonso,Aston Martin,11.0,,,,,0 days 00:01:42.211000,0 days 00:01:41.857000,,,
2025,Azerbaijan Grand Prix,Q,44.0,Lewis Hamilton,Ferrari,12.0,,,,,0 days 00:01:41.821000,0 days 00:01:42.183000,,,
2025,Azerbaijan Grand Prix,Q,5.0,Gabriel Bortoleto,Kick Sauber,13.0,,,,,0 days 00:01:42.511000,0 days 00:01:42.277000,,,
2025,Azerbaijan Grand Prix,Q,18.0,Lance Stroll,Aston Martin,14.0,,,,,0 days 00:01:42.101000,0 days 00:01:43.061000,,,
2025,Azerbaijan Grand Prix,Q,87.0,Oliver Bearman,Haas F1 Team,15.0,,,,,0 days 00:01:42.666000,,,,
2025,Azerbaijan Grand Prix,Q,43.0,Franco Colapinto,Alpine,16.0,,,,,0 days 00:01:42.779000,,,,
2025,Azerbaijan Grand Prix,Q,27.0,Nico Hulkenberg,Kick Sauber,17.0,,,,,0 days 00:01:42.916000,,,,
2025,Azerbaijan Grand Prix,Q,10.0,Pierre Gasly,Alpine,18.0,,,,,0 days 00:01:43.139000,,,,
2025,Azerbaijan Grand Prix,Q,23.0,Alexander Albon,Williams,19.0,,,,,0 days 00:01:43.778000,,,,
2025,Azerbaijan Grand Prix,Q,31.0,Esteban Ocon,Haas F1 Team,20.0,,,,,,,,,
2025,Azerbaijan Grand Prix,R,1.0,Max Verstappen,Red Bull Racing,1.0,1.0,Finished,0 days 02:30:54.123000,25.0,,,,,
2025,Azerbaijan Grand Prix,R,63.0,George Russell,Mercedes,2.0,5.0,Finished,0 days 02:31:08.837000,18.0,,,,,
2025,Azerbaijan Grand Prix,R,55.0,Carlos Sainz,Williams,3.0,2.0,Finished,0 days 02:31:13.403000,15.0,,,,,
2025,Azerbaijan Grand Prix,R,12.0,Kimi Antonelli,Mercedes,4.0,4.0,Finished,0 days 02:31:15.984000,12.0,,,,,
2025,Azerbaijan Grand Prix,R,30.0,Liam Lawson,Racing Bulls,5.0,3.0,Finished,0 days 02:31:27.464000,10.0,,,,,
2025,Azerbaijan Grand Prix,R,22.0,Yuki Tsunoda,Red Bull Racing,6.0,6.0,Finished,0 days 02:31:28.065000,8.0,,,,,
2025,Azerbaijan Grand Prix,R,4.0,Lando Norris,McLaren,7.0,7.0,Finished,0 days 02:31:28.424000,6.0,,,,,
2025,Azerbaijan Grand Prix,R,44.0,Lewis Hamilton,Ferrari,8.0,12.0,Finished,0 days 02:31:30.456000,4.0,,,,,
2025,Azerbaijan Grand Prix,R,16.0,Charles Leclerc,Ferrari,9.0,10.0,Finished,0 days 02:31:31,2.0,,,,,
2025,Azerbaijan Grand Prix,R,6.0,Isack Hadjar,Racing Bulls,10.0,8.0,Finished,0 days 02:31:33.102000,1.0,,,,,
2025,Azerbaijan Grand Prix,R,5.0,Gabriel Bortoleto,Kick Sauber,11.0,13.0,Finished,0 days 02:32:01.767000,0.0,,,,,
2025,Azerbaijan Grand Prix,R,87.0,Oliver Bearman,Haas F1 Team,12.0,15.0,Finished,0 days 02:32:02.420000,0.0,,,,,
2025,Azerbaijan Grand Prix,R,23.0,Alexander Albon,Williams,13.0,19.0,Finished,0 days 02:31:57.015000,0.0,,,,,
2025,Azerbaijan Grand Prix,R,31.0,Esteban Ocon,Haas F1 Team,14.0,20.0,Finished,0 days 02:32:11.703000,0.0,,,,,
2025,Azerbaijan Grand Prix,R,14.0,Fernando Alonso,Aston Martin,15.0,11.0,Finished,0 days 02:32:12.901000,0.0,,,,,
2025,Azerbaijan Grand Prix,R,27.0,Nico Hulkenberg,Kick Sauber,16.0,17.0,Finished,0 days 02:32:14.376000,0.0,,,,,
2025,Azerbaijan Grand Prix,R,18.0,Lance Stroll,Aston Martin,17.0,14.0,Finished,0 days 02:32:30.603000,0.0,,,,,
2025,Azerbaijan Grand Prix,R,10.0,Pierre Gasly,Alpine,18.0,18.0,Lapped,0 days 02:30:57.979000,0.0,,,,,
2025,Azerbaijan Grand Prix,R,43.0,Franco Colapinto,Alpine,19.0,16.0,Lapped,0 days 02:31:00.521000,0.0,,,,,
2025,Azerbaijan Grand Prix,R,81.0,Oscar Piastri,McLaren,20.0,9.0,Retired,0 days 00:59:36.467000,0.0,,,,,
2025,Bahrain Grand Prix,FP1,4.0,Lando Norris,McLaren,1.0,,,,,,,,0 days 00:01:33.204000,23.0
2025,Bahrain Grand Prix,FP1,10.0,Pierre Gasly,Alpine,2.0,,,,,,,,0 days 00:01:33.442000,23.0
2025,Bahrain Grand Prix,FP1,44.0,Lewis Hamilton,Ferrari,3.0,,,,,,,,0 days 00:01:33.800000,23.0
2025,Bahrain Grand Prix,FP1,23.0,Alexander Albon,Williams,4.0,,,,,,,,0 days 00:01:33.928000,24.0
2025,Bahrain Grand Prix,FP1,31.0,Esteban Ocon,Haas F1 Team,5.0,,,,,,,,0 days 00:01:34.184000,19.0
2025,Bahrain Grand Prix,FP1,27.0,Nico Hulkenberg,Kick Sauber,6.0,,,,,,,,0 days 00:01:34.262000,24.0
2025,Bahrain Grand Prix,FP1,7.0,Jack Doohan,Alpine,7.0,,,,,,,,0 days 00:01:34.396000,23.0
2025,Bahrain Grand Prix,FP1,30.0,Liam Lawson,Racing Bulls,8.0,,,,,,,,0 days 00:01:34.397000,23.0
2025,Bahrain Grand Prix,FP1,22.0,Yuki Tsunoda,Red Bull Racing,9.0,,,,,,,,0 days 00:01:34.484000,23.0
2025,Bahrain Grand Prix,FP1,81.0,Oscar Piastri,McLaren,10.0,,,,,,,,0 days 00:01:34.508000,25.0
2025,Bahrain Grand Prix,FP1,5.0,Gabriel Bortoleto,Kick Sauber,11.0,,,,,,,,0 days 00:01:34.628000,23.0
2025,Bahrain Grand Prix,FP1,6.0,Isack Hadjar,Racing Bulls,12.0,,,,,,,,0 days 00:01:34.667000,22.0
2025,Bahrain Grand Prix,FP1,46.0,Luke Browning,Williams,13.0,,,,,,,,0 days 00:01:34.885000,20.0
2025,Bahrain Grand Prix,FP1,38.0,Dino Beganovic,Ferrari,14.0,,,,,,,,0 days 00:01:35.055000,20.0
2025,Bahrain Grand Prix,FP1,18.0,Lance Stroll,Aston Martin,15.0,,,,,,,,0 days 00:01:35.116000,23.0
2025,Bahrain Grand Prix,FP1,34.0,Felipe Drugovich,Aston Martin,16.0,,,,,,,,0 days 00:01:35.198000,19.0
2025,Bahrain Grand Prix,FP1,50.0,Ryo Hirakawa,Haas F1 Team,17.0,,,,,,,,0 days 00:01:35.261000,20.0
2025,Bahrain Grand Prix,FP1,72.0,Frederik Vesti,Mercedes,18.0,,,,,,,,0 days 00:01:35.325000,26.0
2025,Bahrain Grand Prix,FP1,37.0,Ayumu Iwasa,Red Bull Racing,19.0,,,,,,,,0 days 00:01:35.475000,20.0
2025,Bahrain Grand Prix,FP1,12.0,Kimi Antonelli,Mercedes,20.0,,,,,,,,0 days 00:01:38.051000,3.0
2025,Bahrain Grand Prix,FP2,81.0,Oscar Piastri,McLaren,1.0,,,,,,,,0 days 00:01:30.505000,29.0
2025,Bahrain Grand Prix,FP2,4.0,Lando Norris,McLaren,2.0,,,,,,,,0 days 00:01:30.659000,28.0
2025,Bahrain Grand Prix,FP2,63.0,George Russell,Mercedes,3.0,,,,,,,,0 days 00:01:31.032000,25.0
2025,Bahrain Grand Prix,FP2,16.0,Charles Leclerc,Ferrari,4.0,,,,,,,,0 days 00:01:31.045000,27.0
2025,Bahrain Grand Prix,FP2,12.0,Kimi Antonelli,Mercedes,5.0,,,,,,,,0 days 00:01:31.227000,27.0
2025,Bahrain Grand Prix,FP2,6.0,Isack Hadjar,Racing Bulls,6.0,,,,,,,,0 days 00:01:31.238000,24.0
2025,Bahrain Grand Prix,FP2,1.0,Max Verstappen,Red Bull Racing,7.0,,,,,,,,0 days 00:01:31.330000,27.0
2025,Bahrain Grand Prix,FP2,44.0,Lewis Hamilton,Ferrari,8.0,,,,,,,,0 days 00:01:31.576000,23.0
2025,Bahrain Grand Prix,FP2,87.0,Oliver Bearman,Haas F1 Team,9.0,,,,,,,,0 days 00:01:31.584000,27.0
2025,Bahrain Grand Prix,FP2,55.0,Carlos Sainz,Williams,10.0,,,,,,,,0 days 00:01:31.623000,28.0
2025,Bahrain Grand Prix,FP2,23.0,Alexander Albon,Williams,11.0,,,,,,,,0 days 00:01:31.696000,29.0
2025,Bahrain Grand Prix,FP2,30.0,Liam Lawson,Racing Bulls,12.0,,,,,,,,0 days 00:01:31.706000,27.0
2025,Bahrain Grand Prix,FP2,5.0,Gabriel Bortoleto,Kick Sauber,13.0,,,,,,,,0 days 00:01:31.772000,25.0
2025,Bahrain Grand Prix,FP2,7.0,Jack Doohan,Alpine,14.0,,,,,,,,0 days 00:01:31.788000,27.0
2025,Bahrain Grand Prix,FP2,14.0,Fernando Alonso,Aston Martin,15.0,,,,,,,,0 days 00:01:31.825000,19.0
2025,Bahrain Grand Prix,FP2,31.0,Esteban Ocon,Haas F1 Team,16.0,,,,,,,,0 days 00:01:31.870000,27.0
2025,Bahrain Grand Prix,FP2,10.0,Pierre Gasly,Alpine,17.0,,,,,,,,0 days 00:01:31.947000,27.0
2025,Bahrain Grand Prix,FP2,22.0,Yuki Tsunoda,Red Bull Racing,18.0,,,,,,,,0 days 00:01:32.024000,25.0
2025,Bahrain Grand Prix,FP2,18.0,Lance Stroll,Aston Martin,19.0,,,,,,,,0 days 00:01:32.382000,27.0
2025,Bahrain Grand Prix,FP2,27.0,Nico Hulkenberg,Kick Sauber,20.0,,,,,,,,0 days 00:01:32.496000,24.0
2025,Bahrain Grand Prix,FP3,81.0,Oscar Piastri,McLaren,1.0,,,,,,,,0 days 00:01:31.646000,13.0
2025,Bahrain Grand Prix,FP3,4.0,Lando Norris,McLaren,2.0,,,,,,,,0 days 00:01:32.314000,18.0
2025,Bahrain Grand Prix,FP3,16.0,Charles Leclerc,Ferrari,3.0,,,,,,,,0 days 00:01:32.480000,19.0
2025,Bahrain Grand Prix,FP3,63.0,George Russell,Mercedes,4.0,,,,,,,,0 days 00:01:32.827000,13.0
2025,Bahrain Grand Prix,FP3,12.0,Kimi Antonelli,Mercedes,5.0,,,,,,,,0 days 00:01:32.916000,12.0
2025,Bahrain Grand Prix,FP3,10.0,Pierre Gasly,Alpine,6.0,,,,,,,,0 days 00:01:32.974000,18.0
2025,Bahrain Grand Prix,FP3,6.0,Isack Hadjar,Racing Bulls,7.0,,,,,,,,0 days 00:01:33.023000,15.0
2025,Bahrain Grand Prix,FP3,1.0,Max Verstappen,Red Bull Racing,8.0,,,,,,,,0 days 00:01:33.027000,13.0
2025,Bahrain Grand Prix,FP3,55.0,Carlos Sainz,Williams,9.0,,,,,,,,0 days 00:01:33.092000,15.0
2025,Bahrain Grand Prix,FP3,44.0,Lewis Hamilton,Ferrari,10.0,,,,,,,,0 days 00:01:33.111000,18.0
2025,Bahrain Grand Prix,FP3,31.0,Esteban Ocon,Haas F1 Team,11.0,,,,,,,,0 days 00:01:33.240000,17.0
2025,Bahrain Grand Prix,FP3,7.0,Jack Doohan,Alpine,12.0,,,,,,,,0 days 00:01:33.347000,18.0
2025,Bahrain Grand Prix,FP3,30.0,Liam Lawson,Racing Bulls,13.0,,,,,,,,0 days 00:01:33.370000,14.0
2025,Bahrain Grand Prix,FP3,14.0,Fernando Alonso,Aston Martin,14.0,,,,,,,,0 days 00:01:33.548000,18.0
2025,Bahrain Grand Prix,FP3,23.0,Alexander Albon,Williams,15.0,,,,,,,,0 days 00:01:33.753000,16.0
2025,Bahrain Grand Prix,FP3,87.0,Oliver Bearman,Haas F1 Team,16.0,,,,,,,,0 days 00:01:34.335000,18.0
2025,Bahrain Grand Prix,FP3,18.0,Lance Stroll,Aston Martin,17.0,,,,,,,,0 days 00:01:34.363000,16.0
2025,Bahrain Grand Prix,FP3,5.0,Gabriel Bortoleto,Kick Sauber,18.0,,,,,,,,0 days 00:01:34.518000,16.0
2025,Bahrain Grand Prix,FP3,27.0,Nico Hulkenberg,Kick Sauber,19.0,,,,,,,,0 days 00:01:34.636000,6.0
2025,Bahrain Grand Prix,FP3,22.0,Yuki Tsunoda,Red Bull Racing,20.0,,,,,,,,0 days 00:01:34.965000,15.0
2025,Bahrain Grand Prix,Q,81.0,Oscar Piastri,McLaren,1.0,,,,,0 days 00:01:31.392000,0 days 00:01:30.454000,0 days 00:01:29.841000,,
2025,Bahrain Grand Prix,Q,63.0,George Russell,Mercedes,2.0,,,,,0 days 00:01:31.494000,0 days 00:01:30.664000,0 days 00:01:30.009000,,
2025,Bahrain Grand Prix,Q,16.0,Charles Leclerc,Ferrari,3.0,,,,,0 days 00:01:31.454000,0 days 00:01:30.724000,0 days 00:01:30.175000,,
2025,Bahrain Grand Prix,Q,12.0,Kimi Antonelli,Mercedes,4.0,,,,,0 days 00:01:31.415000,0 days 00:01:30.716000,0 days 00:01:30.213000,,
2025,Bahrain Grand Prix,Q,10.0,Pierre Gasly,Alpine,5.0,,,,,0 days 00:01:31.462000,0 days 00:01:30.643000,0 days 00:01:30.216000,,
2025,Bahrain Grand Prix,Q,4.0,Lando Norris,McLaren,6.0,,,,,0 days 00:01:31.107000,0 days 00:01:30.560000,0 days 00:01:30.267000,,
2025,Bahrain Grand Prix,Q,1.0,Max Verstappen,Red Bull Racing,7.0,,,,,0 days 00:01:31.303000,0 days 00:01:31.019000,0 days 00:01:30.423000,,
2025,Bahrain Grand Prix,Q,55.0,Carlos Sainz,Williams,8.0,,,,,0 days 00:01:31.591000,0 days 00:01:30.844000,0 days 00:01:30.680000,,
2025,Bahrain Grand Prix,Q,44.0,Lewis Hamilton,Ferrari,9.0,,,,,0 days 00:01:31.219000,0 days 00:01:31.009000,0 days 00:01:30.772000,,
2025,Bahrain Grand Prix,Q,22.0,Yuki Tsunoda,Red Bull Racing,10.0,,,,,0 days 00:01:31.751000,0 days 00:01:31.228000,0 days 00:01:31.303000,,
2025,Bahrain Grand Prix,Q,7.0,Jack Doohan,Alpine,11.0,,,,,0 days 00:01:31.414000,0 days 00:01:31.245000,,,
2025,Bahrain Grand Prix,Q,6.0,Isack Hadjar,Racing Bulls,12.0,,,,,0 days 00:01:31.591000,0 days 00:01:31.271000,,,
2025,Bahrain Grand Prix,Q,14.0,Fernando Alonso,Aston Martin,13.0,,,,,0 days 00:01:31.634000,0 days 00:01:31.886000,,,
2025,Bahrain Grand Prix,Q,31.0,Esteban Ocon,Haas F1 Team,14.0,,,,,0 days 00:01:31.594000,,,,
2025,Bahrain Grand Prix,Q,23.0,Alexander Albon,Williams,15.0,,,,,0 days 00:01:32.040000,,,,
2025,Bahrain Grand Prix,Q,27.0,Nico Hulkenberg,Kick Sauber,16.0,,,,,0 days 00:01:32.067000,,,,
2025,Bahrain Grand Prix,Q,30.0,Liam Lawson,Racing Bulls,17.0,,,,,0 days 00:01:32.165000,,,,
2025,Bahrain Grand Prix,Q,5.0,Gabriel Bortoleto,Kick Sauber,18.0,,,,,0 days 00:01:32.186000,,,,
2025,Bahrain Grand Prix,Q,18.0,Lance Stroll,Aston Martin,19.0,,,,,0 days 00:01:32.283000,,,,
2025,Bahrain Grand Prix,Q,87.0,Oliver Bearman,Haas F1 Team,20.0,,,,,0 days 00:01:32.373000,,,,
2025,Bahrain Grand Prix,R,81.0,Oscar Piastri,McLaren,1.0,1.0,Finished,0 days 02:31:14.577000,25.0,,,,,
2025,Bahrain Grand Prix,R,63.0,George Russell,Mercedes,2.0,3.0,Finished,0 days 02:31:30.115000,18.0,,,,,
2025,Bahrain Grand Prix,R,4.0,Lando Norris,McLaren,3.0,6.0,Finished,0 days 02:31:30.836000,15.0,,,,,
2025,Bahrain Grand Prix,R,16.0,Charles Leclerc,Ferrari,4.0,2.0,Finished,0 days 02:31:34.253000,12.0,,,,,
2025,Bahrain Grand Prix,R,44.0,Lewis Hamilton,Ferrari,5.0,9.0,Finished,0 days 02:31:42.571000,10.0,,,,,
2025,Bahrain Grand Prix,R,1.0,Max Verstappen,Red Bull Racing,6.0,7.0,Finished,0 days 02:31:48.964000,8.0,,,,,
2025,Bahrain Grand Prix,R,10.0,Pierre Gasly,Alpine,7.0,4.0,Finished,0 days 02:31:50.571000,6.0,,,,,
2025,Bahrain Grand Prix,R,31.0,Esteban Ocon,Haas F1 Team,8.0,14.0,Finished,0 days 02:31:58.813000,4.0,,,,,
2025,Bahrain Grand Prix,R,22.0,Yuki Tsunoda,Red Bull Racing,9.0,10.0,Finished,0 days 02:31:59.657000,2.0,,,,,
2025,Bahrain Grand Prix,R,87.0,Oliver Bearman,Haas F1 Team,10.0,20.0,Finished,0 days 02:32:02.163000,1.0,,,,,
2025,Bahrain Grand Prix,R,12.0,Kimi Antonelli,Mercedes,11.0,5.0,Finished,0 days 02:32:02.584000,0.0,,,,,
2025,Bahrain Grand Prix,R,23.0,Alexander Albon,Williams,12.0,15.0,Finished,0 days 02:32:03.412000,0.0,,,,,
2025,Bahrain Grand Prix,R,6.0,Isack Hadjar,Racing Bulls,13.0,12.0,Finished,0 days 02:32:10.883000,0.0,,,,,
2025,Bahrain Grand Prix,R,7.0,Jack Doohan,Alpine,14.0,11.0,Finished,0 days 02:32:07.375000,0.0,,,,,
2025,Bahrain Grand Prix,R,14.0,Fernando Alonso,Aston Martin,15.0,13.0,Finished,0 days 02:32:14.945000,0.0,,,,,
2025,Bahrain Grand Prix,R,30.0,Liam Lawson,Racing Bulls,16.0,17.0,Finished,0 days 02:32:03.993000,0.0,,,,,
2025,Bahrain Grand Prix,R,18.0,Lance Stroll,Aston Martin,17.0,19.0,Finished,0 days 02:32:20.091000,0.0,,,,,
2025,Bahrain Grand Prix,R,5.0,Gabriel Bortoleto,Kick Sauber,18.0,18.0,Finished,0 days 02:32:21.485000,0.0,,,,,
2025,Bahrain Grand Prix,R,55.0,Carlos Sainz,Williams,19.0,8.0,Retired,0 days 02:13:11.767000,0.0,,,,,
2025,Bahrain Grand Prix,R,27.0,Nico Hulkenberg,Kick Sauber,20.0,16.0,Disqualified,0 days 02:32:08.041000,0.0,,,,,
2025,Belgian Grand Prix,FP1,81.0,Oscar Piastri,McLaren,1.0,,,,,,,,0 days 00:01:42.022000,23.0
2025,Belgian Grand Prix,FP1,1.0,Max Verstappen,Red Bull Racing,2.0,,,,,,,,0 days 00:01:42.426000,23.0
2025,Belgian Grand Prix,FP1,4.0,Lando Norris,McLaren,3.0,,,,,,,,0 days 00:01:42.526000,22.0
2025,Belgian Grand Prix,FP1,63.0,George Russell,Mercedes,4.0,,,,,,,,0 days 00:01:42.598000,27.0
2025,Belgian Grand Prix,FP1,16.0,Charles Leclerc,Ferrari,5.0,,,,,,,,0 days 00:01:42.928000,22.0
2025,Belgian Grand Prix,FP1,12.0,Kimi Antonelli,Mercedes,6.0,,,,,,,,0 days 00:01:42.979000,23.0
2025,Belgian Grand Prix,FP1,44.0,Lewis Hamilton,Ferrari,7.0,,,,,,,,0 days 00:01:43.085000,24.0
2025,Belgian Grand Prix,FP1,18.0,Lance Stroll,Aston Martin,8.0,,,,,,,,0 days 00:01:43.112000,17.0
2025,Belgian Grand Prix,FP1,14.0,Fernando Alonso,Aston Martin,9.0,,,,,,,,0 days 00:01:43.120000,22.0
2025,Belgian Grand Prix,FP1,6.0,Isack Hadjar,Racing Bulls,10.0,,,,,,,,0 days 00:01:43.122000,19.0
2025,Belgian Grand Prix,FP1,55.0,Carlos Sainz,Williams,11.0,,,,,,,,0 days 00:01:43.217000,16.0
2025,Belgian Grand Prix,FP1,23.0,Alexander Albon,Williams,12.0,,,,,,,,0 days 00:01:43.261000,24.0
2025,Belgian Grand Prix,FP1,5.0,Gabriel Bortoleto,Kick Sauber,13.0,,,,,,,,0 days 00:01:43.262000,25.0
2025,Belgian Grand Prix,FP1,27.0,Nico Hulkenberg,Kick Sauber,14.0,,,,,,,,0 days 00:01:43.470000,20.0
2025,Belgian Grand Prix,FP1,30.0,Liam Lawson,Racing Bulls,15.0,,,,,,,,0 days 00:01:43.478000,21.0
2025,Belgian Grand Prix,FP1,31.0,Esteban Ocon,Haas F1 Team,16.0,,,,,,,,0 days 00:01:43.570000,22.0
2025,Belgian Grand Prix,FP1,10.0,Pierre Gasly,Alpine,17.0,,,,,,,,0 days 00:01:43.929000,21.0
2025,Belgian Grand Prix,FP1,22.0,Yuki Tsunoda,Red Bull Racing,18.0,,,,,,,,0 days 00:01:44.492000,23.0
2025,Belgian Grand Prix,FP1,43.0,Franco Colapinto,Alpine,19.0,,,,,,,,0 days 00:01:44.847000,21.0
2025,Belgian Grand Prix,FP1,87.0,Oliver Bearman,Haas F1 Team,20.0,,,,,,,,0 days 00:01:45.077000,22.0
2025,Belgian Grand Prix,Q,4.0,Lando Norris,McLaren,1.0,,,,,0 days 00:01:41.010000,0 days 00:01:40.715000,0 days 00:01:40.562000,,
2025,Belgian Grand Prix,Q,81.0,Oscar Piastri,McLaren,2.0,,,,,0 days 00:01:41.201000,0 days 00:01:40.626000,0 days 00:01:40.647000,,
2025,Belgian Grand Prix,Q,16.0,Charles Leclerc,Ferrari,3.0,,,,,0 days 00:01:41.635000,0 days 00:01:41.084000,0 days 00:01:40.900000,,
2025,Belgian Grand Prix,Q,1.0,Max Verstappen,Red Bull Racing,4.0,,,,,0 days 00:01:41.334000,0 days 00:01:40.951000,0 days 00:01:40.903000,,
2025,Belgian Grand Prix,Q,23.0,Alexander Albon,Williams,5.0,,,,,0 days 00:01:41.772000,0 days 00:01:41.505000,0 days 00:01:41.201000,,
2025,Belgian Grand Prix,Q,63.0,George Russell,Mercedes,6.0,,,,,0 days 00:01:41.784000,0 days 00:01:41.254000,0 days 00:01:41.260000,,
2025,Belgian Grand Prix,Q,22.0,Yuki Tsunoda,Red Bull Racing,7.0,,,,,0 days 00:01:41.840000,0 days 00:01:41.245000,0 days 00:01:41.284000,,
2025,Belgian Grand Prix,Q,6.0,Isack Hadjar,Racing Bulls,8.0,,,,,0 days 00:01:41.572000,0 days 00:01:41.281000,0 days 00:01:41.310000,,
2025,Belgian Grand Prix,Q,30.0,Liam Lawson,Racing Bulls,9.0,,,,,0 days 00:01:41.748000,0 days 00:01:41.297000,0 days 00:01:41.328000,,
2025,Belgian Grand Prix,Q,5.0,Gabriel Bortoleto,Kick Sauber,10.0,,,,,0 days 00:01:41.908000,0 days 00:01:41.336000,0 days 00:01:42.387000,,
2025,Belgian Grand Prix,Q,31.0,Esteban Ocon,Haas F1 Team,11.0,,,,,0 days 00:01:41.884000,0 days 00:01:41.525000,,,
2025,Belgian Grand Prix,Q,87.0,Oliver Bearman,Haas F1 Team,12.0,,,,,0 days 00:01:41.617000,0 days 00:01:41.617000,,,
2025,Belgian Grand Prix,Q,10.0,Pierre Gasly,Alpine,13.0,,,,,0 days 00:01:41.800000,0 days 00:01:41.633000,,,
2025,Belgian Grand Prix,Q,27.0,Nico Hulkenberg,Kick Sauber,14.0,,,,,0 days 00:01:41.844000,0 days 00:01:41.707000,,,
2025,Belgian Grand Prix,Q,55.0,Carlos Sainz,Williams,15.0,,,,,0 days 00:01:41.691000,0 days 00:01:41.758000,,,
2025,Belgian Grand Prix,Q,44.0,Lewis Hamilton,Ferrari,16.0,,,,,0 days 00:01:41.939000,,,,
2025,Belgian Grand Prix,Q,43.0,Franco Colapinto,Alpine,17.0,,,,,0 days 00:01:42.022000,,,,
2025,Belgian Grand Prix,Q,12.0,Kimi Antonelli,Mercedes,18.0,,,,,0 days 00:01:42.139000,,,,
2025,Belgian Grand Prix,Q,14.0,Fernando Alonso,Aston Martin,19.0,,,,,0 days 00:01:42.385000,,,,
2025,Belgian Grand Prix,Q,18.0,Lance Stroll,Aston Martin,20.0,,,,,0 days 00:01:42.502000,,,,
2025,Belgian Grand Prix,Sprint Qualifying,81.0,Oscar Piastri,McLaren,1.0,,,,,,,,0 days 00:01:40.510000,11.0
2025,Belgian Grand Prix,Sprint Qualifying,1.0,Max Verstappen,Red Bull Racing,2.0,,,,,,,,0 days 00:01:40.987000,9.0
2025,Belgian Grand Prix,Sprint Qualifying,4.0,Lando Norris,McLaren,3.0,,,,,,,,0 days 00:01:41.128000,12.0
2025,Belgian Grand Prix,Sprint Qualifying,16.0,Charles Leclerc,Ferrari,4.0,,,,,,,,0 days 00:01:41.278000,12.0
2025,Belgian Grand Prix,Sprint Qualifying,31.0,Esteban Ocon,Haas F1 Team,5.0,,,,,,,,0 days 00:01:41.565000,12.0
2025,Belgian Grand Prix,Sprint Qualifying,55.0,Carlos Sainz,Williams,6.0,,,,,,,,0 days 00:01:41.761000,11.0
2025,Belgian Grand Prix,Sprint Qualifying,87.0,Oliver Bearman,Haas F1 Team,7.0,,,,,,,,0 days 00:01:41.857000,12.0
2025,Belgian Grand Prix,Sprint Qualifying,5.0,Gabriel Bortoleto,Kick Sauber,8.0,,,,,,,,0 days 00:01:41.901000,12.0
2025,Belgian Grand Prix,Sprint Qualifying,10.0,Pierre Gasly,Alpine,9.0,,,,,,,,0 days 00:01:41.949000,12.0
2025,Belgian Grand Prix,Sprint Qualifying,6.0,Isack Hadjar,Racing Bulls,10.0,,,,,,,,0 days 00:01:41.971000,11.0
2025,Belgian Grand Prix,Sprint Qualifying,30.0,Liam Lawson,Racing Bulls,11.0,,,,,,,,0 days 00:01:42.169000,9.0
2025,Belgian Grand Prix,Sprint Qualifying,22.0,Yuki Tsunoda,Red Bull Racing,12.0,,,,,,,,0 days 00:01:42.184000,9.0
2025,Belgian Grand Prix,Sprint Qualifying,63.0,George Russell,Mercedes,13.0,,,,,,,,0 days 00:01:42.330000,8.0
2025,Belgian Grand Prix,Sprint Qualifying,14.0,Fernando Alonso,Aston Martin,14.0,,,,,,,,0 days 00:01:42.427000,7.0
2025,Belgian Grand Prix,Sprint Qualifying,18.0,Lance Stroll,Aston Martin,15.0,,,,,,,,0 days 00:01:42.736000,8.0
2025,Belgian Grand Prix,Sprint Qualifying,23.0,Alexander Albon,Williams,16.0,,,,,,,,0 days 00:01:43.212000,6.0
2025,Belgian Grand Prix,Sprint Qualifying,27.0,Nico Hulkenberg,Kick Sauber,17.0,,,,,,,,0 days 00:01:43.217000,6.0
2025,Belgian Grand Prix,Sprint Qualifying,44.0,Lewis Hamilton,Ferrari,18.0,,,,,,,,0 days 00:01:43.408000,6.0
2025,Belgian Grand Prix,Sprint Qualifying,43.0,Franco Colapinto,Alpine,19.0,,,,,,,,0 days 00:01:43.587000,6.0
2025,Belgian Grand Prix,Sprint Qualifying,12.0,Kimi Antonelli,Mercedes,20.0,,,,,,,,0 days 00:01:45.394000,6.0
2025,Belgian Grand Prix,Sprint,1.0,Max Verstappen,Red Bull Racing,1.0,2.0,Finished,0 days 01:13:57.580000,8.0,,,,,
2025,Belgian Grand Prix,Sprint,81.0,Oscar Piastri,McLaren,2.0,1.0,Finished,0 days 01:13:58.333000,7.0,,,,,
2025,Belgian Grand Prix,Sprint,4.0,Lando Norris,McLaren,3.0,3.0,Finished,0 days 01:13:58.994000,6.0,,,,,
2025,Belgian Grand Prix,Sprint,16.0,Charles Leclerc,Ferrari,4.0,4.0,Finished,0 days 01:14:07.756000,5.0,,,,,
2025,Belgian Grand Prix,Sprint,31.0,Esteban Ocon,Haas F1 Team,5.0,5.0,Finished,0 days 01:14:11.369000,4.0,,,,,
2025,Belgian Grand Prix,Sprint,55.0,Carlos Sainz,Williams,6.0,6.0,Finished,0 days 01:14:12.544000,3.0,,,,,
2025,Belgian Grand Prix,Sprint,87.0,Oliver Bearman,Haas F1 Team,7.0,7.0,Finished,0 days 01:14:16.190000,2.0,,,,,
2025,Belgian Grand Prix,Sprint,6.0,Isack Hadjar,Racing Bulls,8.0,9.0,Finished,0 days 01:14:16.699000,1.0,,,,,
2025,Belgian Grand Prix,Sprint,5.0,Gabriel Bortoleto,Kick Sauber,9.0,10.0,Finished,0 days 01:14:19.763000,0.0,,,,,
2025,Belgian Grand Prix,Sprint,30.0,Liam Lawson,Racing Bulls,10.0,11.0,Finished,0 days 01:14:20.477000,0.0,,,,,
2025,Belgian Grand Prix,Sprint,22.0,Yuki Tsunoda,Red Bull Racing,11.0,12.0,Finished,0 days 01:14:22.131000,0.0,,,,,
2025,Belgian Grand Prix,Sprint,63.0,George Russell,Mercedes,12.0,13.0,Finished,0 days 01:14:23.549000,0.0,,,,,
2025,Belgian Grand Prix,Sprint,18.0,Lance Stroll,Aston Martin,13.0,15.0,Finished,0 days 01:14:24.175000,0.0,,,,,
2025,Belgian Grand Prix,Sprint,14.0,Fernando Alonso,Aston Martin,14.0,14.0,Finished,0 days 01:14:26.626000,0.0,,,,,
2025,Belgian Grand Prix,Sprint,44.0,Lewis Hamilton,Ferrari,15.0,18.0,Finished,0 days 01:14:27.755000,0.0,,,,,
2025,Belgian Grand Prix,Sprint,23.0,Alexander Albon,Williams,16.0,16.0,Finished,0 days 01:14:28.521000,0.0,,,,,
2025,Belgian Grand Prix,Sprint,12.0,Kimi Antonelli,Mercedes,17.0,19.0,Finished,0 days 01:14:29.561000,0.0,,,,,
2025,Belgian Grand Prix,Sprint,27.0,Nico Hulkenberg,Kick Sauber,18.0,17.0,Finished,0 days 01:14:30.447000,0.0,,,,,
2025,Belgian Grand Prix,Sprint,43.0,Franco Colapinto,Alpine,19.0,20.0,Finished,0 days 01:14:35.652000,0.0,,,,,
2025,Belgian Grand Prix,Sprint,10.0,Pierre Gasly,Alpine,20.0,8.0,Retired,0 days 01:13:41.012000,0.0,,,,,
2025,Belgian Grand Prix,R,81.0,Oscar Piastri,McLaren,1.0,2.0,Finished,0 days 03:39:54.972000,25.0,,,,,
2025,Belgian Grand Prix,R,4.0,Lando Norris,McLaren,2.0,1.0,Finished,0 days 03:39:58.362000,18.0,,,,,
2025,Belgian Grand Prix,R,16.0,Charles Leclerc,Ferrari,3.0,3.0,Finished,0 days 03:40:15.166000,15.0,,,,,
2025,Belgian Grand Prix,R,1.0,Max Verstappen,Red Bull Racing,4.0,4.0,Finished,0 days 03:40:16.593000,12.0,,,,,
2025,Belgian Grand Prix,R,63.0,George Russell,Mercedes,5.0,6.0,Finished,0 days 03:40:29.761000,10.0,,,,,
2025,Belgian Grand Prix,R,23.0,Alexander Albon,Williams,6.0,5.0,Finished,0 days 03:40:34.878000,8.0,,,,,
2025,Belgian Grand Prix,R,44.0,Lewis Hamilton,Ferrari,7.0,18.0,Finished,0 days 03:40:35.568000,6.0,,,,,
2025,Belgian Grand Prix,R,30.0,Liam Lawson,Racing Bulls,8.0,9.0,Finished,0 days 03:40:46.854000,4.0,,,,,
2025,Belgian Grand Prix,R,5.0,Gabriel Bortoleto,Kick Sauber,9.0,10.0,Finished,0 days 03:40:51.318000,2.0,,,,,
2025,Belgian Grand Prix,R,10.0,Pierre Gasly,Alpine,10.0,13.0,Finished,0 days 03:41:07.665000,1.0,,,,,
2025,Belgian Grand Prix,R,87.0,Oliver Bearman,Haas F1 Team,11.0,12.0,Finished,0 days 03:41:08.091000,0.0,,,,,
2025,Belgian Grand Prix,R,27.0,Nico Hulkenberg,Kick Sauber,12.0,14.0,Finished,0 days 03:41:08.526000,0.0,,,,,
2025,Belgian Grand Prix,R,22.0,Yuki Tsunoda,Red Bull Racing,13.0,7.0,Finished,0 days 03:41:10.294000,0.0,,,,,
2025,Belgian Grand Prix,R,18.0,Lance Stroll,Aston Martin,14.0,16.0,Finished,0 days 03:41:14.740000,0.0,,,,,
2025,Belgian Grand Prix,R,31.0,Esteban Ocon,Haas F1 Team,15.0,11.0,Finished,0 days 03:41:21.041000,0.0,,,,,
2025,Belgian Grand Prix,R,12.0,Kimi Antonelli,Mercedes,16.0,19.0,Finished,0 days 03:41:21.679000,0.0,,,,,
2025,Belgian Grand Prix,R,14.0,Fernando Alonso,Aston Martin,17.0,20.0,Finished,0 days 03:41:22.877000,0.0,,,,,
2025,Belgian Grand Prix,R,55.0,Carlos Sainz,Williams,18.0,17.0,Finished,0 days 03:41:26.977000,0.0,,,,,
2025,Belgian Grand Prix,R,43.0,Franco Colapinto,Alpine,19.0,15.0,Finished,0 days 03:41:30.238000,0.0,,,,,
2025,Belgian Grand Prix,R,6.0,Isack Hadjar,Racing Bulls,20.0,8.0,Lapped,0 days 03:40:07.852000,0.0,,,,,
2025,British Grand Prix,FP1,44.0,Lewis Hamilton,Ferrari,1.0,,,,,,,,0 days 00:01:26.892000,26.0
2025,British Grand Prix,FP1,4.0,Lando Norris,McLaren,2.0,,,,,,,,0 days 00:01:26.915000,26.0
2025,British Grand Prix,FP1,81.0,Oscar Piastri,McLaren,3.0,,,,,,,,0 days 00:01:27.042000,28.0
2025,British Grand Prix,FP1,16.0,Charles Leclerc,Ferrari,4.0,,,,,,,,0 days 00:01:27.095000,26.0
2025,British Grand Prix,FP1,63.0,George Russell,Mercedes,5.0,,,,,,,,0 days 00:01:27.163000,25.0
2025,British Grand Prix,FP1,6.0,Isack Hadjar,Racing Bulls,6.0,,,,,,,,0 days 00:01:27.217000,28.0
2025,British Grand Prix,FP1,23.0,Alexander Albon,Williams,7.0,,,,,,,,0 days 00:01:27.304000,30.0
2025,British Grand Prix,FP1,30.0,Liam Lawson,Racing Bulls,8.0,,,,,,,,0 days 00:01:27.351000,27.0
2025,British Grand Prix,FP1,12.0,Kimi Antonelli,Mercedes,9.0,,,,,,,,0 days 00:01:27.367000,25.0
2025,British Grand Prix,FP1,1.0,Max Verstappen,Red Bull Racing,10.0,,,,,,,,0 days 00:01:27.432000,26.0
2025,British Grand Prix,FP1,14.0,Fernando Alonso,Aston Martin,11.0,,,,,,,,0 days 00:01:27.678000,24.0
2025,British Grand Prix,FP1,18.0,Lance Stroll,Aston Martin,12.0,,,,,,,,0 days 00:01:27.844000,22.0
2025,British Grand Prix,FP1,55.0,Carlos Sainz,Williams,13.0,,,,,,,,0 days 00:01:27.909000,26.0
2025,British Grand Prix,FP1,36.0,Arvid Lindblad,Red Bull Racing,14.0,,,,,,,,0 days 00:01:27.958000,22.0
2025,British Grand Prix,FP1,31.0,Esteban Ocon,Haas F1 Team,15.0,,,,,,,,0 days 00:01:28.057000,23.0
2025,British Grand Prix,FP1,43.0,Franco Colapinto,Alpine,16.0,,,,,,,,0 days 00:01:28.086000,27.0
2025,British Grand Prix,FP1,97.0,Paul Aron,Kick Sauber,17.0,,,,,,,,0 days 00:01:28.142000,25.0
2025,British Grand Prix,FP1,87.0,Oliver Bearman,Haas F1 Team,18.0,,,,,,,,0 days 00:01:28.147000,24.0
2025,British Grand Prix,FP1,10.0,Pierre Gasly,Alpine,19.0,,,,,,,,0 days 00:01:28.332000,23.0
2025,British Grand Prix,FP1,5.0,Gabriel Bortoleto,Kick Sauber,20.0,,,,,,,,0 days 00:01:28.397000,23.0
2025,British Grand Prix,FP2,4.0,Lando Norris,McLaren,1.0,,,,,,,,0 days 00:01:25.816000,26.0
2025,British Grand Prix,FP2,16.0,Charles Leclerc,Ferrari,2.0,,,,,,,,0 days 00:01:26.038000,29.0
2025,British Grand Prix,FP2,44.0,Lewis Hamilton,Ferrari,3.0,,,,,,,,0 days 00:01:26.117000,29.0
2025,British Grand Prix,FP2,81.0,Oscar Piastri,McLaren,4.0,,,,,,,,0 days 00:01:26.286000,27.0
2025,British Grand Prix,FP2,1.0,Max Verstappen,Red Bull Racing,5.0,,,,,,,,0 days 00:01:26.314000,23.0
2025,British Grand Prix,FP2,12.0,Kimi Antonelli,Mercedes,6.0,,,,,,,,0 days 00:01:26.383000,28.0
2025,British Grand Prix,FP2,18.0,Lance Stroll,Aston Martin,7.0,,,,,,,,0 days 00:01:26.430000,24.0
2025,British Grand Prix,FP2,63.0,George Russell,Mercedes,8.0,,,,,,,,0 days 00:01:26.523000,27.0
2025,British Grand Prix,FP2,6.0,Isack Hadjar,Racing Bulls,9.0,,,,,,,,0 days 00:01:26.524000,27.0
2025,British Grand Prix,FP2,30.0,Liam Lawson,Racing Bulls,10.0,,,,,,,,0 days 00:01:26.624000,28.0
2025,British Grand Prix,FP2,23.0,Alexander Albon,Williams,11.0,,,,,,,,0 days 00:01:26.840000,30.0
2025,British Grand Prix,FP2,14.0,Fernando Alonso,Aston Martin,12.0,,,,,,,,0 days 00:01:26.876000,24.0
2025,British Grand Prix,FP2,5.0,Gabriel Bortoleto,Kick Sauber,13.0,,,,,,,,0 days 00:01:26.904000,27.0
2025,British Grand Prix,FP2,31.0,Esteban Ocon,Haas F1 Team,14.0,,,,,,,,0 days 00:01:26.941000,26.0
2025,British Grand Prix,FP2,22.0,Yuki Tsunoda,Red Bull Racing,15.0,,,,,,,,0 days 00:01:26.980000,25.0
2025,British Grand Prix,FP2,55.0,Carlos Sainz,Williams,16.0,,,,,,,,0 days 00:01:27.159000,27.0
2025,British Grand Prix,FP2,27.0,Nico Hulkenberg,Kick Sauber,17.0,,,,,,,,0 days 00:01:27.165000,29.0
2025,British Grand Prix,FP2,10.0,Pierre Gasly,Alpine,18.0,,,,,,,,0 days 00:01:27.174000,24.0
2025,British Grand Prix,FP2,87.0,Oliver Bearman,Haas F1 Team,19.0,,,,,,,,0 days 00:01:27.226000,27.0
2025,British Grand Prix,FP2,43.0,Franco Colapinto,Alpine,20.0,,,,,,,,0 days 00:01:27.289000,29.0
2025,British Grand Prix,FP3,16.0,Charles Leclerc,Ferrari,1.0,,,,,,,,0 days 00:01:25.498000,14.0
2025,British Grand Prix,FP3,81.0,Oscar Piastri,McLaren,2.0,,,,,,,,0 days 00:01:25.566000,14.0
2025,British Grand Prix,FP3,1.0,Max Verstappen,Red Bull Racing,3.0,,,,,,,,0 days 00:01:25.585000,13.0
2025,British Grand Prix,FP3,4.0,Lando Norris,McLaren,4.0,,,,,,,,0 days 00:01:25.606000,16.0
2025,British Grand Prix,FP3,22.0,Yuki Tsunoda,Red Bull Racing,5.0,,,,,,,,0 days 00:01:26.104000,13.0
2025,British Grand Prix,FP3,87.0,Oliver Bearman,Haas F1 Team,6.0,,,,,,,,0 days 00:01:26.112000,12.0
2025,British Grand Prix,FP3,23.0,Alexander Albon,Williams,7.0,,,,,,,,0 days 00:01:26.119000,15.0
2025,British Grand Prix,FP3,63.0,George Russell,Mercedes,8.0,,,,,,,,0 days 00:01:26.125000,13.0
2025,British Grand Prix,FP3,6.0,Isack Hadjar,Racing Bulls,9.0,,,,,,,,0 days 00:01:26.129000,14.0
2025,British Grand Prix,FP3,30.0,Liam Lawson,Racing Bulls,10.0,,,,,,,,0 days 00:01:26.256000,14.0
2025,British Grand Prix,FP3,44.0,Lewis Hamilton,Ferrari,11.0,,,,,,,,0 days 00:01:26.332000,17.0
2025,British Grand Prix,FP3,55.0,Carlos Sainz,Williams,12.0,,,,,,,,0 days 00:01:26.332000,16.0
2025,British Grand Prix,FP3,31.0,Esteban Ocon,Haas F1 Team,13.0,,,,,,,,0 days 00:01:26.377000,12.0
2025,British Grand Prix,FP3,12.0,Kimi Antonelli,Mercedes,14.0,,,,,,,,0 days 00:01:26.422000,11.0
2025,British Grand Prix,FP3,27.0,Nico Hulkenberg,Kick Sauber,15.0,,,,,,,,0 days 00:01:26.499000,18.0
2025,British Grand Prix,FP3,5.0,Gabriel Bortoleto,Kick Sauber,16.0,,,,,,,,0 days 00:01:26.501000,14.0
2025,British Grand Prix,FP3,14.0,Fernando Alonso,Aston Martin,17.0,,,,,,,,0 days 00:01:26.894000,16.0
2025,British Grand Prix,FP3,43.0,Franco Colapinto,Alpine,18.0,,,,,,,,0 days 00:01:27.597000,14.0
2025,British Grand Prix,FP3,18.0,Lance Stroll,Aston Martin,19.0,,,,,,,,0 days 00:01:27.600000,14.0
2025,British Grand Prix,FP3,10.0,Pierre Gasly,Alpine,20.0,,,,,,,,0 days 00:01:27.878000,16.0
2025,British Grand Prix,Q,1.0,Max Verstappen,Red Bull Racing,1.0,,,,,0 days 00:01:25.886000,0 days 00:01:25.316000,0 days 00:01:24.892000,,
2025,British Grand Prix,Q,81.0,Oscar Piastri,McLaren,2.0,,,,,0 days 00:01:25.963000,0 days 00:01:25.316000,0 days 00:01:24.995000,,
2025,British Grand Prix,Q,4.0,Lando Norris,McLaren,3.0,,,,,0 days 00:01:26.123000,0 days 00:01:25.231000,0 days 00:01:25.010000,,
2025,British Grand Prix,Q,63.0,George Russell,Mercedes,4.0,,,,,0 days 00:01:26.236000,0 days 00:01:25.637000,0 days 00:01:25.029000,,
2025,British Grand Prix,Q,44.0,Lewis Hamilton,Ferrari,5.0,,,,,0 days 00:01:26.296000,0 days 00:01:25.084000,0 days 00:01:25.095000,,
2025,British Grand Prix,Q,16.0,Charles Leclerc,Ferrari,6.0,,,,,0 days 00:01:26.186000,0 days 00:01:25.133000,0 days 00:01:25.121000,,
2025,British Grand Prix,Q,12.0,Kimi Antonelli,Mercedes,7.0,,,,,0 days 00:01:26.265000,0 days 00:01:25.620000,0 days 00:01:25.374000,,
2025,British Grand Prix,Q,87.0,Oliver Bearman,Haas F1 Team,8.0,,,,,0 days 00:01:26.005000,0 days 00:01:25.534000,0 days 00:01:25.471000,,
2025,British Grand Prix,Q,14.0,Fernando Alonso,Aston Martin,9.0,,,,,0 days 00:01:26.108000,0 days 00:01:25.593000,0 days 00:01:25.621000,,
2025,British Grand Prix,Q,10.0,Pierre Gasly,Alpine,10.0,,,,,0 days 00:01:26.328000,0 days 00:01:25.711000,0 days 00:01:25.785000,,
2025,British Grand Prix,Q,55.0,Carlos Sainz,Williams,11.0,,,,,0 days 00:01:26.175000,0 days 00:01:25.746000,,,
2025,British Grand Prix,Q,22.0,Yuki Tsunoda,Red Bull Racing,12.0,,,,,0 days 00:01:26.275000,0 days 00:01:25.826000,,,
2025,British Grand Prix,Q,6.0,Isack Hadjar,Racing Bulls,13.0,,,,,0 days 00:01:26.177000,0 days 00:01:25.864000,,,
2025,British Grand Prix,Q,23.0,Alexander Albon,Williams,14.0,,,,,0 days 00:01:26.093000,0 days 00:01:25.889000,,,
2025,British Grand Prix,Q,31.0,Esteban Ocon,Haas F1 Team,15.0,,,,,0 days 00:01:26.136000,0 days 00:01:25.950000,,,
2025,British Grand Prix,Q,30.0,Liam Lawson,Racing Bulls,16.0,,,,,0 days 00:01:26.440000,,,,
2025,British Grand Prix,Q,5.0,Gabriel Bortoleto,Kick Sauber,17.0,,,,,0 days 00:01:26.446000,,,,
2025,British Grand Prix,Q,18.0,Lance Stroll,Aston Martin,18.0,,,,,0 days 00:01:26.504000,,,,
2025,British Grand Prix,Q,27.0,Nico Hulkenberg,Kick Sauber,19.0,,,,,0 days 00:01:26.574000,,,,
2025,British Grand Prix,Q,43.0,Franco Colapinto,Alpine,20.0,,,,,0 days 00:01:27.060000,,,,
2025,British Grand Prix,R,4.0,Lando Norris,McLaren,1.0,3.0,Finished,0 days 02:33:25.004000,25.0,,,,,
2025,British Grand Prix,R,81.0,Oscar Piastri,McLaren,2.0,2.0,Finished,0 days 02:33:31.775000,18.0,,,,,
2025,British Grand Prix,R,27.0,Nico Hulkenberg,Kick Sauber,3.0,19.0,Finished,0 days 02:33:59.752000,15.0,,,,,
2025,British Grand Prix,R,44.0,Lewis Hamilton,Ferrari,4.0,5.0,Finished,0 days 02:34:04.824000,12.0,,,,,
2025,British Grand Prix,R,1.0,Max Verstappen,Red Bull Racing,5.0,1.0,Finished,0 days 02:34:21.726000,10.0,,,,,
2025,British Grand Prix,R,10.0,Pierre Gasly,Alpine,6.0,8.0,Finished,0 days 02:34:24.867000,8.0,,,,,
2025,British Grand Prix,R,18.0,Lance Stroll,Aston Martin,7.0,17.0,Finished,0 days 02:34:25.590000,6.0,,,,,
2025,British Grand Prix,R,23.0,Alexander Albon,Williams,8.0,13.0,Finished,0 days 02:34:29.066000,4.0,,,,,
2025,British Grand Prix,R,14.0,Fernando Alonso,Aston Martin,9.0,7.0,Finished,0 days 02:34:30.820000,2.0,,,,,
2025,British Grand Prix,R,63.0,George Russell,Mercedes,10.0,4.0,Finished,0 days 02:34:35.652000,1.0,,,,,
2025,British Grand Prix,R,87.0,Oliver Bearman,Haas F1 Team,11.0,18.0,Finished,0 days 02:34:37.032000,0.0,,,,,
2025,British Grand Prix,R,55.0,Carlos Sainz,Williams,12.0,9.0,Finished,0 days 02:34:41.578000,0.0,,,,,
2025,British Grand Prix,R,31.0,Esteban Ocon,Haas F1 Team,13.0,14.0,Finished,0 days 02:34:42.342000,0.0,,,,,
2025,British Grand Prix,R,16.0,Charles Leclerc,Ferrari,14.0,6.0,Finished,0 days 02:34:49.442000,0.0,,,,,
2025,British Grand Prix,R,22.0,Yuki Tsunoda,Red Bull Racing,15.0,11.0,Lapped,0 days 02:33:57.199000,0.0,,,,,
2025,British Grand Prix,R,12.0,Kimi Antonelli,Mercedes,16.0,10.0,Retired,0 days 01:46:08.395000,0.0,,,,,
2025,British Grand Prix,R,6.0,Isack Hadjar,Racing Bulls,17.0,12.0,Retired,0 days 01:34:42.674000,0.0,,,,,
2025,British Grand Prix,R,5.0,Gabriel Bortoleto,Kick Sauber,18.0,16.0,Retired,0 days 01:05:28.325000,0.0,,,,,
2025,British Grand Prix,R,30.0,Liam Lawson,Racing Bulls,19.0,15.0,Retired,0 days 00:57:55.042000,0.0,,,,,
2025,British Grand Prix,R,43.0,Franco Colapinto,Alpine,20.0,20.0,Did not start,,0.0,,,,,
2025,Canadian Grand Prix,FP1,1.0,Max Verstappen,Red Bull Racing,1.0,,,,,,,,0 days 00:01:13.193000,28.0
2025,Canadian Grand Prix,FP1,23.0,Alexander Albon,Williams,2.0,,,,,,,,0 days 00:01:13.232000,28.0
2025,Canadian Grand Prix,FP1,55.0,Carlos Sainz,Williams,3.0,,,,,,,,0 days 00:01:13.275000,31.0
2025,Canadian Grand Prix,FP1,63.0,George Russell,Mercedes,4.0,,,,,,,,0 days 00:01:13.535000,29.0
2025,Canadian Grand Prix,FP1,44.0,Lewis Hamilton,Ferrari,5.0,,,,,,,,0 days 00:01:13.620000,30.0
2025,Canadian Grand Prix,FP1,6.0,Isack Hadjar,Racing Bulls,6.0,,,,,,,,0 days 00:01:13.631000,31.0
2025,Canadian Grand Prix,FP1,4.0,Lando Norris,McLaren,7.0,,,,,,,,0 days 00:01:13.651000,30.0
2025,Canadian Grand Prix,FP1,30.0,Liam Lawson,Racing Bulls,8.0,,,,,,,,0 days 00:01:13.737000,30.0
2025,Canadian Grand Prix,FP1,10.0,Pierre Gasly,Alpine,9.0,,,,,,,,0 days 00:01:13.817000,29.0
2025,Canadian Grand Prix,FP1,16.0,Charles Leclerc,Ferrari,10.0,,,,,,,,0 days 00:01:13.885000,9.0
2025,Canadian Grand Prix,FP1,22.0,Yuki Tsunoda,Red Bull Racing,11.0,,,,,,,,0 days 00:01:13.927000,27.0
2025,Canadian Grand Prix,FP1,14.0,Fernando Alonso,Aston Martin,12.0,,,,,,,,0 days 00:01:13.972000,25.0
2025,Canadian Grand Prix,FP1,12.0,Kimi Antonelli,Mercedes,13.0,,,,,,,,0 days 00:01:14.002000,30.0
2025,Canadian Grand Prix,FP1,81.0,Oscar Piastri,McLaren,14.0,,,,,,,,0 days 00:01:14.198000,28.0
2025,Canadian Grand Prix,FP1,18.0,Lance Stroll,Aston Martin,15.0,,,,,,,,0 days 00:01:14.203000,25.0
2025,Canadian Grand Prix,FP1,5.0,Gabriel Bortoleto,Kick Sauber,16.0,,,,,,,,0 days 00:01:14.324000,30.0
2025,Canadian Grand Prix,FP1,87.0,Oliver Bearman,Haas F1 Team,17.0,,,,,,,,0 days 00:01:14.520000,30.0
2025,Canadian Grand Prix,FP1,31.0,Esteban Ocon,Haas F1 Team,18.0,,,,,,,,0 days 00:01:14.605000,23.0
2025,Canadian Grand Prix,FP1,43.0,Franco Colapinto,Alpine,19.0,,,,,,,,0 days 00:01:14.645000,29.0
2025,Canadian Grand Prix,FP1,27.0,Nico Hulkenberg,Kick Sauber,20.0,,,,,,,,0 days 00:01:14.821000,28.0
2025,Canadian Grand Prix,FP2,63.0,George Russell,Mercedes,1.0,,,,,,,,0 days 00:01:12.123000,33.0
2025,Canadian Grand Prix,FP2,4.0,Lando Norris,McLaren,2.0,,,,,,,,0 days 00:01:12.151000,32.0
2025,Canadian Grand Prix,FP2,12.0,Kimi Antonelli,Mercedes,3.0,,,,,,,,0 days 00:01:12.411000,33.0
2025,Canadian Grand Prix,FP2,23.0,Alexander Albon,Williams,4.0,,,,,,,,0 days 00:01:12.445000,36.0
2025,Canadian Grand Prix,FP2,14.0,Fernando Alonso,Aston Martin,5.0,,,,,,,,0 days 00:01:12.458000,31.0
2025,Canadian Grand Prix,FP2,81.0,Oscar Piastri,McLaren,6.0,,,,,,,,0 days 00:01:12.562000,32.0
2025,Canadian Grand Prix,FP2,55.0,Carlos Sainz,Williams,7.0,,,,,,,,0 days 00:01:12.631000,37.0
2025,Canadian Grand Prix,FP2,44.0,Lewis Hamilton,Ferrari,8.0,,,,,,,,0 days 00:01:12.653000,34.0
2025,Canadian Grand Prix,FP2,1.0,Max Verstappen,Red Bull Racing,9.0,,,,,,,,0 days 00:01:12.666000,31.0
2025,Canadian Grand Prix,FP2,30.0,Liam Lawson,Racing Bulls,10.0,,,,,,,,0 days 00:01:12.751000,30.0
2025,Canadian Grand Prix,FP2,6.0,Isack Hadjar,Racing Bulls,11.0,,,,,,,,0 days 00:01:12.799000,31.0
2025,Canadian Grand Prix,FP2,10.0,Pierre Gasly,Alpine,12.0,,,,,,,,0 days 00:01:12.874000,34.0
2025,Canadian Grand Prix,FP2,5.0,Gabriel Bortoleto,Kick Sauber,13.0,,,,,,,,0 days 00:01:12.896000,32.0
2025,Canadian Grand Prix,FP2,27.0,Nico Hulkenberg,Kick Sauber,14.0,,,,,,,,0 days 00:01:12.914000,33.0
2025,Canadian Grand Prix,FP2,22.0,Yuki Tsunoda,Red Bull Racing,15.0,,,,,,,,0 days 00:01:12.939000,35.0
2025,Canadian Grand Prix,FP2,87.0,Oliver Bearman,Haas F1 Team,16.0,,,,,,,,0 days 00:01:13.080000,36.0
2025,Canadian Grand Prix,FP2,31.0,Esteban Ocon,Haas F1 Team,17.0,,,,,,,,0 days 00:01:13.175000,33.0
2025,Canadian Grand Prix,FP2,43.0,Franco Colapinto,Alpine,18.0,,,,,,,,0 days 00:01:13.898000,33.0
2025,Canadian Grand Prix,FP2,18.0,Lance Stroll,Aston Martin,19.0,,,,,,,,0 days 00:01:49.253000,2.0
2025,Canadian Grand Prix,FP3,4.0,Lando Norris,McLaren,1.0,,,,,,,,0 days 00:01:11.799000,24.0
2025,Canadian Grand Prix,FP3,16.0,Charles Leclerc,Ferrari,2.0,,,,,,,,0 days 00:01:11.877000,29.0
2025,Canadian Grand Prix,FP3,63.0,George Russell,Mercedes,3.0,,,,,,,,0 days 00:01:11.950000,20.0
2025,Canadian Grand Prix,FP3,44.0,Lewis Hamilton,Ferrari,4.0,,,,,,,,0 days 00:01:12.050000,26.0
2025,Canadian Grand Prix,FP3,1.0,Max Verstappen,Red Bull Racing,5.0,,,,,,,,0 days 00:01:12.072000,20.0
2025,Canadian Grand Prix,FP3,14.0,Fernando Alonso,Aston Martin,6.0,,,,,,,,0 days 00:01:12.247000,21.0
2025,Canadian Grand Prix,FP3,12.0,Kimi Antonelli,Mercedes,7.0,,,,,,,,0 days 00:01:12.348000,21.0
2025,Canadian Grand Prix,FP3,55.0,Carlos Sainz,Williams,8.0,,,,,,,,0 days 00:01:12.519000,22.0
2025,Canadian Grand Prix,FP3,81.0,Oscar Piastri,McLaren,9.0,,,,,,,,0 days 00:01:12.519000,18.0
2025,Canadian Grand Prix,FP3,23.0,Alexander Albon,Williams,10.0,,,,,,,,0 days 00:01:12.573000,22.0
2025,Canadian Grand Prix,FP3,6.0,Isack Hadjar,Racing Bulls,11.0,,,,,,,,0 days 00:01:12.651000,22.0
2025,Canadian Grand Prix,FP3,10.0,Pierre Gasly,Alpine,12.0,,,,,,,,0 days 00:01:12.684000,27.0
2025,Canadian Grand Prix,FP3,30.0,Liam Lawson,Racing Bulls,13.0,,,,,,,,0 days 00:01:12.791000,27.0
2025,Canadian Grand Prix,FP3,18.0,Lance Stroll,Aston Martin,14.0,,,,,,,,0 days 00:01:12.794000,28.0
2025,Canadian Grand Prix,FP3,87.0,Oliver Bearman,Haas F1 Team,15.0,,,,,,,,0 days 00:01:12.825000,27.0
2025,Canadian Grand Prix,FP3,31.0,Esteban Ocon,Haas F1 Team,16.0,,,,,,,,0 days 00:01:12.827000,22.0
2025,Canadian Grand Prix,FP3,43.0,Franco Colapinto,Alpine,17.0,,,,,,,,0 days 00:01:13.060000,27.0
2025,Canadian Grand Prix,FP3,27.0,Nico Hulkenberg,Kick Sauber,18.0,,,,,,,,0 days 00:01:13.072000,19.0
2025,Canadian Grand Prix,FP3,5.0,Gabriel Bortoleto,Kick Sauber,19.0,,,,,,,,0 days 00:01:13.172000,22.0
2025,Canadian Grand Prix,FP3,22.0,Yuki Tsunoda,Red Bull Racing,20.0,,,,,,,,0 days 00:01:13.573000,14.0
2025,Canadian Grand Prix,Q,63.0,George Russell,Mercedes,1.0,,,,,0 days 00:01:12.075000,0 days 00:01:11.570000,0 days 00:01:10.899000,,
2025,Canadian Grand Prix,Q,1.0,Max Verstappen,Red Bull Racing,2.0,,,,,0 days 00:01:12.054000,0 days 00:01:11.638000,0 days 00:01:11.059000,,
2025,Canadian Grand Prix,Q,81.0,Oscar Piastri,McLaren,3.0,,,,,0 days 00:01:11.939000,0 days 00:01:11.715000,0 days 00:01:11.120000,,
2025,Canadian Grand Prix,Q,12.0,Kimi Antonelli,Mercedes,4.0,,,,,0 days 00:01:12.279000,0 days 00:01:11.974000,0 days 00:01:11.391000,,
2025,Canadian Grand Prix,Q,44.0,Lewis Hamilton,Ferrari,5.0,,,,,0 days 00:01:11.952000,0 days 00:01:11.885000,0 days 00:01:11.526000,,
2025,Canadian Grand Prix,Q,14.0,Fernando Alonso,Aston Martin,6.0,,,,,0 days 00:01:12.073000,0 days 00:01:11.805000,0 days 00:01:11.586000,,
2025,Canadian Grand Prix,Q,4.0,Lando Norris,McLaren,7.0,,,,,0 days 00:01:11.826000,0 days 00:01:11.599000,0 days 00:01:11.625000,,
2025,Canadian Grand Prix,Q,16.0,Charles Leclerc,Ferrari,8.0,,,,,0 days 00:01:12.038000,0 days 00:01:11.626000,0 days 00:01:11.682000,,
2025,Canadian Grand Prix,Q,6.0,Isack Hadjar,Racing Bulls,9.0,,,,,0 days 00:01:12.211000,0 days 00:01:12.003000,0 days 00:01:11.867000,,
2025,Canadian Grand Prix,Q,23.0,Alexander Albon,Williams,10.0,,,,,0 days 00:01:12.090000,0 days 00:01:11.892000,0 days 00:01:11.907000,,
2025,Canadian Grand Prix,Q,22.0,Yuki Tsunoda,Red Bull Racing,11.0,,,,,0 days 00:01:12.334000,0 days 00:01:12.102000,,,
2025,Canadian Grand Prix,Q,43.0,Franco Colapinto,Alpine,12.0,,,,,0 days 00:01:12.234000,0 days 00:01:12.142000,,,
2025,Canadian Grand Prix,Q,27.0,Nico Hulkenberg,Kick Sauber,13.0,,,,,0 days 00:01:12.323000,0 days 00:01:12.183000,,,
2025,Canadian Grand Prix,Q,87.0,Oliver Bearman,Haas F1 Team,14.0,,,,,0 days 00:01:12.306000,0 days 00:01:12.340000,,,
2025,Canadian Grand Prix,Q,31.0,Esteban Ocon,Haas F1 Team,15.0,,,,,0 days 00:01:12.378000,0 days 00:01:12.634000,,,
2025,Canadian Grand Prix,Q,5.0,Gabriel Bortoleto,Kick Sauber,16.0,,,,,0 days 00:01:12.385000,,,,
2025,Canadian Grand Prix,Q,55.0,Carlos Sainz,Williams,17.0,,,,,0 days 00:01:12.398000,,,,
2025,Canadian Grand Prix,Q,18.0,Lance Stroll,Aston Martin,18.0,,,,,0 days 00:01:12.517000,,,,
2025,Canadian Grand Prix,Q,30.0,Liam Lawson,Racing Bulls,19.0,,,,,0 days 00:01:12.525000,,,,
2025,Canadian Grand Prix,Q,10.0,Pierre Gasly,Alpine,20.0,,,,,0 days 00:01:12.667000,,,,
2025,Canadian Grand Prix,R,63.0,George Russell,Mercedes,1.0,1.0,Finished,0 days 02:29:52.552000,25.0,,,,,
2025,Canadian Grand Prix,R,1.0,Max Verstappen,Red Bull Racing,2.0,2.0,Finished,0 days 02:29:52.780000,18.0,,,,,
2025,Canadian Grand Prix,R,12.0,Kimi Antonelli,Mercedes,3.0,4.0,Finished,0 days 02:29:53.566000,15.0,,,,,
2025,Canadian Grand Prix,R,81.0,Oscar Piastri,McLaren,4.0,3.0,Finished,0 days 02:29:54.661000,12.0,,,,,
2025,Canadian Grand Prix,R,16.0,Charles Leclerc,Ferrari,5.0,8.0,Finished,0 days 02:29:55.994000,10.0,,,,,
2025,Canadian Grand Prix,R,44.0,Lewis Hamilton,Ferrari,6.0,5.0,Finished,0 days 02:30:03.265000,8.0,,,,,
2025,Canadian Grand Prix,R,14.0,Fernando Alonso,Aston Martin,7.0,6.0,Finished,0 days 02:30:03.524000,6.0,,,,,
2025,Canadian Grand Prix,R,27.0,Nico Hulkenberg,Kick Sauber,8.0,11.0,Finished,0 days 02:30:07.916000,4.0,,,,,
2025,Canadian Grand Prix,R,31.0,Esteban Ocon,Haas F1 Team,9.0,14.0,Lapped,0 days 02:29:54.025000,2.0,,,,,
2025,Canadian Grand Prix,R,55.0,Carlos Sainz,Williams,10.0,16.0,Lapped,0 days 02:29:54.438000,1.0,,,,,
2025,Canadian Grand Prix,R,87.0,Oliver Bearman,Haas F1 Team,11.0,13.0,Lapped,0 days 02:29:56.269000,0.0,,,,,
2025,Canadian Grand Prix,R,22.0,Yuki Tsunoda,Red Bull Racing,12.0,18.0,Lapped,0 days 02:29:58.008000,0.0,,,,,
2025,Canadian Grand Prix,R,43.0,Franco Colapinto,Alpine,13.0,10.0,Lapped,0 days 02:29:59.570000,0.0,,,,,
2025,Canadian Grand Prix,R,5.0,Gabriel Bortoleto,Kick Sauber,14.0,15.0,Lapped,0 days 02:30:00.431000,0.0,,,,,
2025,Canadian Grand Prix,R,10.0,Pierre Gasly,Alpine,15.0,20.0,Lapped,0 days 02:30:00.502000,0.0,,,,,
2025,Canadian Grand Prix,R,6.0,Isack Hadjar,Racing Bulls,16.0,12.0,Lapped,0 days 02:30:01.289000,0.0,,,,,
2025,Canadian Grand Prix,R,18.0,Lance Stroll,Aston Martin,17.0,17.0,Lapped,0 days 02:30:01.615000,0.0,,,,,
2025,Canadian Grand Prix,R,4.0,Lando Norris,McLaren,18.0,7.0,Retired,0 days 02:24:27.334000,0.0,,,,,
2025,Canadian Grand Prix,R,30.0,Liam Lawson,Racing Bulls,19.0,19.0,Retired,0 days 02:08:45.544000,0.0,,,,,
2025,Canadian Grand Prix,R,23.0,Alexander Albon,Williams,20.0,9.0,Retired,0 days 02:00:32.944000,0.0,,,,,
2025,Chinese Grand Prix,FP1,4.0,Lando Norris,McLaren,1.0,,,,,,,,0 days 00:01:31.504000,23.0
2025,Chinese Grand Prix,FP1,16.0,Charles Leclerc,Ferrari,2.0,,,,,,,,0 days 00:01:31.958000,21.0
2025,Chinese Grand Prix,FP1,81.0,Oscar Piastri,McLaren,3.0,,,,,,,,0 days 00:01:32.153000,24.0
2025,Chinese Grand Prix,FP1,44.0,Lewis Hamilton,Ferrari,4.0,,,,,,,,0 days 00:01:32.195000,22.0
2025,Chinese Grand Prix,FP1,63.0,George Russell,Mercedes,5.0,,,,,,,,0 days 00:01:32.377000,26.0
2025,Chinese Grand Prix,FP1,27.0,Nico Hulkenberg,Kick Sauber,6.0,,,,,,,,0 days 00:01:32.507000,21.0
2025,Chinese Grand Prix,FP1,23.0,Alexander Albon,Williams,7.0,,,,,,,,0 days 00:01:32.687000,24.0
2025,Chinese Grand Prix,FP1,14.0,Fernando Alonso,Aston Martin,8.0,,,,,,,,0 days 00:01:32.766000,23.0
2025,Chinese Grand Prix,FP1,12.0,Kimi Antonelli,Mercedes,9.0,,,,,,,,0 days 00:01:32.874000,27.0
2025,Chinese Grand Prix,FP1,22.0,Yuki Tsunoda,Racing Bulls,10.0,,,,,,,,0 days 00:01:32.934000,23.0
2025,Chinese Grand Prix,FP1,87.0,Oliver Bearman,Haas F1 Team,11.0,,,,,,,,0 days 00:01:32.967000,23.0
2025,Chinese Grand Prix,FP1,18.0,Lance Stroll,Aston Martin,12.0,,,,,,,,0 days 00:01:32.984000,19.0
2025,Chinese Grand Prix,FP1,31.0,Esteban Ocon,Haas F1 Team,13.0,,,,,,,,0 days 00:01:33.056000,23.0
2025,Chinese Grand Prix,FP1,10.0,Pierre Gasly,Alpine,14.0,,,,,,,,0 days 00:01:33.123000,23.0
2025,Chinese Grand Prix,FP1,55.0,Carlos Sainz,Williams,15.0,,,,,,,,0 days 00:01:33.145000,26.0
2025,Chinese Grand Prix,FP1,1.0,Max Verstappen,Red Bull Racing,16.0,,,,,,,,0 days 00:01:33.284000,24.0
2025,Chinese Grand Prix,FP1,6.0,Isack Hadjar,Racing Bulls,17.0,,,,,,,,0 days 00:01:33.385000,23.0
2025,Chinese Grand Prix,FP1,30.0,Liam Lawson,Red Bull Racing,18.0,,,,,,,,0 days 00:01:33.631000,23.0
2025,Chinese Grand Prix,FP1,5.0,Gabriel Bortoleto,Kick Sauber,19.0,,,,,,,,0 days 00:01:33.822000,24.0
2025,Chinese Grand Prix,FP1,7.0,Jack Doohan,Alpine,20.0,,,,,,,,0 days 00:01:33.923000,17.0
2025,Chinese Grand Prix,Q,81.0,Oscar Piastri,McLaren,1.0,,,,,0 days 00:01:31.591000,0 days 00:01:31.200000,0 days 00:01:30.641000,,
2025,Chinese Grand Prix,Q,63.0,George Russell,Mercedes,2.0,,,,,0 days 00:01:31.295000,0 days 00:01:31.307000,0 days 00:01:30.723000,,
2025,Chinese Grand Prix,Q,4.0,Lando Norris,McLaren,3.0,,,,,0 days 00:01:30.983000,0 days 00:01:30.787000,0 days 00:01:30.793000,,
2025,Chinese Grand Prix,Q,1.0,Max Verstappen,Red Bull Racing,4.0,,,,,0 days 00:01:31.424000,0 days 00:01:31.142000,0 days 00:01:30.817000,,
2025,Chinese Grand Prix,Q,44.0,Lewis Hamilton,Ferrari,5.0,,,,,0 days 00:01:31.690000,0 days 00:01:31.501000,0 days 00:01:30.927000,,
2025,Chinese Grand Prix,Q,16.0,Charles Leclerc,Ferrari,6.0,,,,,0 days 00:01:31.579000,0 days 00:01:31.450000,0 days 00:01:31.021000,,
2025,Chinese Grand Prix,Q,6.0,Isack Hadjar,Racing Bulls,7.0,,,,,0 days 00:01:31.162000,0 days 00:01:31.253000,0 days 00:01:31.079000,,
2025,Chinese Grand Prix,Q,12.0,Kimi Antonelli,Mercedes,8.0,,,,,0 days 00:01:31.676000,0 days 00:01:31.590000,0 days 00:01:31.103000,,
2025,Chinese Grand Prix,Q,22.0,Yuki Tsunoda,Racing Bulls,9.0,,,,,0 days 00:01:31.238000,0 days 00:01:31.260000,0 days 00:01:31.638000,,
2025,Chinese Grand Prix,Q,23.0,Alexander Albon,Williams,10.0,,,,,0 days 00:01:31.503000,0 days 00:01:31.595000,0 days 00:01:31.706000,,
2025,Chinese Grand Prix,Q,31.0,Esteban Ocon,Haas F1 Team,11.0,,,,,0 days 00:01:31.876000,0 days 00:01:31.625000,,,
2025,Chinese Grand Prix,Q,27.0,Nico Hulkenberg,Kick Sauber,12.0,,,,,0 days 00:01:31.921000,0 days 00:01:31.632000,,,
2025,Chinese Grand Prix,Q,14.0,Fernando Alonso,Aston Martin,13.0,,,,,0 days 00:01:31.719000,0 days 00:01:31.688000,,,
2025,Chinese Grand Prix,Q,18.0,Lance Stroll,Aston Martin,14.0,,,,,0 days 00:01:31.923000,0 days 00:01:31.773000,,,
2025,Chinese Grand Prix,Q,55.0,Carlos Sainz,Williams,15.0,,,,,0 days 00:01:31.628000,0 days 00:01:31.840000,,,
2025,Chinese Grand Prix,Q,10.0,Pierre Gasly,Alpine,16.0,,,,,0 days 00:01:31.992000,,,,
2025,Chinese Grand Prix,Q,87.0,Oliver Bearman,Haas F1 Team,17.0,,,,,0 days 00:01:32.018000,,,,
2025,Chinese Grand Prix,Q,7.0,Jack Doohan,Alpine,18.0,,,,,0 days 00:01:32.092000,,,,
2025,Chinese Grand Prix,Q,5.0,Gabriel Bortoleto,Kick Sauber,19.0,,,,,0 days 00:01:32.141000,,,,
2025,Chinese Grand Prix,Q,30.0,Liam Lawson,Red Bull Racing,20.0,,,,,0 days 00:01:32.174000,,,,
2025,Chinese Grand Prix,Sprint Qualifying,44.0,Lewis Hamilton,Ferrari,1.0,,,,,,,,0 days 00:01:30.849000,15.0
2025,Chinese Grand Prix,Sprint Qualifying,1.0,Max Verstappen,Red Bull Racing,2.0,,,,,,,,0 days 00:01:30.867000,12.0
2025,Chinese Grand Prix,Sprint Qualifying,81.0,Oscar Piastri,McLaren,3.0,,,,,,,,0 days 00:01:30.929000,13.0
2025,Chinese Grand Prix,Sprint Qualifying,16.0,Charles Leclerc,Ferrari,4.0,,,,,,,,0 days 00:01:31.057000,15.0
2025,Chinese Grand Prix,Sprint Qualifying,63.0,George Russell,Mercedes,5.0,,,,,,,,0 days 00:01:31.169000,18.0
2025,Chinese Grand Prix,Sprint Qualifying,4.0,Lando Norris,McLaren,6.0,,,,,,,,0 days 00:01:31.174000,13.0
2025,Chinese Grand Prix,Sprint Qualifying,12.0,Kimi Antonelli,Mercedes,7.0,,,,,,,,0 days 00:01:31.475000,17.0
2025,Chinese Grand Prix,Sprint Qualifying,23.0,Alexander Albon,Williams,8.0,,,,,,,,0 days 00:01:31.539000,14.0
2025,Chinese Grand Prix,Sprint Qualifying,18.0,Lance Stroll,Aston Martin,9.0,,,,,,,,0 days 00:01:31.742000,12.0
2025,Chinese Grand Prix,Sprint Qualifying,22.0,Yuki Tsunoda,Racing Bulls,10.0,,,,,,,,0 days 00:01:31.773000,12.0
2025,Chinese Grand Prix,Sprint Qualifying,14.0,Fernando Alonso,Aston Martin,11.0,,,,,,,,0 days 00:01:31.815000,8.0
2025,Chinese Grand Prix,Sprint Qualifying,87.0,Oliver Bearman,Haas F1 Team,12.0,,,,,,,,0 days 00:01:31.978000,9.0
2025,Chinese Grand Prix,Sprint Qualifying,6.0,Isack Hadjar,Racing Bulls,13.0,,,,,,,,0 days 00:01:32.171000,8.0
2025,Chinese Grand Prix,Sprint Qualifying,55.0,Carlos Sainz,Williams,14.0,,,,,,,,0 days 00:01:32.325000,10.0
2025,Chinese Grand Prix,Sprint Qualifying,5.0,Gabriel Bortoleto,Kick Sauber,15.0,,,,,,,,0 days 00:01:32.539000,12.0
2025,Chinese Grand Prix,Sprint Qualifying,7.0,Jack Doohan,Alpine,16.0,,,,,,,,0 days 00:01:32.575000,6.0
2025,Chinese Grand Prix,Sprint Qualifying,10.0,Pierre Gasly,Alpine,17.0,,,,,,,,0 days 00:01:32.640000,6.0
2025,Chinese Grand Prix,Sprint Qualifying,31.0,Esteban Ocon,Haas F1 Team,18.0,,,,,,,,0 days 00:01:32.651000,6.0
2025,Chinese Grand Prix,Sprint Qualifying,27.0,Nico Hulkenberg,Kick Sauber,19.0,,,,,,,,0 days 00:01:32.675000,6.0
2025,Chinese Grand Prix,Sprint Qualifying,30.0,Liam Lawson,Red Bull Racing,20.0,,,,,,,,0 days 00:01:32.729000,5.0
2025,Chinese Grand Prix,Sprint,44.0,Lewis Hamilton,Ferrari,1.0,1.0,Finished,0 days 01:15:53.679000,8.0,,,,,
2025,Chinese Grand Prix,Sprint,81.0,Oscar Piastri,McLaren,2.0,3.0,Finished,0 days 01:16:00.568000,7.0,,,,,
2025,Chinese Grand Prix,Sprint,1.0,Max Verstappen,Red Bull Racing,3.0,2.0,Finished,0 days 01:16:03.483000,6.0,,,,,
2025,Chinese Grand Prix,Sprint,63.0,George Russell,Mercedes,4.0,5.0,Finished,0 days 01:16:05.271000,5.0,,,,,
2025,Chinese Grand Prix,Sprint,16.0,Charles Leclerc,Ferrari,5.0,4.0,Finished,0 days 01:16:05.869000,4.0,,,,,
2025,Chinese Grand Prix,Sprint,22.0,Yuki Tsunoda,Racing Bulls,6.0,8.0,Finished,0 days 01:16:15.967000,3.0,,,,,
2025,Chinese Grand Prix,Sprint,12.0,Kimi Antonelli,Mercedes,7.0,7.0,Finished,0 days 01:16:16.717000,2.0,,,,,
2025,Chinese Grand Prix,Sprint,4.0,Lando Norris,McLaren,8.0,6.0,Finished,0 days 01:16:17.150000,1.0,,,,,
2025,Chinese Grand Prix,Sprint,18.0,Lance Stroll,Aston Martin,9.0,10.0,Finished,0 days 01:16:18.595000,0.0,,,,,
2025,Chinese Grand Prix,Sprint,14.0,Fernando Alonso,Aston Martin,10.0,11.0,Finished,0 days 01:16:31.897000,0.0,,,,,
2025,Chinese Grand Prix,Sprint,23.0,Alexander Albon,Williams,11.0,9.0,Finished,0 days 01:16:32.971000,0.0,,,,,
2025,Chinese Grand Prix,Sprint,10.0,Pierre Gasly,Alpine,12.0,17.0,Finished,0 days 01:16:33.328000,0.0,,,,,
2025,Chinese Grand Prix,Sprint,6.0,Isack Hadjar,Racing Bulls,13.0,15.0,Finished,0 days 01:16:36.079000,0.0,,,,,
2025,Chinese Grand Prix,Sprint,30.0,Liam Lawson,Red Bull Racing,14.0,19.0,Finished,0 days 01:16:38.583000,0.0,,,,,
2025,Chinese Grand Prix,Sprint,87.0,Oliver Bearman,Haas F1 Team,15.0,12.0,Finished,0 days 01:16:39.328000,0.0,,,,,
2025,Chinese Grand Prix,Sprint,31.0,Esteban Ocon,Haas F1 Team,16.0,18.0,Finished,0 days 01:16:39.861000,0.0,,,,,
2025,Chinese Grand Prix,Sprint,55.0,Carlos Sainz,Williams,17.0,13.0,Finished,0 days 01:16:45.055000,0.0,,,,,
2025,Chinese Grand Prix,Sprint,5.0,Gabriel Bortoleto,Kick Sauber,18.0,14.0,Finished,0 days 01:16:47.619000,0.0,,,,,
2025,Chinese Grand Prix,Sprint,27.0,Nico Hulkenberg,Kick Sauber,19.0,20.0,Finished,0 days 01:16:50.361000,0.0,,,,,
2025,Chinese Grand Prix,Sprint,7.0,Jack Doohan,Alpine,20.0,16.0,Finished,0 days 01:16:53.891000,0.0,,,,,
2025,Chinese Grand Prix,R,81.0,Oscar Piastri,McLaren,1.0,1.0,Finished,0 days 02:29:58.128000,25.0,,,,,
2025,Chinese Grand Prix,R,4.0,Lando Norris,McLaren,2.0,3.0,Finished,0 days 02:30:07.876000,18.0,,,,,
2025,Chinese Grand Prix,R,63.0,George Russell,Mercedes,3.0,2.0,Finished,0 days 02:30:09.225000,15.0,,,,,
2025,Chinese Grand Prix,R,1.0,Max Verstappen,Red Bull Racing,4.0,4.0,Finished,0 days 02:30:14.784000,12.0,,,,,
2025,Chinese Grand Prix,R,31.0,Esteban Ocon,Haas F1 Team,5.0,11.0,Finished,0 days 02:30:48.097000,10.0,,,,,
2025,Chinese Grand Prix,R,12.0,Kimi Antonelli,Mercedes,6.0,8.0,Finished,0 days 02:30:51.876000,8.0,,,,,
2025,Chinese Grand Prix,R,23.0,Alexander Albon,Williams,7.0,10.0,Finished,0 days 02:30:54.449000,6.0,,,,,
2025,Chinese Grand Prix,R,87.0,Oliver Bearman,Haas F1 Team,8.0,17.0,Finished,0 days 02:30:59.431000,4.0,,,,,
2025,Chinese Grand Prix,R,18.0,Lance Stroll,Aston Martin,9.0,14.0,Finished,0 days 02:31:08.332000,2.0,,,,,
2025,Chinese Grand Prix,R,55.0,Carlos Sainz,Williams,10.0,15.0,Finished,0 days 02:31:14.515000,1.0,,,,,
2025,Chinese Grand Prix,R,6.0,Isack Hadjar,Racing Bulls,11.0,7.0,Finished,0 days 02:31:17.003000,0.0,,,,,
2025,Chinese Grand Prix,R,30.0,Liam Lawson,Red Bull Racing,12.0,20.0,Finished,0 days 02:31:19.275000,0.0,,,,,
2025,Chinese Grand Prix,R,7.0,Jack Doohan,Alpine,13.0,18.0,Finished,0 days 02:31:16.529000,0.0,,,,,
2025,Chinese Grand Prix,R,5.0,Gabriel Bortoleto,Kick Sauber,14.0,19.0,Lapped,0 days 02:30:08.884000,0.0,,,,,
2025,Chinese Grand Prix,R,27.0,Nico Hulkenberg,Kick Sauber,15.0,12.0,Lapped,0 days 02:30:18.354000,0.0,,,,,
2025,Chinese Grand Prix,R,22.0,Yuki Tsunoda,Racing Bulls,16.0,9.0,Lapped,0 days 02:30:21.639000,0.0,,,,,
2025,Chinese Grand Prix,R,14.0,Fernando Alonso,Aston Martin,17.0,13.0,Retired,0 days 01:06:28.676000,0.0,,,,,
2025,Chinese Grand Prix,R,16.0,Charles Leclerc,Ferrari,18.0,6.0,Disqualified,0 days 02:30:21.339000,0.0,,,,,
2025,Chinese Grand Prix,R,44.0,Lewis Hamilton,Ferrari,19.0,5.0,Disqualified,0 days 02:30:23.509000,0.0,,,,,
2025,Chinese Grand Prix,R,10.0,Pierre Gasly,Alpine,20.0,16.0,Disqualified,0 days 02:31:05.323000,0.0,,,,,
2025,Dutch Grand Prix,FP1,4.0,Lando Norris,McLaren,1.0,,,,,,,,0 days 00:01:10.278000,35.0
2025,Dutch Grand Prix,FP1,81.0,Oscar Piastri,McLaren,2.0,,,,,,,,0 days 00:01:10.570000,32.0
2025,Dutch Grand Prix,FP1,18.0,Lance Stroll,Aston Martin,3.0,,,,,,,,0 days 00:01:10.779000,25.0
2025,Dutch Grand Prix,FP1,14.0,Fernando Alonso,Aston Martin,4.0,,,,,,,,0 days 00:01:10.841000,25.0
2025,Dutch Grand Prix,FP1,23.0,Alexander Albon,Williams,5.0,,,,,,,,0 days 00:01:11.171000,33.0
2025,Dutch Grand Prix,FP1,1.0,Max Verstappen,Red Bull Racing,6.0,,,,,,,,0 days 00:01:11.218000,23.0
2025,Dutch Grand Prix,FP1,63.0,George Russell,Mercedes,7.0,,,,,,,,0 days 00:01:11.386000,29.0
2025,Dutch Grand Prix,FP1,55.0,Carlos Sainz,Williams,8.0,,,,,,,,0 days 00:01:11.458000,33.0
2025,Dutch Grand Prix,FP1,5.0,Gabriel Bortoleto,Kick Sauber,9.0,,,,,,,,0 days 00:01:11.509000,30.0
2025,Dutch Grand Prix,FP1,10.0,Pierre Gasly,Alpine,10.0,,,,,,,,0 days 00:01:11.613000,30.0
2025,Dutch Grand Prix,FP1,30.0,Liam Lawson,Racing Bulls,11.0,,,,,,,,0 days 00:01:11.753000,29.0
2025,Dutch Grand Prix,FP1,6.0,Isack Hadjar,Racing Bulls,12.0,,,,,,,,0 days 00:01:11.772000,30.0
2025,Dutch Grand Prix,FP1,27.0,Nico Hulkenberg,Kick Sauber,13.0,,,,,,,,0 days 00:01:11.875000,30.0
2025,Dutch Grand Prix,FP1,16.0,Charles Leclerc,Ferrari,14.0,,,,,,,,0 days 00:01:11.951000,32.0
2025,Dutch Grand Prix,FP1,44.0,Lewis Hamilton,Ferrari,15.0,,,,,,,,0 days 00:01:11.960000,28.0
2025,Dutch Grand Prix,FP1,22.0,Yuki Tsunoda,Red Bull Racing,16.0,,,,,,,,0 days 00:01:12.126000,24.0
2025,Dutch Grand Prix,FP1,31.0,Esteban Ocon,Haas F1 Team,17.0,,,,,,,,0 days 00:01:12.144000,29.0
2025,Dutch Grand Prix,FP1,43.0,Franco Colapinto,Alpine,18.0,,,,,,,,0 days 00:01:12.276000,27.0
2025,Dutch Grand Prix,FP1,87.0,Oliver Bearman,Haas F1 Team,19.0,,,,,,,,0 days 00:01:12.564000,30.0
2025,Dutch Grand Prix,FP1,12.0,Kimi Antonelli,Mercedes,20.0,,,,,,,,0 days 00:01:14.275000,6.0
2025,Dutch Grand Prix,FP2,4.0,Lando Norris,McLaren,1.0,,,,,,,,0 days 00:01:09.890000,28.0
2025,Dutch Grand Prix,FP2,14.0,Fernando Alonso,Aston Martin,2.0,,,,,,,,0 days 00:01:09.977000,20.0
2025,Dutch Grand Prix,FP2,81.0,Oscar Piastri,McLaren,3.0,,,,,,,,0 days 00:01:09.979000,29.0
2025,Dutch Grand Prix,FP2,63.0,George Russell,Mercedes,4.0,,,,,,,,0 days 00:01:10.274000,25.0
2025,Dutch Grand Prix,FP2,1.0,Max Verstappen,Red Bull Racing,5.0,,,,,,,,0 days 00:01:10.478000,23.0
2025,Dutch Grand Prix,FP2,44.0,Lewis Hamilton,Ferrari,6.0,,,,,,,,0 days 00:01:10.738000,22.0
2025,Dutch Grand Prix,FP2,22.0,Yuki Tsunoda,Red Bull Racing,7.0,,,,,,,,0 days 00:01:10.795000,26.0
2025,Dutch Grand Prix,FP2,16.0,Charles Leclerc,Ferrari,8.0,,,,,,,,0 days 00:01:10.834000,23.0
2025,Dutch Grand Prix,FP2,43.0,Franco Colapinto,Alpine,9.0,,,,,,,,0 days 00:01:10.957000,26.0
2025,Dutch Grand Prix,FP2,27.0,Nico Hulkenberg,Kick Sauber,10.0,,,,,,,,0 days 00:01:11.080000,25.0
2025,Dutch Grand Prix,FP2,87.0,Oliver Bearman,Haas F1 Team,11.0,,,,,,,,0 days 00:01:11.113000,26.0
2025,Dutch Grand Prix,FP2,12.0,Kimi Antonelli,Mercedes,12.0,,,,,,,,0 days 00:01:11.185000,21.0
2025,Dutch Grand Prix,FP2,5.0,Gabriel Bortoleto,Kick Sauber,13.0,,,,,,,,0 days 00:01:11.320000,25.0
2025,Dutch Grand Prix,FP2,30.0,Liam Lawson,Racing Bulls,14.0,,,,,,,,0 days 00:01:11.339000,25.0
2025,Dutch Grand Prix,FP2,31.0,Esteban Ocon,Haas F1 Team,15.0,,,,,,,,0 days 00:01:11.361000,23.0
2025,Dutch Grand Prix,FP2,55.0,Carlos Sainz,Williams,16.0,,,,,,,,0 days 00:01:11.682000,30.0
2025,Dutch Grand Prix,FP2,23.0,Alexander Albon,Williams,17.0,,,,,,,,0 days 00:01:11.756000,16.0
2025,Dutch Grand Prix,FP2,18.0,Lance Stroll,Aston Martin,18.0,,,,,,,,0 days 00:01:11.975000,7.0
2025,Dutch Grand Prix,FP2,10.0,Pierre Gasly,Alpine,19.0,,,,,,,,0 days 00:01:12.122000,28.0
2025,Dutch Grand Prix,FP2,6.0,Isack Hadjar,Racing Bulls,20.0,,,,,,,,,1.0
2025,Dutch Grand Prix,FP3,4.0,Lando Norris,McLaren,1.0,,,,,,,,0 days 00:01:08.972000,16.0
2025,Dutch Grand Prix,FP3,81.0,Oscar Piastri,McLaren,2.0,,,,,,,,0 days 00:01:09.214000,15.0
2025,Dutch Grand Prix,FP3,63.0,George Russell,Mercedes,3.0,,,,,,,,0 days 00:01:09.858000,17.0
2025,Dutch Grand Prix,FP3,55.0,Carlos Sainz,Williams,4.0,,,,,,,,0 days 00:01:09.913000,23.0
2025,Dutch Grand Prix,FP3,1.0,Max Verstappen,Red Bull Racing,5.0,,,,,,,,0 days 00:01:09.925000,20.0
2025,Dutch Grand Prix,FP3,16.0,Charles Leclerc,Ferrari,6.0,,,,,,,,0 days 00:01:09.938000,23.0
2025,Dutch Grand Prix,FP3,23.0,Alexander Albon,Williams,7.0,,,,,,,,0 days 00:01:10.099000,22.0
2025,Dutch Grand Prix,FP3,18.0,Lance Stroll,Aston Martin,8.0,,,,,,,,0 days 00:01:10.103000,24.0
2025,Dutch Grand Prix,FP3,6.0,Isack Hadjar,Racing Bulls,9.0,,,,,,,,0 days 00:01:10.166000,21.0
2025,Dutch Grand Prix,FP3,14.0,Fernando Alonso,Aston Martin,10.0,,,,,,,,0 days 00:01:10.232000,20.0
2025,Dutch Grand Prix,FP3,30.0,Liam Lawson,Racing Bulls,11.0,,,,,,,,0 days 00:01:10.300000,17.0
2025,Dutch Grand Prix,FP3,22.0,Yuki Tsunoda,Red Bull Racing,12.0,,,,,,,,0 days 00:01:10.349000,19.0
2025,Dutch Grand Prix,FP3,5.0,Gabriel Bortoleto,Kick Sauber,13.0,,,,,,,,0 days 00:01:10.361000,21.0
2025,Dutch Grand Prix,FP3,44.0,Lewis Hamilton,Ferrari,14.0,,,,,,,,0 days 00:01:10.373000,20.0
2025,Dutch Grand Prix,FP3,87.0,Oliver Bearman,Haas F1 Team,15.0,,,,,,,,0 days 00:01:10.595000,19.0
2025,Dutch Grand Prix,FP3,27.0,Nico Hulkenberg,Kick Sauber,16.0,,,,,,,,0 days 00:01:10.599000,24.0
2025,Dutch Grand Prix,FP3,12.0,Kimi Antonelli,Mercedes,17.0,,,,,,,,0 days 00:01:10.697000,31.0
2025,Dutch Grand Prix,FP3,31.0,Esteban Ocon,Haas F1 Team,18.0,,,,,,,,0 days 00:01:10.801000,18.0
2025,Dutch Grand Prix,FP3,10.0,Pierre Gasly,Alpine,19.0,,,,,,,,0 days 00:01:10.963000,24.0
2025,Dutch Grand Prix,FP3,43.0,Franco Colapinto,Alpine,20.0,,,,,,,,0 days 00:01:11.054000,21.0
2025,Dutch Grand Prix,Q,81.0,Oscar Piastri,McLaren,1.0,,,,,0 days 00:01:09.338000,0 days 00:01:08.964000,0 days 00:01:08.662000,,
2025,Dutch Grand Prix,Q,4.0,Lando Norris,McLaren,2.0,,,,,0 days 00:01:09.469000,0 days 00:01:08.874000,0 days 00:01:08.674000,,
2025,Dutch Grand Prix,Q,1.0,Max Verstappen,Red Bull Racing,3.0,,,,,0 days 00:01:09.696000,0 days 00:01:09.122000,0 days 00:01:08.925000,,
2025,Dutch Grand Prix,Q,6.0,Isack Hadjar,Racing Bulls,4.0,,,,,0 days 00:01:09.966000,0 days 00:01:09.439000,0 days 00:01:09.208000,,
2025,Dutch Grand Prix,Q,63.0,George Russell,Mercedes,5.0,,,,,0 days 00:01:09.676000,0 days 00:01:09.313000,0 days 00:01:09.255000,,
2025,Dutch Grand Prix,Q,16.0,Charles Leclerc,Ferrari,6.0,,,,,0 days 00:01:09.906000,0 days 00:01:09.304000,0 days 00:01:09.340000,,
2025,Dutch Grand Prix,Q,44.0,Lewis Hamilton,Ferrari,7.0,,,,,0 days 00:01:09.900000,0 days 00:01:09.261000,0 days 00:01:09.390000,,
2025,Dutch Grand Prix,Q,30.0,Liam Lawson,Racing Bulls,8.0,,,,,0 days 00:01:09.779000,0 days 00:01:09.383000,0 days 00:01:09.500000,,
2025,Dutch Grand Prix,Q,55.0,Carlos Sainz,Williams,9.0,,,,,0 days 00:01:09.980000,0 days 00:01:09.472000,0 days 00:01:09.505000,,
2025,Dutch Grand Prix,Q,14.0,Fernando Alonso,Aston Martin,10.0,,,,,0 days 00:01:09.950000,0 days 00:01:09.366000,0 days 00:01:09.630000,,
2025,Dutch Grand Prix,Q,12.0,Kimi Antonelli,Mercedes,11.0,,,,,0 days 00:01:09.845000,0 days 00:01:09.493000,,,
2025,Dutch Grand Prix,Q,22.0,Yuki Tsunoda,Red Bull Racing,12.0,,,,,0 days 00:01:09.954000,0 days 00:01:09.622000,,,
2025,Dutch Grand Prix,Q,5.0,Gabriel Bortoleto,Kick Sauber,13.0,,,,,0 days 00:01:10.037000,0 days 00:01:09.622000,,,
2025,Dutch Grand Prix,Q,10.0,Pierre Gasly,Alpine,14.0,,,,,0 days 00:01:09.894000,0 days 00:01:09.637000,,,
2025,Dutch Grand Prix,Q,23.0,Alexander Albon,Williams,15.0,,,,,0 days 00:01:09.792000,0 days 00:01:09.652000,,,
2025,Dutch Grand Prix,Q,43.0,Franco Colapinto,Alpine,16.0,,,,,0 days 00:01:10.104000,,,,
2025,Dutch Grand Prix,Q,27.0,Nico Hulkenberg,Kick Sauber,17.0,,,,,0 days 00:01:10.195000,,,,
2025,Dutch Grand Prix,Q,31.0,Esteban Ocon,Haas F1 Team,18.0,,,,,0 days 00:01:10.197000,,,,
2025,Dutch Grand Prix,Q,87.0,Oliver Bearman,Haas F1 Team,19.0,,,,,0 days 00:01:10.262000,,,,
2025,Dutch Grand Prix,Q,18.0,Lance Stroll,Aston Martin,20.0,,,,,,,,,
2025,Dutch Grand Prix,R,81.0,Oscar Piastri,McLaren,1.0,1.0,Finished,0 days 02:35:04.151000,25.0,,,,,
2025,Dutch Grand Prix,R,1.0,Max Verstappen,Red Bull Racing,2.0,3.0,Finished,0 days 02:35:05.422000,18.0,,,,,
2025,Dutch Grand Prix,R,6.0,Isack Hadjar,Racing Bulls,3.0,4.0,Finished,0 days 02:35:07.384000,15.0,,,,,
2025,Dutch Grand Prix,R,63.0,George Russell,Mercedes,4.0,5.0,Finished,0 days 02:35:09.805000,12.0,,,,,
2025,Dutch Grand Prix,R,23.0,Alexander Albon,Williams,5.0,15.0,Finished,0 days 02:35:10.478000,10.0,,,,,
2025,Dutch Grand Prix,R,87.0,Oliver Bearman,Haas F1 Team,6.0,20.0,Finished,0 days 02:35:13.195000,8.0,,,,,
2025,Dutch Grand Prix,R,18.0,Lance Stroll,Aston Martin,7.0,19.0,Finished,0 days 02:35:13.648000,6.0,,,,,
2025,Dutch Grand Prix,R,14.0,Fernando Alonso,Aston Martin,8.0,10.0,Finished,0 days 02:35:15.860000,4.0,,,,,
2025,Dutch Grand Prix,R,22.0,Yuki Tsunoda,Red Bull Racing,9.0,12.0,Finished,0 days 02:35:17.748000,2.0,,,,,
2025,Dutch Grand Prix,R,31.0,Esteban Ocon,Haas F1 Team,10.0,18.0,Finished,0 days 02:35:18.214000,1.0,,,,,
2025,Dutch Grand Prix,R,43.0,Franco Colapinto,Alpine,11.0,16.0,Finished,0 days 02:35:18.662000,0.0,,,,,
2025,Dutch Grand Prix,R,30.0,Liam Lawson,Racing Bulls,12.0,8.0,Finished,0 days 02:35:21.214000,0.0,,,,,
2025,Dutch Grand Prix,R,55.0,Carlos Sainz,Williams,13.0,9.0,Finished,0 days 02:35:21.527000,0.0,,,,,
2025,Dutch Grand Prix,R,27.0,Nico Hulkenberg,Kick Sauber,14.0,17.0,Finished,0 days 02:35:23.876000,0.0,,,,,
2025,Dutch Grand Prix,R,5.0,Gabriel Bortoleto,Kick Sauber,15.0,13.0,Finished,0 days 02:35:25.716000,0.0,,,,,
2025,Dutch Grand Prix,R,12.0,Kimi Antonelli,Mercedes,16.0,11.0,Finished,0 days 02:35:11.180000,0.0,,,,,
2025,Dutch Grand Prix,R,10.0,Pierre Gasly,Alpine,17.0,14.0,Finished,0 days 02:35:27.780000,0.0,,,,,
2025,Dutch Grand Prix,R,4.0,Lando Norris,McLaren,18.0,2.0,Retired,0 days 02:25:12.789000,0.0,,,,,
2025,Dutch Grand Prix,R,16.0,Charles Leclerc,Ferrari,19.0,6.0,Retired,0 days 02:04:51.320000,0.0,,,,,
2025,Dutch Grand Prix,R,44.0,Lewis Hamilton,Ferrari,20.0,7.0,Retired,0 days 01:27:09.780000,0.0,,,,,
2025,Emilia Romagna Grand Prix,FP1,81.0,Oscar Piastri,McLaren,1.0,,,,,,,,0 days 00:01:16.545000,23.0
2025,Emilia Romagna Grand Prix,FP1,4.0,Lando Norris,McLaren,2.0,,,,,,,,0 days 00:01:16.577000,23.0
2025,Emilia Romagna Grand Prix,FP1,55.0,Carlos Sainz,Williams,3.0,,,,,,,,0 days 00:01:16.597000,19.0
2025,Emilia Romagna Grand Prix,FP1,63.0,George Russell,Mercedes,4.0,,,,,,,,0 days 00:01:16.599000,26.0
2025,Emilia Romagna Grand Prix,FP1,44.0,Lewis Hamilton,Ferrari,5.0,,,,,,,,0 days 00:01:16.641000,22.0
2025,Emilia Romagna Grand Prix,FP1,10.0,Pierre Gasly,Alpine,6.0,,,,,,,,0 days 00:01:16.696000,21.0
2025,Emilia Romagna Grand Prix,FP1,1.0,Max Verstappen,Red Bull Racing,7.0,,,,,,,,0 days 00:01:16.905000,15.0
2025,Emilia Romagna Grand Prix,FP1,23.0,Alexander Albon,Williams,8.0,,,,,,,,0 days 00:01:16.922000,21.0
2025,Emilia Romagna Grand Prix,FP1,5.0,Gabriel Bortoleto,Kick Sauber,9.0,,,,,,,,0 days 00:01:16.925000,22.0
2025,Emilia Romagna Grand Prix,FP1,27.0,Nico Hulkenberg,Kick Sauber,10.0,,,,,,,,0 days 00:01:16.998000,23.0
2025,Emilia Romagna Grand Prix,FP1,18.0,Lance Stroll,Aston Martin,11.0,,,,,,,,0 days 00:01:17.032000,22.0
2025,Emilia Romagna Grand Prix,FP1,16.0,Charles Leclerc,Ferrari,12.0,,,,,,,,0 days 00:01:17.077000,23.0
2025,Emilia Romagna Grand Prix,FP1,12.0,Kimi Antonelli,Mercedes,13.0,,,,,,,,0 days 00:01:17.094000,22.0
2025,Emilia Romagna Grand Prix,FP1,14.0,Fernando Alonso,Aston Martin,14.0,,,,,,,,0 days 00:01:17.121000,21.0
2025,Emilia Romagna Grand Prix,FP1,30.0,Liam Lawson,Racing Bulls,15.0,,,,,,,,0 days 00:01:17.286000,22.0
2025,Emilia Romagna Grand Prix,FP1,22.0,Yuki Tsunoda,Red Bull Racing,16.0,,,,,,,,0 days 00:01:17.356000,17.0
2025,Emilia Romagna Grand Prix,FP1,43.0,Franco Colapinto,Alpine,17.0,,,,,,,,0 days 00:01:17.373000,21.0
2025,Emilia Romagna Grand Prix,FP1,87.0,Oliver Bearman,Haas F1 Team,18.0,,,,,,,,0 days 00:01:17.446000,20.0
2025,Emilia Romagna Grand Prix,FP1,6.0,Isack Hadjar,Racing Bulls,19.0,,,,,,,,0 days 00:01:17.641000,19.0
2025,Emilia Romagna Grand Prix,FP1,31.0,Esteban Ocon,Haas F1 Team,20.0,,,,,,,,0 days 00:01:17.662000,19.0
2025,Emilia Romagna Grand Prix,FP2,81.0,Oscar Piastri,McLaren,1.0,,,,,,,,0 days 00:01:15.293000,28.0
2025,Emilia Romagna Grand Prix,FP2,4.0,Lando Norris,McLaren,2.0,,,,,,,,0 days 00:01:15.318000,25.0
2025,Emilia Romagna Grand Prix,FP2,10.0,Pierre Gasly,Alpine,3.0,,,,,,,,0 days 00:01:15.569000,29.0
2025,Emilia Romagna Grand Prix,FP2,63.0,George Russell,Mercedes,4.0,,,,,,,,0 days 00:01:15.693000,23.0
2025,Emilia Romagna Grand Prix,FP2,1.0,Max Verstappen,Red Bull Racing,5.0,,,,,,,,0 days 00:01:15.735000,26.0
2025,Emilia Romagna Grand Prix,FP2,16.0,Charles Leclerc,Ferrari,6.0,,,,,,,,0 days 00:01:15.768000,28.0
2025,Emilia Romagna Grand Prix,FP2,6.0,Isack Hadjar,Racing Bulls,7.0,,,,,,,,0 days 00:01:15.792000,22.0
2025,Emilia Romagna Grand Prix,FP2,22.0,Yuki Tsunoda,Red Bull Racing,8.0,,,,,,,,0 days 00:01:15.827000,29.0
2025,Emilia Romagna Grand Prix,FP2,23.0,Alexander Albon,Williams,9.0,,,,,,,,0 days 00:01:15.916000,29.0
2025,Emilia Romagna Grand Prix,FP2,55.0,Carlos Sainz,Williams,10.0,,,,,,,,0 days 00:01:15.934000,29.0
2025,Emilia Romagna Grand Prix,FP2,44.0,Lewis Hamilton,Ferrari,11.0,,,,,,,,0 days 00:01:15.943000,26.0
2025,Emilia Romagna Grand Prix,FP2,87.0,Oliver Bearman,Haas F1 Team,12.0,,,,,,,,0 days 00:01:16.009000,26.0
2025,Emilia Romagna Grand Prix,FP2,43.0,Franco Colapinto,Alpine,13.0,,,,,,,,0 days 00:01:16.044000,29.0
2025,Emilia Romagna Grand Prix,FP2,14.0,Fernando Alonso,Aston Martin,14.0,,,,,,,,0 days 00:01:16.220000,21.0
2025,Emilia Romagna Grand Prix,FP2,30.0,Liam Lawson,Racing Bulls,15.0,,,,,,,,0 days 00:01:16.255000,22.0
2025,Emilia Romagna Grand Prix,FP2,5.0,Gabriel Bortoleto,Kick Sauber,16.0,,,,,,,,0 days 00:01:16.339000,27.0
2025,Emilia Romagna Grand Prix,FP2,18.0,Lance Stroll,Aston Martin,17.0,,,,,,,,0 days 00:01:16.341000,23.0
2025,Emilia Romagna Grand Prix,FP2,12.0,Kimi Antonelli,Mercedes,18.0,,,,,,,,0 days 00:01:16.406000,27.0
2025,Emilia Romagna Grand Prix,FP2,27.0,Nico Hulkenberg,Kick Sauber,19.0,,,,,,,,0 days 00:01:16.419000,26.0
2025,Emilia Romagna Grand Prix,FP2,31.0,Esteban Ocon,Haas F1 Team,20.0,,,,,,,,0 days 00:01:16.420000,24.0
2025,Emilia Romagna Grand Prix,FP3,4.0,Lando Norris,McLaren,1.0,,,,,,,,0 days 00:01:14.897000,19.0
2025,Emilia Romagna Grand Prix,FP3,81.0,Oscar Piastri,McLaren,2.0,,,,,,,,0 days 00:01:14.997000,19.0
2025,Emilia Romagna Grand Prix,FP3,1.0,Max Verstappen,Red Bull Racing,3.0,,,,,,,,0 days 00:01:15.078000,17.0
2025,Emilia Romagna Grand Prix,FP3,12.0,Kimi Antonelli,Mercedes,4.0,,,,,,,,0 days 00:01:15.399000,15.0
2025,Emilia Romagna Grand Prix,FP3,16.0,Charles Leclerc,Ferrari,5.0,,,,,,,,0 days 00:01:15.451000,26.0
2025,Emilia Romagna Grand Prix,FP3,55.0,Carlos Sainz,Williams,6.0,,,,,,,,0 days 00:01:15.457000,21.0
2025,Emilia Romagna Grand Prix,FP3,6.0,Isack Hadjar,Racing Bulls,7.0,,,,,,,,0 days 00:01:15.508000,20.0
2025,Emilia Romagna Grand Prix,FP3,63.0,George Russell,Mercedes,8.0,,,,,,,,0 days 00:01:15.662000,14.0
2025,Emilia Romagna Grand Prix,FP3,23.0,Alexander Albon,Williams,9.0,,,,,,,,0 days 00:01:15.732000,20.0
2025,Emilia Romagna Grand Prix,FP3,44.0,Lewis Hamilton,Ferrari,10.0,,,,,,,,0 days 00:01:15.787000,25.0
2025,Emilia Romagna Grand Prix,FP3,14.0,Fernando Alonso,Aston Martin,11.0,,,,,,,,0 days 00:01:15.819000,18.0
2025,Emilia Romagna Grand Prix,FP3,87.0,Oliver Bearman,Haas F1 Team,12.0,,,,,,,,0 days 00:01:15.944000,14.0
2025,Emilia Romagna Grand Prix,FP3,18.0,Lance Stroll,Aston Martin,13.0,,,,,,,,0 days 00:01:15.975000,22.0
2025,Emilia Romagna Grand Prix,FP3,30.0,Liam Lawson,Racing Bulls,14.0,,,,,,,,0 days 00:01:15.977000,21.0
2025,Emilia Romagna Grand Prix,FP3,10.0,Pierre Gasly,Alpine,15.0,,,,,,,,0 days 00:01:15.990000,14.0
2025,Emilia Romagna Grand Prix,FP3,5.0,Gabriel Bortoleto,Kick Sauber,16.0,,,,,,,,0 days 00:01:16.046000,17.0
2025,Emilia Romagna Grand Prix,FP3,22.0,Yuki Tsunoda,Red Bull Racing,17.0,,,,,,,,0 days 00:01:16.110000,14.0
2025,Emilia Romagna Grand Prix,FP3,43.0,Franco Colapinto,Alpine,18.0,,,,,,,,0 days 00:01:16.210000,14.0
2025,Emilia Romagna Grand Prix,FP3,27.0,Nico Hulkenberg,Kick Sauber,19.0,,,,,,,,0 days 00:01:16.238000,16.0
2025,Emilia Romagna Grand Prix,FP3,31.0,Esteban Ocon,Haas F1 Team,20.0,,,,,,,,0 days 00:01:16.387000,15.0
2025,Emilia Romagna Grand Prix,Q,81.0,Oscar Piastri,McLaren,1.0,,,,,0 days 00:01:15.500000,0 days 00:01:15.214000,0 days 00:01:14.670000,,
2025,Emilia Romagna Grand Prix,Q,1.0,Max Verstappen,Red Bull Racing,2.0,,,,,0 days 00:01:15.175000,0 days 00:01:15.394000,0 days 00:01:14.704000,,
2025,Emilia Romagna Grand Prix,Q,63.0,George Russell,Mercedes,3.0,,,,,0 days 00:01:15.852000,0 days 00:01:15.334000,0 days 00:01:14.807000,,
2025,Emilia Romagna Grand Prix,Q,4.0,Lando Norris,McLaren,4.0,,,,,0 days 00:01:15.894000,0 days 00:01:15.261000,0 days 00:01:14.962000,,
2025,Emilia Romagna Grand Prix,Q,14.0,Fernando Alonso,Aston Martin,5.0,,,,,0 days 00:01:15.695000,0 days 00:01:15.442000,0 days 00:01:15.431000,,
2025,Emilia Romagna Grand Prix,Q,55.0,Carlos Sainz,Williams,6.0,,,,,0 days 00:01:15.987000,0 days 00:01:15.198000,0 days 00:01:15.432000,,
2025,Emilia Romagna Grand Prix,Q,23.0,Alexander Albon,Williams,7.0,,,,,0 days 00:01:16.123000,0 days 00:01:15.521000,0 days 00:01:15.473000,,
2025,Emilia Romagna Grand Prix,Q,18.0,Lance Stroll,Aston Martin,8.0,,,,,0 days 00:01:15.817000,0 days 00:01:15.497000,0 days 00:01:15.581000,,
2025,Emilia Romagna Grand Prix,Q,6.0,Isack Hadjar,Racing Bulls,9.0,,,,,0 days 00:01:16.253000,0 days 00:01:15.510000,0 days 00:01:15.746000,,
2025,Emilia Romagna Grand Prix,Q,10.0,Pierre Gasly,Alpine,10.0,,,,,0 days 00:01:15.937000,0 days 00:01:15.505000,0 days 00:01:15.787000,,
2025,Emilia Romagna Grand Prix,Q,16.0,Charles Leclerc,Ferrari,11.0,,,,,0 days 00:01:16.108000,0 days 00:01:15.604000,,,
2025,Emilia Romagna Grand Prix,Q,44.0,Lewis Hamilton,Ferrari,12.0,,,,,0 days 00:01:16.163000,0 days 00:01:15.765000,,,
2025,Emilia Romagna Grand Prix,Q,12.0,Kimi Antonelli,Mercedes,13.0,,,,,0 days 00:01:15.943000,0 days 00:01:15.772000,,,
2025,Emilia Romagna Grand Prix,Q,5.0,Gabriel Bortoleto,Kick Sauber,14.0,,,,,0 days 00:01:16.340000,0 days 00:01:16.260000,,,
2025,Emilia Romagna Grand Prix,Q,43.0,Franco Colapinto,Alpine,15.0,,,,,0 days 00:01:16.256000,,,,
2025,Emilia Romagna Grand Prix,Q,30.0,Liam Lawson,Racing Bulls,16.0,,,,,0 days 00:01:16.379000,,,,
2025,Emilia Romagna Grand Prix,Q,87.0,Oliver Bearman,Haas F1 Team,16.0,,,,,0 days 00:01:16.918000,,,,
2025,Emilia Romagna Grand Prix,Q,27.0,Nico Hulkenberg,Kick Sauber,17.0,,,,,0 days 00:01:16.518000,,,,
2025,Emilia Romagna Grand Prix,Q,31.0,Esteban Ocon,Haas F1 Team,18.0,,,,,0 days 00:01:16.613000,,,,
2025,Emilia Romagna Grand Prix,Q,22.0,Yuki Tsunoda,Red Bull Racing,20.0,,,,,,,,,
2025,Emilia Romagna Grand Prix,R,1.0,Max Verstappen,Red Bull Racing,1.0,2.0,Finished,0 days 02:27:32.552000,25.0,,,,,
2025,Emilia Romagna Grand Prix,R,4.0,Lando Norris,McLaren,2.0,4.0,Finished,0 days 02:27:38.661000,18.0,,,,,
2025,Emilia Romagna Grand Prix,R,81.0,Oscar Piastri,McLaren,3.0,1.0,Finished,0 days 02:27:45.508000,15.0,,,,,
2025,Emilia Romagna Grand Prix,R,44.0,Lewis Hamilton,Ferrari,4.0,12.0,Finished,0 days 02:27:46.908000,12.0,,,,,
2025,Emilia Romagna Grand Prix,R,23.0,Alexander Albon,Williams,5.0,7.0,Finished,0 days 02:27:50.497000,10.0,,,,,
2025,Emilia Romagna Grand Prix,R,16.0,Charles Leclerc,Ferrari,6.0,11.0,Finished,0 days 02:27:53.326000,8.0,,,,,
2025,Emilia Romagna Grand Prix,R,63.0,George Russell,Mercedes,7.0,3.0,Finished,0 days 02:27:54.586000,6.0,,,,,
2025,Emilia Romagna Grand Prix,R,55.0,Carlos Sainz,Williams,8.0,6.0,Finished,0 days 02:27:55.450000,4.0,,,,,
2025,Emilia Romagna Grand Prix,R,6.0,Isack Hadjar,Racing Bulls,9.0,9.0,Finished,0 days 02:27:56.138000,2.0,,,,,
2025,Emilia Romagna Grand Prix,R,22.0,Yuki Tsunoda,Red Bull Racing,10.0,20.0,Finished,0 days 02:27:58.998000,1.0,,,,,
2025,Emilia Romagna Grand Prix,R,14.0,Fernando Alonso,Aston Martin,11.0,5.0,Finished,0 days 02:27:59.802000,0.0,,,,,
2025,Emilia Romagna Grand Prix,R,27.0,Nico Hulkenberg,Kick Sauber,12.0,17.0,Finished,0 days 02:28:02.848000,0.0,,,,,
2025,Emilia Romagna Grand Prix,R,10.0,Pierre Gasly,Alpine,13.0,10.0,Finished,0 days 02:28:03.976000,0.0,,,,,
2025,Emilia Romagna Grand Prix,R,30.0,Liam Lawson,Racing Bulls,14.0,15.0,Finished,0 days 02:28:05.063000,0.0,,,,,
2025,Emilia Romagna Grand Prix,R,18.0,Lance Stroll,Aston Martin,15.0,8.0,Finished,0 days 02:28:05.545000,0.0,,,,,
2025,Emilia Romagna Grand Prix,R,43.0,Franco Colapinto,Alpine,16.0,16.0,Finished,0 days 02:28:05.963000,0.0,,,,,
2025,Emilia Romagna Grand Prix,R,87.0,Oliver Bearman,Haas F1 Team,17.0,19.0,Finished,0 days 02:28:06.360000,0.0,,,,,
2025,Emilia Romagna Grand Prix,R,5.0,Gabriel Bortoleto,Kick Sauber,18.0,14.0,Finished,0 days 02:28:11.124000,0.0,,,,,
2025,Emilia Romagna Grand Prix,R,12.0,Kimi Antonelli,Mercedes,19.0,13.0,Retired,0 days 01:59:59.097000,0.0,,,,,
2025,Emilia Romagna Grand Prix,R,31.0,Esteban Ocon,Haas F1 Team,20.0,18.0,Retired,0 days 01:36:11.688000,0.0,,,,,
2025,Hungarian Grand Prix,FP1,4.0,Lando Norris,McLaren,1.0,,,,,,,,0 days 00:01:16.052000,26.0
2025,Hungarian Grand Prix,FP1,81.0,Oscar Piastri,McLaren,2.0,,,,,,,,0 days 00:01:16.071000,30.0
2025,Hungarian Grand Prix,FP1,16.0,Charles Leclerc,Ferrari,3.0,,,,,,,,0 days 00:01:16.269000,28.0
2025,Hungarian Grand Prix,FP1,6.0,Isack Hadjar,Racing Bulls,4.0,,,,,,,,0 days 00:01:16.681000,31.0
2025,Hungarian Grand Prix,FP1,44.0,Lewis Hamilton,Ferrari,5.0,,,,,,,,0 days 00:01:16.734000,28.0
2025,Hungarian Grand Prix,FP1,87.0,Oliver Bearman,Haas F1 Team,6.0,,,,,,,,0 days 00:01:16.878000,26.0
2025,Hungarian Grand Prix,FP1,12.0,Kimi Antonelli,Mercedes,7.0,,,,,,,,0 days 00:01:16.880000,26.0
2025,Hungarian Grand Prix,FP1,63.0,George Russell,Mercedes,8.0,,,,,,,,0 days 00:01:16.925000,26.0
2025,Hungarian Grand Prix,FP1,1.0,Max Verstappen,Red Bull Racing,9.0,,,,,,,,0 days 00:01:16.940000,25.0
2025,Hungarian Grand Prix,FP1,18.0,Lance Stroll,Aston Martin,10.0,,,,,,,,0 days 00:01:16.958000,25.0
2025,Hungarian Grand Prix,FP1,23.0,Alexander Albon,Williams,11.0,,,,,,,,0 days 00:01:16.984000,28.0
2025,Hungarian Grand Prix,FP1,31.0,Esteban Ocon,Haas F1 Team,12.0,,,,,,,,0 days 00:01:17.004000,26.0
2025,Hungarian Grand Prix,FP1,10.0,Pierre Gasly,Alpine,13.0,,,,,,,,0 days 00:01:17.123000,27.0
2025,Hungarian Grand Prix,FP1,30.0,Liam Lawson,Racing Bulls,14.0,,,,,,,,0 days 00:01:17.184000,29.0
2025,Hungarian Grand Prix,FP1,55.0,Carlos Sainz,Williams,15.0,,,,,,,,0 days 00:01:17.195000,31.0
2025,Hungarian Grand Prix,FP1,34.0,Felipe Drugovich,Aston Martin,16.0,,,,,,,,0 days 00:01:17.269000,26.0
2025,Hungarian Grand Prix,FP1,22.0,Yuki Tsunoda,Red Bull Racing,17.0,,,,,,,,0 days 00:01:17.393000,27.0
2025,Hungarian Grand Prix,FP1,43.0,Franco Colapinto,Alpine,18.0,,,,,,,,0 days 00:01:17.464000,29.0
2025,Hungarian Grand Prix,FP1,5.0,Gabriel Bortoleto,Kick Sauber,19.0,,,,,,,,0 days 00:01:17.652000,17.0
2025,Hungarian Grand Prix,FP1,97.0,Paul Aron,Kick Sauber,20.0,,,,,,,,0 days 00:01:19.788000,9.0
2025,Hungarian Grand Prix,FP2,4.0,Lando Norris,McLaren,1.0,,,,,,,,0 days 00:01:15.624000,27.0
2025,Hungarian Grand Prix,FP2,81.0,Oscar Piastri,McLaren,2.0,,,,,,,,0 days 00:01:15.915000,30.0
2025,Hungarian Grand Prix,FP2,16.0,Charles Leclerc,Ferrari,3.0,,,,,,,,0 days 00:01:16.023000,28.0
2025,Hungarian Grand Prix,FP2,18.0,Lance Stroll,Aston Martin,4.0,,,,,,,,0 days 00:01:16.119000,28.0
2025,Hungarian Grand Prix,FP2,14.0,Fernando Alonso,Aston Martin,5.0,,,,,,,,0 days 00:01:16.233000,25.0
2025,Hungarian Grand Prix,FP2,44.0,Lewis Hamilton,Ferrari,6.0,,,,,,,,0 days 00:01:16.329000,28.0
2025,Hungarian Grand Prix,FP2,63.0,George Russell,Mercedes,7.0,,,,,,,,0 days 00:01:16.417000,27.0
2025,Hungarian Grand Prix,FP2,6.0,Isack Hadjar,Racing Bulls,8.0,,,,,,,,0 days 00:01:16.427000,30.0
2025,Hungarian Grand Prix,FP2,22.0,Yuki Tsunoda,Red Bull Racing,9.0,,,,,,,,0 days 00:01:16.485000,30.0
2025,Hungarian Grand Prix,FP2,12.0,Kimi Antonelli,Mercedes,10.0,,,,,,,,0 days 00:01:16.520000,26.0
2025,Hungarian Grand Prix,FP2,87.0,Oliver Bearman,Haas F1 Team,11.0,,,,,,,,0 days 00:01:16.567000,27.0
2025,Hungarian Grand Prix,FP2,27.0,Nico Hulkenberg,Kick Sauber,12.0,,,,,,,,0 days 00:01:16.680000,31.0
2025,Hungarian Grand Prix,FP2,31.0,Esteban Ocon,Haas F1 Team,13.0,,,,,,,,0 days 00:01:16.704000,29.0
2025,Hungarian Grand Prix,FP2,1.0,Max Verstappen,Red Bull Racing,14.0,,,,,,,,0 days 00:01:16.791000,25.0
2025,Hungarian Grand Prix,FP2,30.0,Liam Lawson,Racing Bulls,15.0,,,,,,,,0 days 00:01:16.812000,29.0
2025,Hungarian Grand Prix,FP2,55.0,Carlos Sainz,Williams,16.0,,,,,,,,0 days 00:01:16.874000,32.0
2025,Hungarian Grand Prix,FP2,5.0,Gabriel Bortoleto,Kick Sauber,17.0,,,,,,,,0 days 00:01:16.946000,29.0
2025,Hungarian Grand Prix,FP2,23.0,Alexander Albon,Williams,18.0,,,,,,,,0 days 00:01:17.021000,30.0
2025,Hungarian Grand Prix,FP2,10.0,Pierre Gasly,Alpine,19.0,,,,,,,,0 days 00:01:17.043000,25.0
2025,Hungarian Grand Prix,FP2,43.0,Franco Colapinto,Alpine,20.0,,,,,,,,0 days 00:01:17.159000,29.0
2025,Hungarian Grand Prix,FP3,81.0,Oscar Piastri,McLaren,1.0,,,,,,,,0 days 00:01:14.916000,17.0
2025,Hungarian Grand Prix,FP3,4.0,Lando Norris,McLaren,2.0,,,,,,,,0 days 00:01:14.948000,20.0
2025,Hungarian Grand Prix,FP3,16.0,Charles Leclerc,Ferrari,3.0,,,,,,,,0 days 00:01:15.315000,17.0
2025,Hungarian Grand Prix,FP3,44.0,Lewis Hamilton,Ferrari,4.0,,,,,,,,0 days 00:01:15.684000,18.0
2025,Hungarian Grand Prix,FP3,12.0,Kimi Antonelli,Mercedes,5.0,,,,,,,,0 days 00:01:15.745000,18.0
2025,Hungarian Grand Prix,FP3,14.0,Fernando Alonso,Aston Martin,6.0,,,,,,,,0 days 00:01:15.794000,18.0
2025,Hungarian Grand Prix,FP3,18.0,Lance Stroll,Aston Martin,7.0,,,,,,,,0 days 00:01:15.828000,21.0
2025,Hungarian Grand Prix,FP3,63.0,George Russell,Mercedes,8.0,,,,,,,,0 days 00:01:15.840000,17.0
2025,Hungarian Grand Prix,FP3,5.0,Gabriel Bortoleto,Kick Sauber,9.0,,,,,,,,0 days 00:01:15.978000,19.0
2025,Hungarian Grand Prix,FP3,27.0,Nico Hulkenberg,Kick Sauber,10.0,,,,,,,,0 days 00:01:16.025000,21.0
2025,Hungarian Grand Prix,FP3,87.0,Oliver Bearman,Haas F1 Team,11.0,,,,,,,,0 days 00:01:16.127000,17.0
2025,Hungarian Grand Prix,FP3,1.0,Max Verstappen,Red Bull Racing,12.0,,,,,,,,0 days 00:01:16.162000,19.0
2025,Hungarian Grand Prix,FP3,43.0,Franco Colapinto,Alpine,13.0,,,,,,,,0 days 00:01:16.247000,21.0
2025,Hungarian Grand Prix,FP3,30.0,Liam Lawson,Racing Bulls,14.0,,,,,,,,0 days 00:01:16.371000,21.0
2025,Hungarian Grand Prix,FP3,55.0,Carlos Sainz,Williams,15.0,,,,,,,,0 days 00:01:16.442000,19.0
2025,Hungarian Grand Prix,FP3,23.0,Alexander Albon,Williams,16.0,,,,,,,,0 days 00:01:16.530000,20.0
2025,Hungarian Grand Prix,FP3,31.0,Esteban Ocon,Haas F1 Team,17.0,,,,,,,,0 days 00:01:16.531000,18.0
2025,Hungarian Grand Prix,FP3,10.0,Pierre Gasly,Alpine,18.0,,,,,,,,0 days 00:01:16.570000,22.0
2025,Hungarian Grand Prix,FP3,22.0,Yuki Tsunoda,Red Bull Racing,19.0,,,,,,,,0 days 00:01:16.878000,19.0
2025,Hungarian Grand Prix,FP3,6.0,Isack Hadjar,Racing Bulls,20.0,,,,,,,,0 days 00:01:16.956000,18.0
2025,Hungarian Grand Prix,Q,16.0,Charles Leclerc,Ferrari,1.0,,,,,0 days 00:01:15.582000,0 days 00:01:15.455000,0 days 00:01:15.372000,,
2025,Hungarian Grand Prix,Q,81.0,Oscar Piastri,McLaren,2.0,,,,,0 days 00:01:15.211000,0 days 00:01:14.941000,0 days 00:01:15.398000,,
2025,Hungarian Grand Prix,Q,4.0,Lando Norris,McLaren,3.0,,,,,0 days 00:01:15.523000,0 days 00:01:14.890000,0 days 00:01:15.413000,,
2025,Hungarian Grand Prix,Q,63.0,George Russell,Mercedes,4.0,,,,,0 days 00:01:15.627000,0 days 00:01:15.201000,0 days 00:01:15.425000,,
2025,Hungarian Grand Prix,Q,14.0,Fernando Alonso,Aston Martin,5.0,,,,,0 days 00:01:15.281000,0 days 00:01:15.395000,0 days 00:01:15.481000,,
2025,Hungarian Grand Prix,Q,18.0,Lance Stroll,Aston Martin,6.0,,,,,0 days 00:01:15.673000,0 days 00:01:15.129000,0 days 00:01:15.498000,,
2025,Hungarian Grand Prix,Q,5.0,Gabriel Bortoleto,Kick Sauber,7.0,,,,,0 days 00:01:15.586000,0 days 00:01:15.687000,0 days 00:01:15.725000,,
2025,Hungarian Grand Prix,Q,1.0,Max Verstappen,Red Bull Racing,8.0,,,,,0 days 00:01:15.736000,0 days 00:01:15.547000,0 days 00:01:15.728000,,
2025,Hungarian Grand Prix,Q,30.0,Liam Lawson,Racing Bulls,9.0,,,,,0 days 00:01:15.849000,0 days 00:01:15.630000,0 days 00:01:15.821000,,
2025,Hungarian Grand Prix,Q,6.0,Isack Hadjar,Racing Bulls,10.0,,,,,0 days 00:01:15.516000,0 days 00:01:15.469000,0 days 00:01:15.915000,,
2025,Hungarian Grand Prix,Q,87.0,Oliver Bearman,Haas F1 Team,11.0,,,,,0 days 00:01:15.750000,0 days 00:01:15.694000,,,
2025,Hungarian Grand Prix,Q,44.0,Lewis Hamilton,Ferrari,12.0,,,,,0 days 00:01:15.733000,0 days 00:01:15.702000,,,
2025,Hungarian Grand Prix,Q,55.0,Carlos Sainz,Williams,13.0,,,,,0 days 00:01:15.652000,0 days 00:01:15.781000,,,
2025,Hungarian Grand Prix,Q,43.0,Franco Colapinto,Alpine,14.0,,,,,0 days 00:01:15.875000,0 days 00:01:16.159000,,,
2025,Hungarian Grand Prix,Q,12.0,Kimi Antonelli,Mercedes,15.0,,,,,0 days 00:01:15.782000,0 days 00:01:16.386000,,,
2025,Hungarian Grand Prix,Q,22.0,Yuki Tsunoda,Red Bull Racing,16.0,,,,,0 days 00:01:15.899000,,,,
2025,Hungarian Grand Prix,Q,10.0,Pierre Gasly,Alpine,17.0,,,,,0 days 00:01:15.966000,,,,
2025,Hungarian Grand Prix,Q,31.0,Esteban Ocon,Haas F1 Team,18.0,,,,,0 days 00:01:16.023000,,,,
2025,Hungarian Grand Prix,Q,27.0,Nico Hulkenberg,Kick Sauber,19.0,,,,,0 days 00:01:16.081000,,,,
2025,Hungarian Grand Prix,Q,23.0,Alexander Albon,Williams,20.0,,,,,0 days 00:01:16.223000,,,,
2025,Hungarian Grand Prix,R,4.0,Lando Norris,McLaren,1.0,3.0,Finished,0 days 02:33:09.451000,25.0,,,,,
2025,Hungarian Grand Prix,R,81.0,Oscar Piastri,McLaren,2.0,2.0,Finished,0 days 02:33:10.149000,18.0,,,,,
2025,Hungarian Grand Prix,R,63.0,George Russell,Mercedes,3.0,4.0,Finished,0 days 02:33:31.367000,15.0,,,,,
2025,Hungarian Grand Prix,R,16.0,Charles Leclerc,Ferrari,4.0,1.0,Finished,0 days 02:33:47.011000,12.0,,,,,
2025,Hungarian Grand Prix,R,14.0,Fernando Alonso,Aston Martin,5.0,5.0,Finished,0 days 02:34:08.491000,10.0,,,,,
2025,Hungarian Grand Prix,R,5.0,Gabriel Bortoleto,Kick Sauber,6.0,7.0,Finished,0 days 02:34:15.620000,8.0,,,,,
2025,Hungarian Grand Prix,R,18.0,Lance Stroll,Aston Martin,7.0,6.0,Finished,0 days 02:34:17.625000,6.0,,,,,
2025,Hungarian Grand Prix,R,30.0,Liam Lawson,Racing Bulls,8.0,9.0,Finished,0 days 02:34:18.902000,4.0,,,,,
2025,Hungarian Grand Prix,R,1.0,Max Verstappen,Red Bull Racing,9.0,8.0,Finished,0 days 02:34:22.096000,2.0,,,,,
2025,Hungarian Grand Prix,R,12.0,Kimi Antonelli,Mercedes,10.0,15.0,Lapped,0 days 02:33:17.100000,1.0,,,,,
2025,Hungarian Grand Prix,R,6.0,Isack Hadjar,Racing Bulls,11.0,10.0,Lapped,0 days 02:33:17.951000,0.0,,,,,
2025,Hungarian Grand Prix,R,44.0,Lewis Hamilton,Ferrari,12.0,12.0,Lapped,0 days 02:33:19.312000,0.0,,,,,
2025,Hungarian Grand Prix,R,27.0,Nico Hulkenberg,Kick Sauber,13.0,18.0,Lapped,0 days 02:33:40.719000,0.0,,,,,
2025,Hungarian Grand Prix,R,55.0,Carlos Sainz,Williams,14.0,13.0,Lapped,0 days 02:33:42.777000,0.0,,,,,
2025,Hungarian Grand Prix,R,23.0,Alexander Albon,Williams,15.0,19.0,Lapped,0 days 02:33:47.562000,0.0,,,,,
2025,Hungarian Grand Prix,R,31.0,Esteban Ocon,Haas F1 Team,16.0,17.0,Lapped,0 days 02:33:54.709000,0.0,,,,,
2025,Hungarian Grand Prix,R,22.0,Yuki Tsunoda,Red Bull Racing,17.0,20.0,Lapped,0 days 02:33:56.394000,0.0,,,,,
2025,Hungarian Grand Prix,R,43.0,Franco Colapinto,Alpine,18.0,14.0,Lapped,0 days 02:33:56.821000,0.0,,,,,
2025,Hungarian Grand Prix,R,10.0,Pierre Gasly,Alpine,19.0,16.0,Lapped,0 days 02:33:55.795000,0.0,,,,,
2025,Hungarian Grand Prix,R,87.0,Oliver Bearman,Haas F1 Team,20.0,11.0,Retired,0 days 02:05:07.969000,0.0,,,,,
2025,Italian Grand Prix,FP1,44.0,Lewis Hamilton,Ferrari,1.0,,,,,,,,0 days 00:01:20.117000,20.0
2025,Italian Grand Prix,FP1,16.0,Charles Leclerc,Ferrari,2.0,,,,,,,,0 days 00:01:20.286000,24.0
2025,Italian Grand Prix,FP1,55.0,Carlos Sainz,Williams,3.0,,,,,,,,0 days 00:01:20.650000,25.0
2025,Italian Grand Prix,FP1,1.0,Max Verstappen,Red Bull Racing,4.0,,,,,,,,0 days 00:01:20.692000,22.0
2025,Italian Grand Prix,FP1,12.0,Kimi Antonelli,Mercedes,5.0,,,,,,,,0 days 00:01:20.940000,25.0
2025,Italian Grand Prix,FP1,4.0,Lando Norris,McLaren,6.0,,,,,,,,0 days 00:01:21.021000,28.0
2025,Italian Grand Prix,FP1,23.0,Alexander Albon,Williams,7.0,,,,,,,,0 days 00:01:21.073000,25.0
2025,Italian Grand Prix,FP1,63.0,George Russell,Mercedes,8.0,,,,,,,,0 days 00:01:21.110000,20.0
2025,Italian Grand Prix,FP1,14.0,Fernando Alonso,Aston Martin,9.0,,,,,,,,0 days 00:01:21.114000,20.0
2025,Italian Grand Prix,FP1,6.0,Isack Hadjar,Racing Bulls,10.0,,,,,,,,0 days 00:01:21.158000,25.0
2025,Italian Grand Prix,FP1,5.0,Gabriel Bortoleto,Kick Sauber,11.0,,,,,,,,0 days 00:01:21.172000,24.0
2025,Italian Grand Prix,FP1,27.0,Nico Hulkenberg,Kick Sauber,12.0,,,,,,,,0 days 00:01:21.179000,26.0
2025,Italian Grand Prix,FP1,30.0,Liam Lawson,Racing Bulls,13.0,,,,,,,,0 days 00:01:21.201000,27.0
2025,Italian Grand Prix,FP1,22.0,Yuki Tsunoda,Red Bull Racing,14.0,,,,,,,,0 days 00:01:21.292000,24.0
2025,Italian Grand Prix,FP1,18.0,Lance Stroll,Aston Martin,15.0,,,,,,,,0 days 00:01:21.295000,26.0
2025,Italian Grand Prix,FP1,89.0,Alexander Dunne,McLaren,16.0,,,,,,,,0 days 00:01:21.606000,26.0
2025,Italian Grand Prix,FP1,31.0,Esteban Ocon,Haas F1 Team,17.0,,,,,,,,0 days 00:01:21.642000,22.0
2025,Italian Grand Prix,FP1,10.0,Pierre Gasly,Alpine,18.0,,,,,,,,0 days 00:01:21.653000,26.0
2025,Italian Grand Prix,FP1,87.0,Oliver Bearman,Haas F1 Team,19.0,,,,,,,,0 days 00:01:22.058000,23.0
2025,Italian Grand Prix,FP1,61.0,Paul Aron,Alpine,20.0,,,,,,,,0 days 00:01:22.153000,23.0
2025,Italian Grand Prix,FP2,4.0,Lando Norris,McLaren,1.0,,,,,,,,0 days 00:01:19.878000,28.0
2025,Italian Grand Prix,FP2,16.0,Charles Leclerc,Ferrari,2.0,,,,,,,,0 days 00:01:19.961000,29.0
2025,Italian Grand Prix,FP2,55.0,Carlos Sainz,Williams,3.0,,,,,,,,0 days 00:01:19.974000,30.0
2025,Italian Grand Prix,FP2,81.0,Oscar Piastri,McLaren,4.0,,,,,,,,0 days 00:01:20.059000,29.0
2025,Italian Grand Prix,FP2,44.0,Lewis Hamilton,Ferrari,5.0,,,,,,,,0 days 00:01:20.070000,26.0
2025,Italian Grand Prix,FP2,1.0,Max Verstappen,Red Bull Racing,6.0,,,,,,,,0 days 00:01:20.077000,27.0
2025,Italian Grand Prix,FP2,23.0,Alexander Albon,Williams,7.0,,,,,,,,0 days 00:01:20.179000,28.0
2025,Italian Grand Prix,FP2,27.0,Nico Hulkenberg,Kick Sauber,8.0,,,,,,,,0 days 00:01:20.241000,27.0
2025,Italian Grand Prix,FP2,22.0,Yuki Tsunoda,Red Bull Racing,9.0,,,,,,,,0 days 00:01:20.269000,28.0
2025,Italian Grand Prix,FP2,63.0,George Russell,Mercedes,10.0,,,,,,,,0 days 00:01:20.276000,29.0
2025,Italian Grand Prix,FP2,6.0,Isack Hadjar,Racing Bulls,11.0,,,,,,,,0 days 00:01:20.383000,24.0
2025,Italian Grand Prix,FP2,5.0,Gabriel Bortoleto,Kick Sauber,12.0,,,,,,,,0 days 00:01:20.475000,25.0
2025,Italian Grand Prix,FP2,18.0,Lance Stroll,Aston Martin,13.0,,,,,,,,0 days 00:01:20.528000,28.0
2025,Italian Grand Prix,FP2,87.0,Oliver Bearman,Haas F1 Team,14.0,,,,,,,,0 days 00:01:20.607000,29.0
2025,Italian Grand Prix,FP2,14.0,Fernando Alonso,Aston Martin,15.0,,,,,,,,0 days 00:01:20.645000,26.0
2025,Italian Grand Prix,FP2,31.0,Esteban Ocon,Haas F1 Team,16.0,,,,,,,,0 days 00:01:20.654000,29.0
2025,Italian Grand Prix,FP2,30.0,Liam Lawson,Racing Bulls,17.0,,,,,,,,0 days 00:01:20.811000,25.0
2025,Italian Grand Prix,FP2,10.0,Pierre Gasly,Alpine,18.0,,,,,,,,0 days 00:01:21.102000,30.0
2025,Italian Grand Prix,FP2,12.0,Kimi Antonelli,Mercedes,19.0,,,,,,,,0 days 00:01:21.367000,4.0
2025,Italian Grand Prix,FP2,43.0,Franco Colapinto,Alpine,20.0,,,,,,,,0 days 00:01:21.564000,30.0
2025,Italian Grand Prix,FP3,4.0,Lando Norris,McLaren,1.0,,,,,,,,0 days 00:01:19.331000,21.0
2025,Italian Grand Prix,FP3,16.0,Charles Leclerc,Ferrari,2.0,,,,,,,,0 days 00:01:19.352000,24.0
2025,Italian Grand Prix,FP3,81.0,Oscar Piastri,McLaren,3.0,,,,,,,,0 days 00:01:19.496000,22.0
2025,Italian Grand Prix,FP3,1.0,Max Verstappen,Red Bull Racing,4.0,,,,,,,,0 days 00:01:19.498000,18.0
2025,Italian Grand Prix,FP3,63.0,George Russell,Mercedes,5.0,,,,,,,,0 days 00:01:19.515000,19.0
2025,Italian Grand Prix,FP3,5.0,Gabriel Bortoleto,Kick Sauber,6.0,,,,,,,,0 days 00:01:19.558000,18.0
2025,Italian Grand Prix,FP3,44.0,Lewis Hamilton,Ferrari,7.0,,,,,,,,0 days 00:01:19.598000,23.0
2025,Italian Grand Prix,FP3,6.0,Isack Hadjar,Racing Bulls,8.0,,,,,,,,0 days 00:01:19.603000,20.0
2025,Italian Grand Prix,FP3,12.0,Kimi Antonelli,Mercedes,9.0,,,,,,,,0 days 00:01:19.696000,24.0
2025,Italian Grand Prix,FP3,23.0,Alexander Albon,Williams,10.0,,,,,,,,0 days 00:01:19.720000,23.0
2025,Italian Grand Prix,FP3,27.0,Nico Hulkenberg,Kick Sauber,11.0,,,,,,,,0 days 00:01:19.737000,18.0
2025,Italian Grand Prix,FP3,14.0,Fernando Alonso,Aston Martin,12.0,,,,,,,,0 days 00:01:19.861000,19.0
2025,Italian Grand Prix,FP3,55.0,Carlos Sainz,Williams,13.0,,,,,,,,0 days 00:01:19.907000,23.0
2025,Italian Grand Prix,FP3,43.0,Franco Colapinto,Alpine,14.0,,,,,,,,0 days 00:01:20.034000,22.0
2025,Italian Grand Prix,FP3,22.0,Yuki Tsunoda,Red Bull Racing,15.0,,,,,,,,0 days 00:01:20.059000,24.0
2025,Italian Grand Prix,FP3,30.0,Liam Lawson,Racing Bulls,16.0,,,,,,,,0 days 00:01:20.132000,14.0
2025,Italian Grand Prix,FP3,87.0,Oliver Bearman,Haas F1 Team,17.0,,,,,,,,0 days 00:01:20.209000,22.0
2025,Italian Grand Prix,FP3,18.0,Lance Stroll,Aston Martin,18.0,,,,,,,,0 days 00:01:20.247000,22.0
2025,Italian Grand Prix,FP3,10.0,Pierre Gasly,Alpine,19.0,,,,,,,,0 days 00:01:20.247000,23.0
2025,Italian Grand Prix,FP3,31.0,Esteban Ocon,Haas F1 Team,20.0,,,,,,,,0 days 00:01:20.304000,20.0
2025,Italian Grand Prix,Q,1.0,Max Verstappen,Red Bull Racing,1.0,,,,,0 days 00:01:19.455000,0 days 00:01:19.140000,0 days 00:01:18.792000,,
2025,Italian Grand Prix,Q,4.0,Lando Norris,McLaren,2.0,,,,,0 days 00:01:19.517000,0 days 00:01:19.293000,0 days 00:01:18.869000,,
2025,Italian Grand Prix,Q,81.0,Oscar Piastri,McLaren,3.0,,,,,0 days 00:01:19.711000,0 days 00:01:19.286000,0 days 00:01:18.982000,,
2025,Italian Grand Prix,Q,16.0,Charles Leclerc,Ferrari,4.0,,,,,0 days 00:01:19.689000,0 days 00:01:19.310000,0 days 00:01:19.007000,,
2025,Italian Grand Prix,Q,44.0,Lewis Hamilton,Ferrari,5.0,,,,,0 days 00:01:19.765000,0 days 00:01:19.371000,0 days 00:01:19.124000,,
2025,Italian Grand Prix,Q,63.0,George Russell,Mercedes,6.0,,,,,0 days 00:01:19.414000,0 days 00:01:19.287000,0 days 00:01:19.157000,,
2025,Italian Grand Prix,Q,12.0,Kimi Antonelli,Mercedes,7.0,,,,,0 days 00:01:19.747000,0 days 00:01:19.245000,0 days 00:01:19.200000,,
2025,Italian Grand Prix,Q,5.0,Gabriel Bortoleto,Kick Sauber,8.0,,,,,0 days 00:01:19.688000,0 days 00:01:19.323000,0 days 00:01:19.390000,,
2025,Italian Grand Prix,Q,14.0,Fernando Alonso,Aston Martin,9.0,,,,,0 days 00:01:19.658000,0 days 00:01:19.362000,0 days 00:01:19.424000,,
2025,Italian Grand Prix,Q,22.0,Yuki Tsunoda,Red Bull Racing,10.0,,,,,0 days 00:01:19.619000,0 days 00:01:19.433000,0 days 00:01:19.519000,,
2025,Italian Grand Prix,Q,87.0,Oliver Bearman,Haas F1 Team,11.0,,,,,0 days 00:01:19.688000,0 days 00:01:19.446000,,,
2025,Italian Grand Prix,Q,27.0,Nico Hulkenberg,Kick Sauber,12.0,,,,,0 days 00:01:19.777000,0 days 00:01:19.498000,,,
2025,Italian Grand Prix,Q,55.0,Carlos Sainz,Williams,13.0,,,,,0 days 00:01:19.644000,0 days 00:01:19.528000,,,
2025,Italian Grand Prix,Q,23.0,Alexander Albon,Williams,14.0,,,,,0 days 00:01:19.837000,0 days 00:01:19.583000,,,
2025,Italian Grand Prix,Q,31.0,Esteban Ocon,Haas F1 Team,15.0,,,,,0 days 00:01:19.816000,0 days 00:01:19.707000,,,
2025,Italian Grand Prix,Q,6.0,Isack Hadjar,Racing Bulls,16.0,,,,,0 days 00:01:19.917000,,,,
2025,Italian Grand Prix,Q,18.0,Lance Stroll,Aston Martin,17.0,,,,,0 days 00:01:19.948000,,,,
2025,Italian Grand Prix,Q,43.0,Franco Colapinto,Alpine,18.0,,,,,0 days 00:01:19.992000,,,,
2025,Italian Grand Prix,Q,10.0,Pierre Gasly,Alpine,19.0,,,,,0 days 00:01:20.103000,,,,
2025,Italian Grand Prix,Q,30.0,Liam Lawson,Racing Bulls,20.0,,,,,0 days 00:01:20.279000,,,,
2025,Italian Grand Prix,R,1.0,Max Verstappen,Red Bull Racing,1.0,1.0,Finished,0 days 02:11:14.437000,25.0,,,,,
2025,Italian Grand Prix,R,4.0,Lando Norris,McLaren,2.0,2.0,Finished,0 days 02:11:33.644000,18.0,,,,,
2025,Italian Grand Prix,R,81.0,Oscar Piastri,McLaren,3.0,3.0,Finished,0 days 02:11:35.788000,15.0,,,,,
2025,Italian Grand Prix,R,16.0,Charles Leclerc,Ferrari,4.0,4.0,Finished,0 days 02:11:40.061000,12.0,,,,,
2025,Italian Grand Prix,R,63.0,George Russell,Mercedes,5.0,5.0,Finished,0 days 02:11:47.318000,10.0,,,,,
2025,Italian Grand Prix,R,44.0,Lewis Hamilton,Ferrari,6.0,10.0,Finished,0 days 02:11:51.886000,8.0,,,,,
2025,Italian Grand Prix,R,23.0,Alexander Albon,Williams,7.0,14.0,Finished,0 days 02:12:04.974000,6.0,,,,,
2025,Italian Grand Prix,R,5.0,Gabriel Bortoleto,Kick Sauber,8.0,7.0,Finished,0 days 02:12:12.921000,4.0,,,,,
2025,Italian Grand Prix,R,12.0,Kimi Antonelli,Mercedes,9.0,6.0,Finished,0 days 02:12:09.199000,2.0,,,,,
2025,Italian Grand Prix,R,6.0,Isack Hadjar,Racing Bulls,10.0,19.0,Finished,0 days 02:12:18.328000,1.0,,,,,
2025,Italian Grand Prix,R,55.0,Carlos Sainz,Williams,11.0,13.0,Finished,0 days 02:12:18.906000,0.0,,,,,
2025,Italian Grand Prix,R,87.0,Oliver Bearman,Haas F1 Team,12.0,11.0,Finished,0 days 02:12:23.725000,0.0,,,,,
2025,Italian Grand Prix,R,22.0,Yuki Tsunoda,Red Bull Racing,13.0,9.0,Finished,0 days 02:12:35.138000,0.0,,,,,
2025,Italian Grand Prix,R,30.0,Liam Lawson,Racing Bulls,14.0,18.0,Finished,0 days 02:12:36.788000,0.0,,,,,
2025,Italian Grand Prix,R,31.0,Esteban Ocon,Haas F1 Team,15.0,15.0,Lapped,0 days 02:11:16.572000,0.0,,,,,
2025,Italian Grand Prix,R,10.0,Pierre Gasly,Alpine,16.0,20.0,Lapped,0 days 02:11:20.274000,0.0,,,,,
2025,Italian Grand Prix,R,43.0,Franco Colapinto,Alpine,17.0,17.0,Lapped,0 days 02:11:21.885000,0.0,,,,,
2025,Italian Grand Prix,R,18.0,Lance Stroll,Aston Martin,18.0,16.0,Lapped,0 days 02:11:23.738000,0.0,,,,,
2025,Italian Grand Prix,R,14.0,Fernando Alonso,Aston Martin,19.0,8.0,Retired,0 days 01:32:31.614000,0.0,,,,,
2025,Italian Grand Prix,R,27.0,Nico Hulkenberg,Kick Sauber,20.0,12.0,Did not start,,0.0,,,,,
2025,Japanese Grand Prix,FP1,4.0,Lando Norris,McLaren,1.0,,,,,,,,0 days 00:01:28.549000,24.0
2025,Japanese Grand Prix,FP1,63.0,George Russell,Mercedes,2.0,,,,,,,,0 days 00:01:28.712000,29.0
2025,Japanese Grand Prix,FP1,16.0,Charles Leclerc,Ferrari,3.0,,,,,,,,0 days 00:01:28.965000,27.0
2025,Japanese Grand Prix,FP1,44.0,Lewis Hamilton,Ferrari,4.0,,,,,,,,0 days 00:01:29.051000,25.0
2025,Japanese Grand Prix,FP1,1.0,Max Verstappen,Red Bull Racing,5.0,,,,,,,,0 days 00:01:29.065000,23.0
2025,Japanese Grand Prix,FP1,22.0,Yuki Tsunoda,Red Bull Racing,6.0,,,,,,,,0 days 00:01:29.172000,25.0
2025,Japanese Grand Prix,FP1,14.0,Fernando Alonso,Aston Martin,7.0,,,,,,,,0 days 00:01:29.222000,25.0
2025,Japanese Grand Prix,FP1,6.0,Isack Hadjar,Racing Bulls,8.0,,,,,,,,0 days 00:01:29.225000,28.0
2025,Japanese Grand Prix,FP1,12.0,Kimi Antonelli,Mercedes,9.0,,,,,,,,0 days 00:01:29.284000,28.0
2025,Japanese Grand Prix,FP1,55.0,Carlos Sainz,Williams,10.0,,,,,,,,0 days 00:01:29.333000,28.0
2025,Japanese Grand Prix,FP1,23.0,Alexander Albon,Williams,11.0,,,,,,,,0 days 00:01:29.392000,25.0
2025,Japanese Grand Prix,FP1,62.0,Ryo Hirakawa,Alpine,12.0,,,,,,,,0 days 00:01:29.394000,24.0
2025,Japanese Grand Prix,FP1,30.0,Liam Lawson,Racing Bulls,13.0,,,,,,,,0 days 00:01:29.536000,28.0
2025,Japanese Grand Prix,FP1,10.0,Pierre Gasly,Alpine,14.0,,,,,,,,0 days 00:01:29.547000,23.0
2025,Japanese Grand Prix,FP1,81.0,Oscar Piastri,McLaren,15.0,,,,,,,,0 days 00:01:29.708000,25.0
2025,Japanese Grand Prix,FP1,18.0,Lance Stroll,Aston Martin,16.0,,,,,,,,0 days 00:01:29.758000,25.0
2025,Japanese Grand Prix,FP1,27.0,Nico Hulkenberg,Kick Sauber,17.0,,,,,,,,0 days 00:01:30.023000,21.0
2025,Japanese Grand Prix,FP1,87.0,Oliver Bearman,Haas F1 Team,18.0,,,,,,,,0 days 00:01:30.077000,17.0
2025,Japanese Grand Prix,FP1,31.0,Esteban Ocon,Haas F1 Team,19.0,,,,,,,,0 days 00:01:30.123000,21.0
2025,Japanese Grand Prix,FP1,5.0,Gabriel Bortoleto,Kick Sauber,20.0,,,,,,,,0 days 00:01:30.147000,26.0
2025,Japanese Grand Prix,FP2,81.0,Oscar Piastri,McLaren,1.0,,,,,,,,0 days 00:01:28.114000,13.0
2025,Japanese Grand Prix,FP2,4.0,Lando Norris,McLaren,2.0,,,,,,,,0 days 00:01:28.163000,12.0
2025,Japanese Grand Prix,FP2,6.0,Isack Hadjar,Racing Bulls,3.0,,,,,,,,0 days 00:01:28.518000,12.0
2025,Japanese Grand Prix,FP2,44.0,Lewis Hamilton,Ferrari,4.0,,,,,,,,0 days 00:01:28.544000,13.0
2025,Japanese Grand Prix,FP2,30.0,Liam Lawson,Racing Bulls,5.0,,,,,,,,0 days 00:01:28.559000,13.0
2025,Japanese Grand Prix,FP2,63.0,George Russell,Mercedes,6.0,,,,,,,,0 days 00:01:28.567000,12.0
2025,Japanese Grand Prix,FP2,16.0,Charles Leclerc,Ferrari,7.0,,,,,,,,0 days 00:01:28.586000,14.0
2025,Japanese Grand Prix,FP2,1.0,Max Verstappen,Red Bull Racing,8.0,,,,,,,,0 days 00:01:28.670000,9.0
2025,Japanese Grand Prix,FP2,10.0,Pierre Gasly,Alpine,9.0,,,,,,,,0 days 00:01:28.757000,13.0
2025,Japanese Grand Prix,FP2,55.0,Carlos Sainz,Williams,10.0,,,,,,,,0 days 00:01:28.832000,9.0
2025,Japanese Grand Prix,FP2,23.0,Alexander Albon,Williams,11.0,,,,,,,,0 days 00:01:29.023000,10.0
2025,Japanese Grand Prix,FP2,27.0,Nico Hulkenberg,Kick Sauber,12.0,,,,,,,,0 days 00:01:29.062000,12.0
2025,Japanese Grand Prix,FP2,5.0,Gabriel Bortoleto,Kick Sauber,13.0,,,,,,,,0 days 00:01:29.335000,12.0
2025,Japanese Grand Prix,FP2,31.0,Esteban Ocon,Haas F1 Team,14.0,,,,,,,,0 days 00:01:29.507000,13.0
2025,Japanese Grand Prix,FP2,87.0,Oliver Bearman,Haas F1 Team,15.0,,,,,,,,0 days 00:01:29.654000,9.0
2025,Japanese Grand Prix,FP2,12.0,Kimi Antonelli,Mercedes,16.0,,,,,,,,0 days 00:01:29.733000,12.0
2025,Japanese Grand Prix,FP2,14.0,Fernando Alonso,Aston Martin,17.0,,,,,,,,0 days 00:01:29.978000,5.0
2025,Japanese Grand Prix,FP2,22.0,Yuki Tsunoda,Red Bull Racing,18.0,,,,,,,,0 days 00:01:30.625000,12.0
2025,Japanese Grand Prix,FP2,18.0,Lance Stroll,Aston Martin,19.0,,,,,,,,0 days 00:01:30.845000,12.0
2025,Japanese Grand Prix,FP2,7.0,Jack Doohan,Alpine,20.0,,,,,,,,0 days 00:01:31.659000,3.0
2025,Japanese Grand Prix,FP3,4.0,Lando Norris,McLaren,1.0,,,,,,,,0 days 00:01:27.965000,17.0
2025,Japanese Grand Prix,FP3,81.0,Oscar Piastri,McLaren,2.0,,,,,,,,0 days 00:01:27.991000,17.0
2025,Japanese Grand Prix,FP3,63.0,George Russell,Mercedes,3.0,,,,,,,,0 days 00:01:28.077000,14.0
2025,Japanese Grand Prix,FP3,16.0,Charles Leclerc,Ferrari,4.0,,,,,,,,0 days 00:01:28.414000,12.0
2025,Japanese Grand Prix,FP3,1.0,Max Verstappen,Red Bull Racing,5.0,,,,,,,,0 days 00:01:28.497000,20.0
2025,Japanese Grand Prix,FP3,44.0,Lewis Hamilton,Ferrari,6.0,,,,,,,,0 days 00:01:28.524000,13.0
2025,Japanese Grand Prix,FP3,23.0,Alexander Albon,Williams,7.0,,,,,,,,0 days 00:01:28.554000,19.0
2025,Japanese Grand Prix,FP3,10.0,Pierre Gasly,Alpine,8.0,,,,,,,,0 days 00:01:28.603000,15.0
2025,Japanese Grand Prix,FP3,22.0,Yuki Tsunoda,Red Bull Racing,9.0,,,,,,,,0 days 00:01:28.785000,15.0
2025,Japanese Grand Prix,FP3,6.0,Isack Hadjar,Racing Bulls,10.0,,,,,,,,0 days 00:01:28.786000,16.0
2025,Japanese Grand Prix,FP3,55.0,Carlos Sainz,Williams,11.0,,,,,,,,0 days 00:01:28.846000,22.0
2025,Japanese Grand Prix,FP3,30.0,Liam Lawson,Racing Bulls,12.0,,,,,,,,0 days 00:01:29.104000,19.0
2025,Japanese Grand Prix,FP3,12.0,Kimi Antonelli,Mercedes,13.0,,,,,,,,0 days 00:01:29.126000,20.0
2025,Japanese Grand Prix,FP3,7.0,Jack Doohan,Alpine,14.0,,,,,,,,0 days 00:01:29.767000,15.0
2025,Japanese Grand Prix,FP3,14.0,Fernando Alonso,Aston Martin,15.0,,,,,,,,0 days 00:01:29.772000,17.0
2025,Japanese Grand Prix,FP3,87.0,Oliver Bearman,Haas F1 Team,16.0,,,,,,,,0 days 00:01:30.084000,17.0
2025,Japanese Grand Prix,FP3,5.0,Gabriel Bortoleto,Kick Sauber,17.0,,,,,,,,0 days 00:01:30.134000,13.0
2025,Japanese Grand Prix,FP3,31.0,Esteban Ocon,Haas F1 Team,18.0,,,,,,,,0 days 00:01:30.183000,17.0
2025,Japanese Grand Prix,FP3,18.0,Lance Stroll,Aston Martin,19.0,,,,,,,,0 days 00:01:30.267000,16.0
2025,Japanese Grand Prix,FP3,27.0,Nico Hulkenberg,Kick Sauber,20.0,,,,,,,,0 days 00:01:30.621000,16.0
2025,Japanese Grand Prix,Q,1.0,Max Verstappen,Red Bull Racing,1.0,,,,,0 days 00:01:27.943000,0 days 00:01:27.502000,0 days 00:01:26.983000,,
2025,Japanese Grand Prix,Q,4.0,Lando Norris,McLaren,2.0,,,,,0 days 00:01:27.845000,0 days 00:01:27.146000,0 days 00:01:26.995000,,
2025,Japanese Grand Prix,Q,81.0,Oscar Piastri,McLaren,3.0,,,,,0 days 00:01:27.687000,0 days 00:01:27.507000,0 days 00:01:27.027000,,
2025,Japanese Grand Prix,Q,16.0,Charles Leclerc,Ferrari,4.0,,,,,0 days 00:01:27.920000,0 days 00:01:27.555000,0 days 00:01:27.299000,,
2025,Japanese Grand Prix,Q,63.0,George Russell,Mercedes,5.0,,,,,0 days 00:01:27.843000,0 days 00:01:27.400000,0 days 00:01:27.318000,,
2025,Japanese Grand Prix,Q,12.0,Kimi Antonelli,Mercedes,6.0,,,,,0 days 00:01:27.968000,0 days 00:01:27.639000,0 days 00:01:27.555000,,
2025,Japanese Grand Prix,Q,6.0,Isack Hadjar,Racing Bulls,7.0,,,,,0 days 00:01:28.278000,0 days 00:01:27.775000,0 days 00:01:27.569000,,
2025,Japanese Grand Prix,Q,44.0,Lewis Hamilton,Ferrari,8.0,,,,,0 days 00:01:27.942000,0 days 00:01:27.610000,0 days 00:01:27.610000,,
2025,Japanese Grand Prix,Q,23.0,Alexander Albon,Williams,9.0,,,,,0 days 00:01:28.218000,0 days 00:01:27.783000,0 days 00:01:27.615000,,
2025,Japanese Grand Prix,Q,87.0,Oliver Bearman,Haas F1 Team,10.0,,,,,0 days 00:01:28.228000,0 days 00:01:27.711000,0 days 00:01:27.867000,,
2025,Japanese Grand Prix,Q,10.0,Pierre Gasly,Alpine,11.0,,,,,0 days 00:01:28.186000,0 days 00:01:27.822000,,,
2025,Japanese Grand Prix,Q,55.0,Carlos Sainz,Williams,12.0,,,,,0 days 00:01:28.209000,0 days 00:01:27.836000,,,
2025,Japanese Grand Prix,Q,14.0,Fernando Alonso,Aston Martin,13.0,,,,,0 days 00:01:28.337000,0 days 00:01:27.897000,,,
2025,Japanese Grand Prix,Q,30.0,Liam Lawson,Racing Bulls,14.0,,,,,0 days 00:01:28.554000,0 days 00:01:27.906000,,,
2025,Japanese Grand Prix,Q,22.0,Yuki Tsunoda,Red Bull Racing,15.0,,,,,0 days 00:01:27.967000,0 days 00:01:28,,,
2025,Japanese Grand Prix,Q,27.0,Nico Hulkenberg,Kick Sauber,16.0,,,,,0 days 00:01:28.570000,,,,
2025,Japanese Grand Prix,Q,5.0,Gabriel Bortoleto,Kick Sauber,17.0,,,,,0 days 00:01:28.622000,,,,
2025,Japanese Grand Prix,Q,31.0,Esteban Ocon,Haas F1 Team,18.0,,,,,0 days 00:01:28.696000,,,,
2025,Japanese Grand Prix,Q,7.0,Jack Doohan,Alpine,19.0,,,,,0 days 00:01:28.877000,,,,
2025,Japanese Grand Prix,Q,18.0,Lance Stroll,Aston Martin,20.0,,,,,0 days 00:01:29.271000,,,,
2025,Japanese Grand Prix,R,1.0,Max Verstappen,Red Bull Racing,1.0,1.0,Finished,0 days 02:18:13.890000,25.0,,,,,
2025,Japanese Grand Prix,R,4.0,Lando Norris,McLaren,2.0,2.0,Finished,0 days 02:18:15.313000,18.0,,,,,
2025,Japanese Grand Prix,R,81.0,Oscar Piastri,McLaren,3.0,3.0,Finished,0 days 02:18:16.019000,15.0,,,,,
2025,Japanese Grand Prix,R,16.0,Charles Leclerc,Ferrari,4.0,4.0,Finished,0 days 02:18:29.987000,12.0,,,,,
2025,Japanese Grand Prix,R,63.0,George Russell,Mercedes,5.0,5.0,Finished,0 days 02:18:31.252000,10.0,,,,,
2025,Japanese Grand Prix,R,12.0,Kimi Antonelli,Mercedes,6.0,6.0,Finished,0 days 02:18:32.561000,8.0,,,,,
2025,Japanese Grand Prix,R,44.0,Lewis Hamilton,Ferrari,7.0,8.0,Finished,0 days 02:18:43.072000,6.0,,,,,
2025,Japanese Grand Prix,R,6.0,Isack Hadjar,Racing Bulls,8.0,7.0,Finished,0 days 02:18:51.024000,4.0,,,,,
2025,Japanese Grand Prix,R,23.0,Alexander Albon,Williams,9.0,9.0,Finished,0 days 02:18:54.257000,2.0,,,,,
2025,Japanese Grand Prix,R,87.0,Oliver Bearman,Haas F1 Team,10.0,10.0,Finished,0 days 02:19:08.419000,1.0,,,,,
2025,Japanese Grand Prix,R,14.0,Fernando Alonso,Aston Martin,11.0,12.0,Finished,0 days 02:19:11.223000,0.0,,,,,
2025,Japanese Grand Prix,R,22.0,Yuki Tsunoda,Red Bull Racing,12.0,14.0,Finished,0 days 02:19:12.291000,0.0,,,,,
2025,Japanese Grand Prix,R,10.0,Pierre Gasly,Alpine,13.0,11.0,Finished,0 days 02:19:16.012000,0.0,,,,,
2025,Japanese Grand Prix,R,55.0,Carlos Sainz,Williams,14.0,15.0,Finished,0 days 02:19:28.019000,0.0,,,,,
2025,Japanese Grand Prix,R,7.0,Jack Doohan,Alpine,15.0,19.0,Finished,0 days 02:19:35.204000,0.0,,,,,
2025,Japanese Grand Prix,R,27.0,Nico Hulkenberg,Kick Sauber,16.0,16.0,Finished,0 days 02:19:35.847000,0.0,,,,,
2025,Japanese Grand Prix,R,30.0,Liam Lawson,Racing Bulls,17.0,13.0,Finished,0 days 02:19:36.624000,0.0,,,,,
2025,Japanese Grand Prix,R,31.0,Esteban Ocon,Haas F1 Team,18.0,18.0,Finished,0 days 02:19:37.328000,0.0,,,,,
2025,Japanese Grand Prix,R,5.0,Gabriel Bortoleto,Kick Sauber,19.0,17.0,Finished,0 days 02:19:37.787000,0.0,,,,,
2025,Japanese Grand Prix,R,18.0,Lance Stroll,Aston Martin,20.0,20.0,Lapped,0 days 02:18:26.819000,0.0,,,,,
2025,Las Vegas Grand Prix,FP1,16.0,Charles Leclerc,Ferrari,1.0,,,,,,,,0 days 00:01:34.802000,29.0
2025,Las Vegas Grand Prix,FP1,23.0,Alexander Albon,Williams,2.0,,,,,,,,0 days 00:01:34.968000,23.0
2025,Las Vegas Grand Prix,FP1,22.0,Yuki Tsunoda,Red Bull Racing,3.0,,,,,,,,0 days 00:01:35.071000,27.0
2025,Las Vegas Grand Prix,FP1,1.0,Max Verstappen,Red Bull Racing,4.0,,,,,,,,0 days 00:01:35.109000,24.0
2025,Las Vegas Grand Prix,FP1,55.0,Carlos Sainz,Williams,5.0,,,,,,,,0 days 00:01:35.179000,31.0
2025,Las Vegas Grand Prix,FP1,4.0,Lando Norris,McLaren,6.0,,,,,,,,0 days 00:01:35.258000,25.0
2025,Las Vegas Grand Prix,FP1,6.0,Isack Hadjar,Racing Bulls,7.0,,,,,,,,0 days 00:01:35.299000,30.0
2025,Las Vegas Grand Prix,FP1,81.0,Oscar Piastri,McLaren,8.0,,,,,,,,0 days 00:01:35.450000,27.0
2025,Las Vegas Grand Prix,FP1,63.0,George Russell,Mercedes,9.0,,,,,,,,0 days 00:01:35.534000,25.0
2025,Las Vegas Grand Prix,FP1,12.0,Kimi Antonelli,Mercedes,10.0,,,,,,,,0 days 00:01:35.538000,30.0
2025,Las Vegas Grand Prix,FP1,44.0,Lewis Hamilton,Ferrari,11.0,,,,,,,,0 days 00:01:35.561000,26.0
2025,Las Vegas Grand Prix,FP1,10.0,Pierre Gasly,Alpine,12.0,,,,,,,,0 days 00:01:35.589000,26.0
2025,Las Vegas Grand Prix,FP1,30.0,Liam Lawson,Racing Bulls,13.0,,,,,,,,0 days 00:01:35.709000,28.0
2025,Las Vegas Grand Prix,FP1,14.0,Fernando Alonso,Aston Martin,14.0,,,,,,,,0 days 00:01:35.746000,23.0
2025,Las Vegas Grand Prix,FP1,18.0,Lance Stroll,Aston Martin,15.0,,,,,,,,0 days 00:01:35.894000,25.0
2025,Las Vegas Grand Prix,FP1,87.0,Oliver Bearman,Haas F1 Team,16.0,,,,,,,,0 days 00:01:35.990000,28.0
2025,Las Vegas Grand Prix,FP1,31.0,Esteban Ocon,Haas F1 Team,17.0,,,,,,,,0 days 00:01:36.123000,30.0
2025,Las Vegas Grand Prix,FP1,27.0,Nico Hulkenberg,Kick Sauber,18.0,,,,,,,,0 days 00:01:36.170000,25.0
2025,Las Vegas Grand Prix,FP1,5.0,Gabriel Bortoleto,Kick Sauber,19.0,,,,,,,,0 days 00:01:36.398000,25.0
2025,Las Vegas Grand Prix,FP1,43.0,Franco Colapinto,Alpine,20.0,,,,,,,,0 days 00:01:36.758000,28.0
2025,Las Vegas Grand Prix,FP2,4.0,Lando Norris,McLaren,1.0,,,,,,,,0 days 00:01:33.602000,12.0
2025,Las Vegas Grand Prix,FP2,12.0,Kimi Antonelli,Mercedes,2.0,,,,,,,,0 days 00:01:33.631000,17.0
2025,Las Vegas Grand Prix,FP2,16.0,Charles Leclerc,Ferrari,3.0,,,,,,,,0 days 00:01:33.763000,15.0
2025,Las Vegas Grand Prix,FP2,27.0,Nico Hulkenberg,Kick Sauber,4.0,,,,,,,,0 days 00:01:33.879000,14.0
2025,Las Vegas Grand Prix,FP2,6.0,Isack Hadjar,Racing Bulls,5.0,,,,,,,,0 days 00:01:33.893000,16.0
2025,Las Vegas Grand Prix,FP2,30.0,Liam Lawson,Racing Bulls,6.0,,,,,,,,0 days 00:01:33.901000,16.0
2025,Las Vegas Grand Prix,FP2,63.0,George Russell,Mercedes,7.0,,,,,,,,0 days 00:01:34.037000,17.0
2025,Las Vegas Grand Prix,FP2,23.0,Alexander Albon,Williams,8.0,,,,,,,,0 days 00:01:34.067000,17.0
2025,Las Vegas Grand Prix,FP2,1.0,Max Verstappen,Red Bull Racing,9.0,,,,,,,,0 days 00:01:34.105000,16.0
2025,Las Vegas Grand Prix,FP2,44.0,Lewis Hamilton,Ferrari,10.0,,,,,,,,0 days 00:01:34.127000,16.0
2025,Las Vegas Grand Prix,FP2,18.0,Lance Stroll,Aston Martin,11.0,,,,,,,,0 days 00:01:34.191000,15.0
2025,Las Vegas Grand Prix,FP2,10.0,Pierre Gasly,Alpine,12.0,,,,,,,,0 days 00:01:34.373000,18.0
2025,Las Vegas Grand Prix,FP2,55.0,Carlos Sainz,Williams,13.0,,,,,,,,0 days 00:01:34.435000,16.0
2025,Las Vegas Grand Prix,FP2,81.0,Oscar Piastri,McLaren,14.0,,,,,,,,0 days 00:01:34.493000,12.0
2025,Las Vegas Grand Prix,FP2,22.0,Yuki Tsunoda,Red Bull Racing,15.0,,,,,,,,0 days 00:01:34.692000,16.0
2025,Las Vegas Grand Prix,FP2,43.0,Franco Colapinto,Alpine,16.0,,,,,,,,0 days 00:01:34.824000,18.0
2025,Las Vegas Grand Prix,FP2,87.0,Oliver Bearman,Haas F1 Team,17.0,,,,,,,,0 days 00:01:34.986000,16.0
2025,Las Vegas Grand Prix,FP2,14.0,Fernando Alonso,Aston Martin,18.0,,,,,,,,0 days 00:01:35.012000,14.0
2025,Las Vegas Grand Prix,FP2,31.0,Esteban Ocon,Haas F1 Team,19.0,,,,,,,,0 days 00:01:35.228000,17.0
2025,Las Vegas Grand Prix,FP2,5.0,Gabriel Bortoleto,Kick Sauber,20.0,,,,,,,,0 days 00:01:35.499000,15.0
2025,Las Vegas Grand Prix,FP3,63.0,George Russell,Mercedes,1.0,,,,,,,,0 days 00:01:34.054000,21.0
2025,Las Vegas Grand Prix,FP3,1.0,Max Verstappen,Red Bull Racing,2.0,,,,,,,,0 days 00:01:34.281000,28.0
2025,Las Vegas Grand Prix,FP3,23.0,Alexander Albon,Williams,3.0,,,,,,,,0 days 00:01:34.875000,21.0
2025,Las Vegas Grand Prix,FP3,6.0,Isack Hadjar,Racing Bulls,4.0,,,,,,,,0 days 00:01:35.169000,26.0
2025,Las Vegas Grand Prix,FP3,44.0,Lewis Hamilton,Ferrari,5.0,,,,,,,,0 days 00:01:35.269000,29.0
2025,Las Vegas Grand Prix,FP3,12.0,Kimi Antonelli,Mercedes,6.0,,,,,,,,0 days 00:01:35.385000,23.0
2025,Las Vegas Grand Prix,FP3,30.0,Liam Lawson,Racing Bulls,7.0,,,,,,,,0 days 00:01:35.439000,25.0
2025,Las Vegas Grand Prix,FP3,18.0,Lance Stroll,Aston Martin,8.0,,,,,,,,0 days 00:01:35.533000,11.0
2025,Las Vegas Grand Prix,FP3,14.0,Fernando Alonso,Aston Martin,9.0,,,,,,,,0 days 00:01:35.540000,12.0
2025,Las Vegas Grand Prix,FP3,10.0,Pierre Gasly,Alpine,10.0,,,,,,,,0 days 00:01:35.562000,13.0
2025,Las Vegas Grand Prix,FP3,87.0,Oliver Bearman,Haas F1 Team,11.0,,,,,,,,0 days 00:01:35.586000,18.0
2025,Las Vegas Grand Prix,FP3,55.0,Carlos Sainz,Williams,12.0,,,,,,,,0 days 00:01:35.662000,22.0
2025,Las Vegas Grand Prix,FP3,5.0,Gabriel Bortoleto,Kick Sauber,13.0,,,,,,,,0 days 00:01:35.738000,16.0
2025,Las Vegas Grand Prix,FP3,31.0,Esteban Ocon,Haas F1 Team,14.0,,,,,,,,0 days 00:01:35.817000,24.0
2025,Las Vegas Grand Prix,FP3,16.0,Charles Leclerc,Ferrari,15.0,,,,,,,,0 days 00:01:35.908000,27.0
2025,Las Vegas Grand Prix,FP3,43.0,Franco Colapinto,Alpine,16.0,,,,,,,,0 days 00:01:36.305000,17.0
2025,Las Vegas Grand Prix,FP3,27.0,Nico Hulkenberg,Kick Sauber,17.0,,,,,,,,0 days 00:01:36.650000,11.0
2025,Las Vegas Grand Prix,FP3,22.0,Yuki Tsunoda,Red Bull Racing,18.0,,,,,,,,0 days 00:01:36.667000,24.0
2025,Las Vegas Grand Prix,FP3,81.0,Oscar Piastri,McLaren,19.0,,,,,,,,0 days 00:01:37.023000,20.0
2025,Las Vegas Grand Prix,FP3,4.0,Lando Norris,McLaren,20.0,,,,,,,,0 days 00:01:37.112000,18.0
2025,Las Vegas Grand Prix,Q,4.0,Lando Norris,McLaren,1.0,,,,,0 days 00:01:55.473000,0 days 00:01:51.379000,0 days 00:01:47.934000,,
2025,Las Vegas Grand Prix,Q,1.0,Max Verstappen,Red Bull Racing,2.0,,,,,0 days 00:01:53.458000,0 days 00:01:51.593000,0 days 00:01:48.257000,,
2025,Las Vegas Grand Prix,Q,55.0,Carlos Sainz,Williams,3.0,,,,,0 days 00:01:54.873000,0 days 00:01:51.144000,0 days 00:01:48.296000,,
2025,Las Vegas Grand Prix,Q,63.0,George Russell,Mercedes,4.0,,,,,0 days 00:01:53.144000,0 days 00:01:50.935000,0 days 00:01:48.803000,,
2025,Las Vegas Grand Prix,Q,81.0,Oscar Piastri,McLaren,5.0,,,,,0 days 00:01:54.544000,0 days 00:01:52.126000,0 days 00:01:48.961000,,
2025,Las Vegas Grand Prix,Q,30.0,Liam Lawson,Racing Bulls,6.0,,,,,0 days 00:01:54.828000,0 days 00:01:51.621000,0 days 00:01:49.062000,,
2025,Las Vegas Grand Prix,Q,14.0,Fernando Alonso,Aston Martin,7.0,,,,,0 days 00:01:53.739000,0 days 00:01:51.865000,0 days 00:01:49.466000,,
2025,Las Vegas Grand Prix,Q,6.0,Isack Hadjar,Racing Bulls,8.0,,,,,0 days 00:01:55.613000,0 days 00:01:51.120000,0 days 00:01:49.554000,,
2025,Las Vegas Grand Prix,Q,16.0,Charles Leclerc,Ferrari,9.0,,,,,0 days 00:01:54.814000,0 days 00:01:51.952000,0 days 00:01:49.872000,,
2025,Las Vegas Grand Prix,Q,10.0,Pierre Gasly,Alpine,10.0,,,,,0 days 00:01:54.432000,0 days 00:01:51.760000,0 days 00:01:51.540000,,
2025,Las Vegas Grand Prix,Q,27.0,Nico Hulkenberg,Kick Sauber,11.0,,,,,0 days 00:01:54.555000,0 days 00:01:52.781000,,,
2025,Las Vegas Grand Prix,Q,18.0,Lance Stroll,Aston Martin,12.0,,,,,0 days 00:01:54.416000,0 days 00:01:52.850000,,,
2025,Las Vegas Grand Prix,Q,31.0,Esteban Ocon,Haas F1 Team,13.0,,,,,0 days 00:01:54.635000,0 days 00:01:52.987000,,,
2025,Las Vegas Grand Prix,Q,87.0,Oliver Bearman,Haas F1 Team,14.0,,,,,0 days 00:01:56.016000,0 days 00:01:53.094000,,,
2025,Las Vegas Grand Prix,Q,43.0,Franco Colapinto,Alpine,15.0,,,,,0 days 00:01:54.847000,0 days 00:01:53.683000,,,
2025,Las Vegas Grand Prix,Q,23.0,Alexander Albon,Williams,16.0,,,,,0 days 00:01:56.220000,,,,
2025,Las Vegas Grand Prix,Q,12.0,Kimi Antonelli,Mercedes,17.0,,,,,0 days 00:01:56.314000,,,,
2025,Las Vegas Grand Prix,Q,5.0,Gabriel Bortoleto,Kick Sauber,18.0,,,,,0 days 00:01:56.674000,,,,
2025,Las Vegas Grand Prix,Q,22.0,Yuki Tsunoda,Red Bull Racing,19.0,,,,,0 days 00:01:56.798000,,,,
2025,Las Vegas Grand Prix,Q,44.0,Lewis Hamilton,Ferrari,20.0,,,,,0 days 00:01:57.115000,,,,
2025,Las Vegas Grand Prix,R,1.0,Max Verstappen,Red Bull Racing,1.0,2.0,Finished,0 days 02:18:50.326000,25.0,,,,,
2025,Las Vegas Grand Prix,R,63.0,George Russell,Mercedes,2.0,4.0,Finished,0 days 02:19:13.872000,18.0,,,,,
2025,Las Vegas Grand Prix,R,12.0,Kimi Antonelli,Mercedes,3.0,17.0,Finished,0 days 02:19:15.814000,15.0,,,,,
2025,Las Vegas Grand Prix,R,16.0,Charles Leclerc,Ferrari,4.0,9.0,Finished,0 days 02:19:21.004000,12.0,,,,,
2025,Las Vegas Grand Prix,R,55.0,Carlos Sainz,Williams,5.0,3.0,Finished,0 days 02:19:25.250000,10.0,,,,,
2025,Las Vegas Grand Prix,R,6.0,Isack Hadjar,Racing Bulls,6.0,8.0,Finished,0 days 02:19:35.583000,8.0,,,,,
2025,Las Vegas Grand Prix,R,27.0,Nico Hulkenberg,Kick Sauber,7.0,11.0,Finished,0 days 02:19:41.460000,6.0,,,,,
2025,Las Vegas Grand Prix,R,44.0,Lewis Hamilton,Ferrari,8.0,19.0,Finished,0 days 02:19:49.695000,4.0,,,,,
2025,Las Vegas Grand Prix,R,31.0,Esteban Ocon,Haas F1 Team,9.0,13.0,Finished,0 days 02:19:50.961000,2.0,,,,,
2025,Las Vegas Grand Prix,R,87.0,Oliver Bearman,Haas F1 Team,10.0,14.0,Finished,0 days 02:20:00.875000,1.0,,,,,
2025,Las Vegas Grand Prix,R,14.0,Fernando Alonso,Aston Martin,11.0,7.0,Finished,0 days 02:20:15.634000,0.0,,,,,
2025,Las Vegas Grand Prix,R,22.0,Yuki Tsunoda,Red Bull Racing,12.0,20.0,Finished,0 days 02:20:17.300000,0.0,,,,,
2025,Las Vegas Grand Prix,R,10.0,Pierre Gasly,Alpine,13.0,10.0,Finished,0 days 02:20:22.028000,0.0,,,,,
2025,Las Vegas Grand Prix,R,30.0,Liam Lawson,Racing Bulls,14.0,6.0,Lapped,0 days 02:18:53.617000,0.0,,,,,
2025,Las Vegas Grand Prix,R,43.0,Franco Colapinto,Alpine,15.0,15.0,Lapped,0 days 02:19:00.785000,0.0,,,,,
2025,Las Vegas Grand Prix,R,23.0,Alexander Albon,Williams,16.0,16.0,Retired,0 days 01:57:09.898000,0.0,,,,,
2025,Las Vegas Grand Prix,R,5.0,Gabriel Bortoleto,Kick Sauber,17.0,18.0,Retired,0 days 01:02:34.053000,0.0,,,,,
2025,Las Vegas Grand Prix,R,18.0,Lance Stroll,Aston Martin,18.0,12.0,Retired,0 days 00:59:23.959000,0.0,,,,,
2025,Las Vegas Grand Prix,R,4.0,Lando Norris,McLaren,19.0,1.0,Disqualified,0 days 02:19:11.067000,0.0,,,,,
2025,Las Vegas Grand Prix,R,81.0,Oscar Piastri,McLaren,20.0,5.0,Disqualified,0 days 02:19:17.976000,0.0,,,,,
2025,Mexico City Grand Prix,FP1,16.0,Charles Leclerc,Ferrari,1.0,,,,,,,,0 days 00:01:18.380000,29.0
2025,Mexico City Grand Prix,FP1,12.0,Kimi Antonelli,Mercedes,2.0,,,,,,,,0 days 00:01:18.487000,35.0
2025,Mexico City Grand Prix,FP1,27.0,Nico Hulkenberg,Kick Sauber,3.0,,,,,,,,0 days 00:01:18.760000,27.0
2025,Mexico City Grand Prix,FP1,81.0,Oscar Piastri,McLaren,4.0,,,,,,,,0 days 00:01:18.784000,31.0
2025,Mexico City Grand Prix,FP1,5.0,Gabriel Bortoleto,Kick Sauber,5.0,,,,,,,,0 days 00:01:18.916000,28.0
2025,Mexico City Grand Prix,FP1,36.0,Arvid Lindblad,Red Bull Racing,6.0,,,,,,,,0 days 00:01:18.997000,26.0
2025,Mexico City Grand Prix,FP1,31.0,Esteban Ocon,Haas F1 Team,7.0,,,,,,,,0 days 00:01:19.038000,29.0
2025,Mexico City Grand Prix,FP1,22.0,Yuki Tsunoda,Red Bull Racing,8.0,,,,,,,,0 days 00:01:19.090000,29.0
2025,Mexico City Grand Prix,FP1,43.0,Franco Colapinto,Alpine,9.0,,,,,,,,0 days 00:01:19.331000,28.0
2025,Mexico City Grand Prix,FP1,23.0,Alexander Albon,Williams,10.0,,,,,,,,0 days 00:01:19.384000,33.0
2025,Mexico City Grand Prix,FP1,6.0,Isack Hadjar,Racing Bulls,11.0,,,,,,,,0 days 00:01:19.409000,32.0
2025,Mexico City Grand Prix,FP1,14.0,Fernando Alonso,Aston Martin,12.0,,,,,,,,0 days 00:01:19.472000,26.0
2025,Mexico City Grand Prix,FP1,89.0,Patricio O'Ward,McLaren,13.0,,,,,,,,0 days 00:01:19.680000,30.0
2025,Mexico City Grand Prix,FP1,72.0,Frederik Vesti,Mercedes,14.0,,,,,,,,0 days 00:01:19.689000,32.0
2025,Mexico City Grand Prix,FP1,61.0,Paul Aron,Alpine,15.0,,,,,,,,0 days 00:01:19.862000,29.0
2025,Mexico City Grand Prix,FP1,50.0,Ryo Hirakawa,Haas F1 Team,16.0,,,,,,,,0 days 00:01:20.073000,27.0
2025,Mexico City Grand Prix,FP1,40.0,Ayumu Iwasa,Racing Bulls,17.0,,,,,,,,0 days 00:01:20.153000,29.0
2025,Mexico City Grand Prix,FP1,46.0,Luke Browning,Williams,18.0,,,,,,,,0 days 00:01:20.310000,31.0
2025,Mexico City Grand Prix,FP1,35.0,Jak Crawford,Aston Martin,19.0,,,,,,,,0 days 00:01:20.371000,29.0
2025,Mexico City Grand Prix,FP1,38.0,Antonio Fuoco,Ferrari,20.0,,,,,,,,0 days 00:01:20.854000,29.0
2025,Mexico City Grand Prix,FP2,1.0,Max Verstappen,Red Bull Racing,1.0,,,,,,,,0 days 00:01:17.392000,34.0
2025,Mexico City Grand Prix,FP2,16.0,Charles Leclerc,Ferrari,2.0,,,,,,,,0 days 00:01:17.545000,32.0
2025,Mexico City Grand Prix,FP2,12.0,Kimi Antonelli,Mercedes,3.0,,,,,,,,0 days 00:01:17.566000,27.0
2025,Mexico City Grand Prix,FP2,4.0,Lando Norris,McLaren,4.0,,,,,,,,0 days 00:01:17.643000,31.0
2025,Mexico City Grand Prix,FP2,44.0,Lewis Hamilton,Ferrari,5.0,,,,,,,,0 days 00:01:17.692000,30.0
2025,Mexico City Grand Prix,FP2,63.0,George Russell,Mercedes,6.0,,,,,,,,0 days 00:01:17.829000,33.0
2025,Mexico City Grand Prix,FP2,22.0,Yuki Tsunoda,Red Bull Racing,7.0,,,,,,,,0 days 00:01:17.883000,31.0
2025,Mexico City Grand Prix,FP2,14.0,Fernando Alonso,Aston Martin,8.0,,,,,,,,0 days 00:01:17.938000,29.0
2025,Mexico City Grand Prix,FP2,55.0,Carlos Sainz,Williams,9.0,,,,,,,,0 days 00:01:17.939000,34.0
2025,Mexico City Grand Prix,FP2,18.0,Lance Stroll,Aston Martin,10.0,,,,,,,,0 days 00:01:17.954000,30.0
2025,Mexico City Grand Prix,FP2,30.0,Liam Lawson,Racing Bulls,11.0,,,,,,,,0 days 00:01:18.218000,32.0
2025,Mexico City Grand Prix,FP2,81.0,Oscar Piastri,McLaren,12.0,,,,,,,,0 days 00:01:18.232000,31.0
2025,Mexico City Grand Prix,FP2,31.0,Esteban Ocon,Haas F1 Team,13.0,,,,,,,,0 days 00:01:18.266000,31.0
2025,Mexico City Grand Prix,FP2,6.0,Isack Hadjar,Racing Bulls,14.0,,,,,,,,0 days 00:01:18.281000,30.0
2025,Mexico City Grand Prix,FP2,5.0,Gabriel Bortoleto,Kick Sauber,15.0,,,,,,,,0 days 00:01:18.323000,30.0
2025,Mexico City Grand Prix,FP2,27.0,Nico Hulkenberg,Kick Sauber,16.0,,,,,,,,0 days 00:01:18.348000,29.0
2025,Mexico City Grand Prix,FP2,87.0,Oliver Bearman,Haas F1 Team,17.0,,,,,,,,0 days 00:01:18.442000,34.0
2025,Mexico City Grand Prix,FP2,43.0,Franco Colapinto,Alpine,18.0,,,,,,,,0 days 00:01:18.721000,31.0
2025,Mexico City Grand Prix,FP2,23.0,Alexander Albon,Williams,19.0,,,,,,,,0 days 00:01:18.855000,31.0
2025,Mexico City Grand Prix,FP2,10.0,Pierre Gasly,Alpine,20.0,,,,,,,,0 days 00:01:19.194000,30.0
2025,Mexico City Grand Prix,FP3,4.0,Lando Norris,McLaren,1.0,,,,,,,,0 days 00:01:16.633000,22.0
2025,Mexico City Grand Prix,FP3,44.0,Lewis Hamilton,Ferrari,2.0,,,,,,,,0 days 00:01:16.978000,29.0
2025,Mexico City Grand Prix,FP3,63.0,George Russell,Mercedes,3.0,,,,,,,,0 days 00:01:17.145000,19.0
2025,Mexico City Grand Prix,FP3,16.0,Charles Leclerc,Ferrari,4.0,,,,,,,,0 days 00:01:17.199000,26.0
2025,Mexico City Grand Prix,FP3,81.0,Oscar Piastri,McLaren,5.0,,,,,,,,0 days 00:01:17.232000,23.0
2025,Mexico City Grand Prix,FP3,1.0,Max Verstappen,Red Bull Racing,6.0,,,,,,,,0 days 00:01:17.242000,30.0
2025,Mexico City Grand Prix,FP3,12.0,Kimi Antonelli,Mercedes,7.0,,,,,,,,0 days 00:01:17.253000,19.0
2025,Mexico City Grand Prix,FP3,6.0,Isack Hadjar,Racing Bulls,8.0,,,,,,,,0 days 00:01:17.396000,19.0
2025,Mexico City Grand Prix,FP3,22.0,Yuki Tsunoda,Red Bull Racing,9.0,,,,,,,,0 days 00:01:17.415000,23.0
2025,Mexico City Grand Prix,FP3,5.0,Gabriel Bortoleto,Kick Sauber,10.0,,,,,,,,0 days 00:01:17.526000,24.0
2025,Mexico City Grand Prix,FP3,30.0,Liam Lawson,Racing Bulls,11.0,,,,,,,,0 days 00:01:17.552000,20.0
2025,Mexico City Grand Prix,FP3,31.0,Esteban Ocon,Haas F1 Team,12.0,,,,,,,,0 days 00:01:17.574000,26.0
2025,Mexico City Grand Prix,FP3,18.0,Lance Stroll,Aston Martin,13.0,,,,,,,,0 days 00:01:17.598000,23.0
2025,Mexico City Grand Prix,FP3,27.0,Nico Hulkenberg,Kick Sauber,14.0,,,,,,,,0 days 00:01:17.664000,25.0
2025,Mexico City Grand Prix,FP3,55.0,Carlos Sainz,Williams,15.0,,,,,,,,0 days 00:01:17.801000,24.0
2025,Mexico City Grand Prix,FP3,23.0,Alexander Albon,Williams,16.0,,,,,,,,0 days 00:01:17.994000,20.0
2025,Mexico City Grand Prix,FP3,87.0,Oliver Bearman,Haas F1 Team,17.0,,,,,,,,0 days 00:01:18.046000,23.0
2025,Mexico City Grand Prix,FP3,10.0,Pierre Gasly,Alpine,18.0,,,,,,,,0 days 00:01:18.412000,24.0
2025,Mexico City Grand Prix,FP3,43.0,Franco Colapinto,Alpine,19.0,,,,,,,,0 days 00:01:18.581000,22.0
2025,Mexico City Grand Prix,FP3,14.0,Fernando Alonso,Aston Martin,20.0,,,,,,,,0 days 00:01:18.611000,12.0
2025,Mexico City Grand Prix,Q,4.0,Lando Norris,McLaren,1.0,,,,,0 days 00:01:16.899000,0 days 00:01:16.252000,0 days 00:01:15.586000,,
2025,Mexico City Grand Prix,Q,16.0,Charles Leclerc,Ferrari,2.0,,,,,0 days 00:01:17.024000,0 days 00:01:16.658000,0 days 00:01:15.848000,,
2025,Mexico City Grand Prix,Q,44.0,Lewis Hamilton,Ferrari,3.0,,,,,0 days 00:01:16.736000,0 days 00:01:16.458000,0 days 00:01:15.938000,,
2025,Mexico City Grand Prix,Q,63.0,George Russell,Mercedes,4.0,,,,,0 days 00:01:16.895000,0 days 00:01:16.537000,0 days 00:01:16.034000,,
2025,Mexico City Grand Prix,Q,1.0,Max Verstappen,Red Bull Racing,5.0,,,,,0 days 00:01:17.076000,0 days 00:01:16.605000,0 days 00:01:16.070000,,
2025,Mexico City Grand Prix,Q,12.0,Kimi Antonelli,Mercedes,6.0,,,,,0 days 00:01:17.291000,0 days 00:01:16.773000,0 days 00:01:16.118000,,
2025,Mexico City Grand Prix,Q,55.0,Carlos Sainz,Williams,7.0,,,,,0 days 00:01:17.171000,0 days 00:01:16.607000,0 days 00:01:16.172000,,
2025,Mexico City Grand Prix,Q,81.0,Oscar Piastri,McLaren,8.0,,,,,0 days 00:01:17.158000,0 days 00:01:16.737000,0 days 00:01:16.174000,,
2025,Mexico City Grand Prix,Q,6.0,Isack Hadjar,Racing Bulls,9.0,,,,,0 days 00:01:16.733000,0 days 00:01:16.804000,0 days 00:01:16.252000,,
2025,Mexico City Grand Prix,Q,87.0,Oliver Bearman,Haas F1 Team,10.0,,,,,0 days 00:01:17.040000,0 days 00:01:16.787000,0 days 00:01:16.460000,,
2025,Mexico City Grand Prix,Q,22.0,Yuki Tsunoda,Red Bull Racing,11.0,,,,,0 days 00:01:17.234000,0 days 00:01:16.816000,,,
2025,Mexico City Grand Prix,Q,31.0,Esteban Ocon,Haas F1 Team,12.0,,,,,0 days 00:01:16.948000,0 days 00:01:16.837000,,,
2025,Mexico City Grand Prix,Q,27.0,Nico Hulkenberg,Kick Sauber,13.0,,,,,0 days 00:01:17.251000,0 days 00:01:17.016000,,,
2025,Mexico City Grand Prix,Q,14.0,Fernando Alonso,Aston Martin,14.0,,,,,0 days 00:01:17.232000,0 days 00:01:17.103000,,,
2025,Mexico City Grand Prix,Q,30.0,Liam Lawson,Racing Bulls,15.0,,,,,0 days 00:01:16.961000,0 days 00:01:18.072000,,,
2025,Mexico City Grand Prix,Q,5.0,Gabriel Bortoleto,Kick Sauber,16.0,,,,,0 days 00:01:17.412000,,,,
2025,Mexico City Grand Prix,Q,23.0,Alexander Albon,Williams,17.0,,,,,0 days 00:01:17.490000,,,,
2025,Mexico City Grand Prix,Q,10.0,Pierre Gasly,Alpine,18.0,,,,,0 days 00:01:17.546000,,,,
2025,Mexico City Grand Prix,Q,18.0,Lance Stroll,Aston Martin,19.0,,,,,0 days 00:01:17.606000,,,,
2025,Mexico City Grand Prix,Q,43.0,Franco Colapinto,Alpine,20.0,,,,,0 days 00:01:17.670000,,,,
2025,Mexico City Grand Prix,R,4.0,Lando Norris,McLaren,1.0,1.0,Finished,0 days 02:35:05.950000,25.0,,,,,
2025,Mexico City Grand Prix,R,16.0,Charles Leclerc,Ferrari,2.0,2.0,Finished,0 days 02:35:36.274000,18.0,,,,,
2025,Mexico City Grand Prix,R,1.0,Max Verstappen,Red Bull Racing,3.0,5.0,Finished,0 days 02:35:36.999000,15.0,,,,,
2025,Mexico City Grand Prix,R,87.0,Oliver Bearman,Haas F1 Team,4.0,9.0,Finished,0 days 02:35:46.905000,12.0,,,,,
2025,Mexico City Grand Prix,R,81.0,Oscar Piastri,McLaren,5.0,7.0,Finished,0 days 02:35:48.015000,10.0,,,,,
2025,Mexico City Grand Prix,R,12.0,Kimi Antonelli,Mercedes,6.0,6.0,Finished,0 days 02:35:53.787000,8.0,,,,,
2025,Mexico City Grand Prix,R,63.0,George Russell,Mercedes,7.0,4.0,Finished,0 days 02:35:56.237000,6.0,,,,,
2025,Mexico City Grand Prix,R,44.0,Lewis Hamilton,Ferrari,8.0,3.0,Finished,0 days 02:36:02.396000,4.0,,,,,
2025,Mexico City Grand Prix,R,31.0,Esteban Ocon,Haas F1 Team,9.0,11.0,Finished,0 days 02:36:21.414000,2.0,,,,,
2025,Mexico City Grand Prix,R,5.0,Gabriel Bortoleto,Kick Sauber,10.0,16.0,Finished,0 days 02:36:22.813000,1.0,,,,,
2025,Mexico City Grand Prix,R,22.0,Yuki Tsunoda,Red Bull Racing,11.0,10.0,Finished,0 days 02:36:24.998000,0.0,,,,,
2025,Mexico City Grand Prix,R,23.0,Alexander Albon,Williams,12.0,17.0,Lapped,0 days 02:35:08.396000,0.0,,,,,
2025,Mexico City Grand Prix,R,6.0,Isack Hadjar,Racing Bulls,13.0,8.0,Lapped,0 days 02:35:12.606000,0.0,,,,,
2025,Mexico City Grand Prix,R,18.0,Lance Stroll,Aston Martin,14.0,19.0,Lapped,0 days 02:35:12.973000,0.0,,,,,
2025,Mexico City Grand Prix,R,10.0,Pierre Gasly,Alpine,15.0,18.0,Lapped,0 days 02:35:50.023000,0.0,,,,,
2025,Mexico City Grand Prix,R,43.0,Franco Colapinto,Alpine,16.0,20.0,Lapped,0 days 02:35:50.326000,0.0,,,,,
2025,Mexico City Grand Prix,R,55.0,Carlos Sainz,Williams,17.0,12.0,Retired,0 days 02:33:11.508000,0.0,,,,,
2025,Mexico City Grand Prix,R,14.0,Fernando Alonso,Aston Martin,18.0,14.0,Retired,0 days 01:45:14.079000,0.0,,,,,
2025,Mexico City Grand Prix,R,27.0,Nico Hulkenberg,Kick Sauber,19.0,13.0,Retired,0 days 01:32:32.510000,0.0,,,,,
2025,Mexico City Grand Prix,R,30.0,Liam Lawson,Racing Bulls,20.0,15.0,Retired,0 days 01:05:09.298000,0.0,,,,,
2025,Miami Grand Prix,FP1,81.0,Oscar Piastri,McLaren,1.0,,,,,,,,0 days 00:01:27.128000,22.0
2025,Miami Grand Prix,FP1,16.0,Charles Leclerc,Ferrari,2.0,,,,,,,,0 days 00:01:27.484000,22.0
2025,Miami Grand Prix,FP1,1.0,Max Verstappen,Red Bull Racing,3.0,,,,,,,,0 days 00:01:27.558000,20.0
2025,Miami Grand Prix,FP1,55.0,Carlos Sainz,Williams,4.0,,,,,,,,0 days 00:01:27.678000,23.0
2025,Miami Grand Prix,FP1,23.0,Alexander Albon,Williams,5.0,,,,,,,,0 days 00:01:27.955000,24.0
2025,Miami Grand Prix,FP1,6.0,Isack Hadjar,Racing Bulls,6.0,,,,,,,,0 days 00:01:27.968000,23.0
2025,Miami Grand Prix,FP1,63.0,George Russell,Mercedes,7.0,,,,,,,,0 days 00:01:28.058000,26.0
2025,Miami Grand Prix,FP1,22.0,Yuki Tsunoda,Red Bull Racing,8.0,,,,,,,,0 days 00:01:28.155000,20.0
2025,Miami Grand Prix,FP1,12.0,Kimi Antonelli,Mercedes,9.0,,,,,,,,0 days 00:01:28.227000,28.0
2025,Miami Grand Prix,FP1,14.0,Fernando Alonso,Aston Martin,10.0,,,,,,,,0 days 00:01:28.243000,23.0
2025,Miami Grand Prix,FP1,30.0,Liam Lawson,Racing Bulls,11.0,,,,,,,,0 days 00:01:28.374000,21.0
2025,Miami Grand Prix,FP1,4.0,Lando Norris,McLaren,12.0,,,,,,,,0 days 00:01:28.391000,21.0
2025,Miami Grand Prix,FP1,44.0,Lewis Hamilton,Ferrari,13.0,,,,,,,,0 days 00:01:28.556000,20.0
2025,Miami Grand Prix,FP1,27.0,Nico Hulkenberg,Kick Sauber,14.0,,,,,,,,0 days 00:01:28.573000,13.0
2025,Miami Grand Prix,FP1,5.0,Gabriel Bortoleto,Kick Sauber,15.0,,,,,,,,0 days 00:01:28.771000,18.0
2025,Miami Grand Prix,FP1,87.0,Oliver Bearman,Haas F1 Team,16.0,,,,,,,,0 days 00:01:28.996000,22.0
2025,Miami Grand Prix,FP1,10.0,Pierre Gasly,Alpine,17.0,,,,,,,,0 days 00:01:29.084000,21.0
2025,Miami Grand Prix,FP1,31.0,Esteban Ocon,Haas F1 Team,18.0,,,,,,,,0 days 00:01:29.179000,19.0
2025,Miami Grand Prix,FP1,7.0,Jack Doohan,Alpine,19.0,,,,,,,,0 days 00:01:29.357000,22.0
2025,Miami Grand Prix,FP1,18.0,Lance Stroll,Aston Martin,20.0,,,,,,,,0 days 00:01:29.362000,21.0
2025,Miami Grand Prix,Q,1.0,Max Verstappen,Red Bull Racing,1.0,,,,,,,,,
2025,Miami Grand Prix,Q,4.0,Lando Norris,McLaren,2.0,,,,,,,,,
2025,Miami Grand Prix,Q,12.0,Kimi Antonelli,Mercedes,3.0,,,,,,,,,
2025,Miami Grand Prix,Q,81.0,Oscar Piastri,McLaren,4.0,,,,,,,,,
2025,Miami Grand Prix,Q,63.0,George Russell,Mercedes,5.0,,,,,,,,,
2025,Miami Grand Prix,Q,55.0,Carlos Sainz,Williams,6.0,,,,,,,,,
2025,Miami Grand Prix,Q,23.0,Alexander Albon,Williams,7.0,,,,,,,,,
2025,Miami Grand Prix,Q,16.0,Charles Leclerc,Ferrari,8.0,,,,,,,,,
2025,Miami Grand Prix,Q,31.0,Esteban Ocon,Haas F1 Team,9.0,,,,,,,,,
2025,Miami Grand Prix,Q,22.0,Yuki Tsunoda,Red Bull Racing,10.0,,,,,,,,,
2025,Miami Grand Prix,Q,6.0,Isack Hadjar,Racing Bulls,11.0,,,,,,,,,
2025,Miami Grand Prix,Q,44.0,Lewis Hamilton,Ferrari,12.0,,,,,,,,,
2025,Miami Grand Prix,Q,5.0,Gabriel Bortoleto,Kick Sauber,13.0,,,,,,,,,
2025,Miami Grand Prix,Q,7.0,Jack Doohan,Alpine,14.0,,,,,,,,,
2025,Miami Grand Prix,Q,30.0,Liam Lawson,Racing Bulls,15.0,,,,,,,,,
2025,Miami Grand Prix,Q,27.0,Nico Hulkenberg,Kick Sauber,16.0,,,,,,,,,
2025,Miami Grand Prix,Q,14.0,Fernando Alonso,Aston Martin,17.0,,,,,,,,,
2025,Miami Grand Prix,Q,10.0,Pierre Gasly,Alpine,18.0,,,,,,,,,
2025,Miami Grand Prix,Q,18.0,Lance Stroll,Aston Martin,19.0,,,,,,,,,
2025,Miami Grand Prix,Q,87.0,Oliver Bearman,Haas F1 Team,20.0,,,,,,,,,
2025,Miami Grand Prix,Sprint Qualifying,12.0,Kimi Antonelli,Mercedes,1.0,,,,,,,,0 days 00:01:26.482000,15.0
2025,Miami Grand Prix,Sprint Qualifying,81.0,Oscar Piastri,McLaren,2.0,,,,,,,,0 days 00:01:26.527000,12.0
2025,Miami Grand Prix,Sprint Qualifying,4.0,Lando Norris,McLaren,3.0,,,,,,,,0 days 00:01:26.582000,14.0
2025,Miami Grand Prix,Sprint Qualifying,1.0,Max Verstappen,Red Bull Racing,4.0,,,,,,,,0 days 00:01:26.737000,16.0
2025,Miami Grand Prix,Sprint Qualifying,63.0,George Russell,Mercedes,5.0,,,,,,,,0 days 00:01:26.791000,15.0
2025,Miami Grand Prix,Sprint Qualifying,16.0,Charles Leclerc,Ferrari,6.0,,,,,,,,0 days 00:01:26.808000,16.0
2025,Miami Grand Prix,Sprint Qualifying,44.0,Lewis Hamilton,Ferrari,7.0,,,,,,,,0 days 00:01:27.030000,15.0
2025,Miami Grand Prix,Sprint Qualifying,23.0,Alexander Albon,Williams,8.0,,,,,,,,0 days 00:01:27.193000,15.0
2025,Miami Grand Prix,Sprint Qualifying,6.0,Isack Hadjar,Racing Bulls,9.0,,,,,,,,0 days 00:01:27.543000,12.0
2025,Miami Grand Prix,Sprint Qualifying,14.0,Fernando Alonso,Aston Martin,10.0,,,,,,,,0 days 00:01:27.766000,13.0
2025,Miami Grand Prix,Sprint Qualifying,27.0,Nico Hulkenberg,Kick Sauber,11.0,,,,,,,,0 days 00:01:27.850000,9.0
2025,Miami Grand Prix,Sprint Qualifying,55.0,Carlos Sainz,Williams,12.0,,,,,,,,0 days 00:01:27.899000,8.0
2025,Miami Grand Prix,Sprint Qualifying,31.0,Esteban Ocon,Haas F1 Team,13.0,,,,,,,,0 days 00:01:28.070000,9.0
2025,Miami Grand Prix,Sprint Qualifying,10.0,Pierre Gasly,Alpine,14.0,,,,,,,,0 days 00:01:28.167000,9.0
2025,Miami Grand Prix,Sprint Qualifying,30.0,Liam Lawson,Racing Bulls,15.0,,,,,,,,0 days 00:01:28.375000,8.0
2025,Miami Grand Prix,Sprint Qualifying,18.0,Lance Stroll,Aston Martin,16.0,,,,,,,,0 days 00:01:29.028000,6.0
2025,Miami Grand Prix,Sprint Qualifying,7.0,Jack Doohan,Alpine,17.0,,,,,,,,0 days 00:01:29.171000,5.0
2025,Miami Grand Prix,Sprint Qualifying,22.0,Yuki Tsunoda,Red Bull Racing,18.0,,,,,,,,0 days 00:01:29.246000,5.0
2025,Miami Grand Prix,Sprint Qualifying,5.0,Gabriel Bortoleto,Kick Sauber,19.0,,,,,,,,0 days 00:01:29.312000,6.0
2025,Miami Grand Prix,Sprint Qualifying,87.0,Oliver Bearman,Haas F1 Team,20.0,,,,,,,,0 days 00:01:29.825000,5.0
2025,Miami Grand Prix,Sprint,4.0,Lando Norris,McLaren,1.0,3.0,Finished,0 days 01:47:18.302000,8.0,,,,,
2025,Miami Grand Prix,Sprint,81.0,Oscar Piastri,McLaren,2.0,2.0,Finished,0 days 01:47:19.042000,7.0,,,,,
2025,Miami Grand Prix,Sprint,44.0,Lewis Hamilton,Ferrari,3.0,7.0,Finished,0 days 01:47:19.379000,6.0,,,,,
2025,Miami Grand Prix,Sprint,63.0,George Russell,Mercedes,4.0,5.0,Finished,0 days 01:47:21.467000,5.0,,,,,
2025,Miami Grand Prix,Sprint,18.0,Lance Stroll,Aston Martin,5.0,16.0,Finished,0 days 01:47:21.787000,4.0,,,,,
2025,Miami Grand Prix,Sprint,22.0,Yuki Tsunoda,Red Bull Racing,6.0,20.0,Finished,0 days 01:47:23.528000,3.0,,,,,
2025,Miami Grand Prix,Sprint,12.0,Kimi Antonelli,Mercedes,7.0,1.0,Finished,0 days 01:47:23.934000,2.0,,,,,
2025,Miami Grand Prix,Sprint,10.0,Pierre Gasly,Alpine,8.0,13.0,Finished,0 days 01:47:24.348000,1.0,,,,,
2025,Miami Grand Prix,Sprint,27.0,Nico Hulkenberg,Kick Sauber,9.0,11.0,Finished,0 days 01:47:24.528000,0.0,,,,,
2025,Miami Grand Prix,Sprint,6.0,Isack Hadjar,Racing Bulls,10.0,9.0,Finished,0 days 01:47:25.775000,0.0,,,,,
2025,Miami Grand Prix,Sprint,23.0,Alexander Albon,Williams,11.0,8.0,Finished,0 days 01:47:20.814000,0.0,,,,,
2025,Miami Grand Prix,Sprint,31.0,Esteban Ocon,Haas F1 Team,12.0,12.0,Finished,0 days 01:47:27.373000,0.0,,,,,
2025,Miami Grand Prix,Sprint,30.0,Liam Lawson,Racing Bulls,13.0,14.0,Finished,0 days 01:47:22.399000,0.0,,,,,
2025,Miami Grand Prix,Sprint,87.0,Oliver Bearman,Haas F1 Team,14.0,19.0,Finished,0 days 01:47:22.593000,0.0,,,,,
2025,Miami Grand Prix,Sprint,5.0,Gabriel Bortoleto,Kick Sauber,15.0,18.0,Finished,0 days 01:47:28.050000,0.0,,,,,
2025,Miami Grand Prix,Sprint,7.0,Jack Doohan,Alpine,16.0,17.0,Finished,0 days 01:47:28.284000,0.0,,,,,
2025,Miami Grand Prix,Sprint,1.0,Max Verstappen,Red Bull Racing,17.0,4.0,Finished,0 days 01:47:20.407000,0.0,,,,,
2025,Miami Grand Prix,Sprint,14.0,Fernando Alonso,Aston Martin,18.0,10.0,Retired,0 days 01:36:02.632000,0.0,,,,,
2025,Miami Grand Prix,Sprint,55.0,Carlos Sainz,Williams,19.0,15.0,Retired,0 days 01:35:36.033000,0.0,,,,,
2025,Miami Grand Prix,Sprint,16.0,Charles Leclerc,Ferrari,20.0,6.0,Retired,,0.0,,,,,
2025,Miami Grand Prix,R,81.0,Oscar Piastri,McLaren,1.0,4.0,Finished,0 days 02:26:07.175000,25.0,,,,,
2025,Miami Grand Prix,R,4.0,Lando Norris,McLaren,2.0,2.0,Finished,0 days 02:26:11.805000,18.0,,,,,
2025,Miami Grand Prix,R,63.0,George Russell,Mercedes,3.0,5.0,Finished,0 days 02:26:44.819000,15.0,,,,,
2025,Miami Grand Prix,R,1.0,Max Verstappen,Red Bull Racing,4.0,1.0,Finished,0 days 02:26:47.131000,12.0,,,,,
2025,Miami Grand Prix,R,23.0,Alexander Albon,Williams,5.0,7.0,Finished,0 days 02:26:55.242000,10.0,,,,,
2025,Miami Grand Prix,R,12.0,Kimi Antonelli,Mercedes,6.0,3.0,Finished,0 days 02:27:02.677000,8.0,,,,,
2025,Miami Grand Prix,R,16.0,Charles Leclerc,Ferrari,7.0,8.0,Finished,0 days 02:27:04.211000,6.0,,,,,
2025,Miami Grand Prix,R,44.0,Lewis Hamilton,Ferrari,8.0,12.0,Finished,0 days 02:27:07.361000,4.0,,,,,
2025,Miami Grand Prix,R,55.0,Carlos Sainz,Williams,9.0,6.0,Finished,0 days 02:27:07.752000,2.0,,,,,
2025,Miami Grand Prix,R,22.0,Yuki Tsunoda,Red Bull Racing,10.0,10.0,Finished,0 days 02:27:16.609000,1.0,,,,,
2025,Miami Grand Prix,R,6.0,Isack Hadjar,Racing Bulls,11.0,11.0,Finished,0 days 02:27:21.777000,0.0,,,,,
2025,Miami Grand Prix,R,31.0,Esteban Ocon,Haas F1 Team,12.0,9.0,Finished,0 days 02:27:29.181000,0.0,,,,,
2025,Miami Grand Prix,R,10.0,Pierre Gasly,Alpine,13.0,20.0,Finished,0 days 02:27:37.620000,0.0,,,,,
2025,Miami Grand Prix,R,27.0,Nico Hulkenberg,Kick Sauber,14.0,16.0,Lapped,0 days 02:26:08.330000,0.0,,,,,
2025,Miami Grand Prix,R,14.0,Fernando Alonso,Aston Martin,15.0,17.0,Lapped,0 days 02:26:28.154000,0.0,,,,,
2025,Miami Grand Prix,R,18.0,Lance Stroll,Aston Martin,16.0,18.0,Lapped,0 days 02:26:32.337000,0.0,,,,,
2025,Miami Grand Prix,R,30.0,Liam Lawson,Racing Bulls,17.0,15.0,Retired,0 days 01:56:22.099000,0.0,,,,,
2025,Miami Grand Prix,R,5.0,Gabriel Bortoleto,Kick Sauber,18.0,13.0,Retired,0 days 01:48:49.047000,0.0,,,,,
2025,Miami Grand Prix,R,87.0,Oliver Bearman,Haas F1 Team,19.0,19.0,Retired,0 days 01:42:56.361000,0.0,,,,,
2025,Miami Grand Prix,R,7.0,Jack Doohan,Alpine,20.0,14.0,Retired,0 days 00:58:51.257000,0.0,,,,,
2025,Monaco Grand Prix,FP1,16.0,Charles Leclerc,Ferrari,1.0,,,,,,,,0 days 00:01:11.964000,33.0
2025,Monaco Grand Prix,FP1,1.0,Max Verstappen,Red Bull Racing,2.0,,,,,,,,0 days 00:01:12.127000,30.0
2025,Monaco Grand Prix,FP1,4.0,Lando Norris,McLaren,3.0,,,,,,,,0 days 00:01:12.290000,32.0
2025,Monaco Grand Prix,FP1,23.0,Alexander Albon,Williams,4.0,,,,,,,,0 days 00:01:12.314000,33.0
2025,Monaco Grand Prix,FP1,81.0,Oscar Piastri,McLaren,5.0,,,,,,,,0 days 00:01:12.342000,28.0
2025,Monaco Grand Prix,FP1,63.0,George Russell,Mercedes,6.0,,,,,,,,0 days 00:01:12.482000,33.0
2025,Monaco Grand Prix,FP1,55.0,Carlos Sainz,Williams,7.0,,,,,,,,0 days 00:01:12.534000,36.0
2025,Monaco Grand Prix,FP1,10.0,Pierre Gasly,Alpine,8.0,,,,,,,,0 days 00:01:12.669000,29.0
2025,Monaco Grand Prix,FP1,44.0,Lewis Hamilton,Ferrari,9.0,,,,,,,,0 days 00:01:12.690000,30.0
2025,Monaco Grand Prix,FP1,14.0,Fernando Alonso,Aston Martin,10.0,,,,,,,,0 days 00:01:12.727000,28.0
2025,Monaco Grand Prix,FP1,12.0,Kimi Antonelli,Mercedes,11.0,,,,,,,,0 days 00:01:12.765000,34.0
2025,Monaco Grand Prix,FP1,27.0,Nico Hulkenberg,Kick Sauber,12.0,,,,,,,,0 days 00:01:12.979000,30.0
2025,Monaco Grand Prix,FP1,6.0,Isack Hadjar,Racing Bulls,13.0,,,,,,,,0 days 00:01:13.187000,35.0
2025,Monaco Grand Prix,FP1,22.0,Yuki Tsunoda,Red Bull Racing,14.0,,,,,,,,0 days 00:01:13.232000,32.0
2025,Monaco Grand Prix,FP1,87.0,Oliver Bearman,Haas F1 Team,15.0,,,,,,,,0 days 00:01:13.329000,34.0
2025,Monaco Grand Prix,FP1,31.0,Esteban Ocon,Haas F1 Team,16.0,,,,,,,,0 days 00:01:13.394000,31.0
2025,Monaco Grand Prix,FP1,30.0,Liam Lawson,Racing Bulls,17.0,,,,,,,,0 days 00:01:13.429000,37.0
2025,Monaco Grand Prix,FP1,5.0,Gabriel Bortoleto,Kick Sauber,18.0,,,,,,,,0 days 00:01:13.470000,29.0
2025,Monaco Grand Prix,FP1,43.0,Franco Colapinto,Alpine,19.0,,,,,,,,0 days 00:01:13.820000,32.0
2025,Monaco Grand Prix,FP1,18.0,Lance Stroll,Aston Martin,20.0,,,,,,,,0 days 00:01:15.635000,4.0
2025,Monaco Grand Prix,FP2,16.0,Charles Leclerc,Ferrari,1.0,,,,,,,,0 days 00:01:11.355000,32.0
2025,Monaco Grand Prix,FP2,81.0,Oscar Piastri,McLaren,2.0,,,,,,,,0 days 00:01:11.393000,28.0
2025,Monaco Grand Prix,FP2,44.0,Lewis Hamilton,Ferrari,3.0,,,,,,,,0 days 00:01:11.460000,30.0
2025,Monaco Grand Prix,FP2,4.0,Lando Norris,McLaren,4.0,,,,,,,,0 days 00:01:11.677000,32.0
2025,Monaco Grand Prix,FP2,30.0,Liam Lawson,Racing Bulls,5.0,,,,,,,,0 days 00:01:11.823000,32.0
2025,Monaco Grand Prix,FP2,6.0,Isack Hadjar,Racing Bulls,6.0,,,,,,,,0 days 00:01:11.842000,17.0
2025,Monaco Grand Prix,FP2,14.0,Fernando Alonso,Aston Martin,7.0,,,,,,,,0 days 00:01:11.890000,30.0
2025,Monaco Grand Prix,FP2,23.0,Alexander Albon,Williams,8.0,,,,,,,,0 days 00:01:11.918000,34.0
2025,Monaco Grand Prix,FP2,12.0,Kimi Antonelli,Mercedes,9.0,,,,,,,,0 days 00:01:12.002000,32.0
2025,Monaco Grand Prix,FP2,1.0,Max Verstappen,Red Bull Racing,10.0,,,,,,,,0 days 00:01:12.068000,29.0
2025,Monaco Grand Prix,FP2,22.0,Yuki Tsunoda,Red Bull Racing,11.0,,,,,,,,0 days 00:01:12.072000,30.0
2025,Monaco Grand Prix,FP2,63.0,George Russell,Mercedes,12.0,,,,,,,,0 days 00:01:12.092000,32.0
2025,Monaco Grand Prix,FP2,55.0,Carlos Sainz,Williams,13.0,,,,,,,,0 days 00:01:12.151000,32.0
2025,Monaco Grand Prix,FP2,5.0,Gabriel Bortoleto,Kick Sauber,14.0,,,,,,,,0 days 00:01:12.234000,29.0
2025,Monaco Grand Prix,FP2,87.0,Oliver Bearman,Haas F1 Team,15.0,,,,,,,,0 days 00:01:12.259000,33.0
2025,Monaco Grand Prix,FP2,27.0,Nico Hulkenberg,Kick Sauber,16.0,,,,,,,,0 days 00:01:12.262000,32.0
2025,Monaco Grand Prix,FP2,10.0,Pierre Gasly,Alpine,17.0,,,,,,,,0 days 00:01:12.404000,34.0
2025,Monaco Grand Prix,FP2,18.0,Lance Stroll,Aston Martin,18.0,,,,,,,,0 days 00:01:12.512000,30.0
2025,Monaco Grand Prix,FP2,31.0,Esteban Ocon,Haas F1 Team,19.0,,,,,,,,0 days 00:01:12.541000,33.0
2025,Monaco Grand Prix,FP2,43.0,Franco Colapinto,Alpine,20.0,,,,,,,,0 days 00:01:13.415000,31.0
2025,Monaco Grand Prix,FP3,16.0,Charles Leclerc,Ferrari,1.0,,,,,,,,0 days 00:01:10.953000,25.0
2025,Monaco Grand Prix,FP3,1.0,Max Verstappen,Red Bull Racing,2.0,,,,,,,,0 days 00:01:11.233000,22.0
2025,Monaco Grand Prix,FP3,4.0,Lando Norris,McLaren,3.0,,,,,,,,0 days 00:01:11.247000,23.0
2025,Monaco Grand Prix,FP3,81.0,Oscar Piastri,McLaren,4.0,,,,,,,,0 days 00:01:11.398000,21.0
2025,Monaco Grand Prix,FP3,44.0,Lewis Hamilton,Ferrari,5.0,,,,,,,,0 days 00:01:11.516000,25.0
2025,Monaco Grand Prix,FP3,23.0,Alexander Albon,Williams,6.0,,,,,,,,0 days 00:01:11.668000,24.0
2025,Monaco Grand Prix,FP3,30.0,Liam Lawson,Racing Bulls,7.0,,,,,,,,0 days 00:01:11.814000,32.0
2025,Monaco Grand Prix,FP3,55.0,Carlos Sainz,Williams,8.0,,,,,,,,0 days 00:01:11.893000,23.0
2025,Monaco Grand Prix,FP3,22.0,Yuki Tsunoda,Red Bull Racing,9.0,,,,,,,,0 days 00:01:11.952000,21.0
2025,Monaco Grand Prix,FP3,12.0,Kimi Antonelli,Mercedes,10.0,,,,,,,,0 days 00:01:12.013000,23.0
2025,Monaco Grand Prix,FP3,63.0,George Russell,Mercedes,11.0,,,,,,,,0 days 00:01:12.066000,22.0
2025,Monaco Grand Prix,FP3,14.0,Fernando Alonso,Aston Martin,12.0,,,,,,,,0 days 00:01:12.101000,21.0
2025,Monaco Grand Prix,FP3,27.0,Nico Hulkenberg,Kick Sauber,13.0,,,,,,,,0 days 00:01:12.125000,25.0
2025,Monaco Grand Prix,FP3,10.0,Pierre Gasly,Alpine,14.0,,,,,,,,0 days 00:01:12.194000,20.0
2025,Monaco Grand Prix,FP3,18.0,Lance Stroll,Aston Martin,15.0,,,,,,,,0 days 00:01:12.202000,24.0
2025,Monaco Grand Prix,FP3,87.0,Oliver Bearman,Haas F1 Team,16.0,,,,,,,,0 days 00:01:12.251000,19.0
2025,Monaco Grand Prix,FP3,6.0,Isack Hadjar,Racing Bulls,17.0,,,,,,,,0 days 00:01:12.271000,30.0
2025,Monaco Grand Prix,FP3,31.0,Esteban Ocon,Haas F1 Team,18.0,,,,,,,,0 days 00:01:12.499000,25.0
2025,Monaco Grand Prix,FP3,5.0,Gabriel Bortoleto,Kick Sauber,19.0,,,,,,,,0 days 00:01:12.601000,28.0
2025,Monaco Grand Prix,FP3,43.0,Franco Colapinto,Alpine,20.0,,,,,,,,0 days 00:01:12.851000,32.0
2025,Monaco Grand Prix,Q,4.0,Lando Norris,McLaren,1.0,,,,,0 days 00:01:11.285000,0 days 00:01:10.570000,0 days 00:01:09.954000,,
2025,Monaco Grand Prix,Q,16.0,Charles Leclerc,Ferrari,2.0,,,,,0 days 00:01:11.229000,0 days 00:01:10.581000,0 days 00:01:10.063000,,
2025,Monaco Grand Prix,Q,81.0,Oscar Piastri,McLaren,3.0,,,,,0 days 00:01:11.308000,0 days 00:01:10.858000,0 days 00:01:10.129000,,
2025,Monaco Grand Prix,Q,44.0,Lewis Hamilton,Ferrari,4.0,,,,,0 days 00:01:11.575000,0 days 00:01:10.883000,0 days 00:01:10.382000,,
2025,Monaco Grand Prix,Q,1.0,Max Verstappen,Red Bull Racing,5.0,,,,,0 days 00:01:11.431000,0 days 00:01:10.875000,0 days 00:01:10.669000,,
2025,Monaco Grand Prix,Q,6.0,Isack Hadjar,Racing Bulls,6.0,,,,,0 days 00:01:11.811000,0 days 00:01:11.040000,0 days 00:01:10.923000,,
2025,Monaco Grand Prix,Q,14.0,Fernando Alonso,Aston Martin,7.0,,,,,0 days 00:01:11.674000,0 days 00:01:11.182000,0 days 00:01:10.924000,,
2025,Monaco Grand Prix,Q,31.0,Esteban Ocon,Haas F1 Team,8.0,,,,,0 days 00:01:11.839000,0 days 00:01:11.262000,0 days 00:01:10.942000,,
2025,Monaco Grand Prix,Q,30.0,Liam Lawson,Racing Bulls,9.0,,,,,0 days 00:01:11.818000,0 days 00:01:11.250000,0 days 00:01:11.129000,,
2025,Monaco Grand Prix,Q,23.0,Alexander Albon,Williams,10.0,,,,,0 days 00:01:11.629000,0 days 00:01:10.732000,0 days 00:01:11.213000,,
2025,Monaco Grand Prix,Q,55.0,Carlos Sainz,Williams,11.0,,,,,0 days 00:01:11.707000,0 days 00:01:11.362000,,,
2025,Monaco Grand Prix,Q,22.0,Yuki Tsunoda,Red Bull Racing,12.0,,,,,0 days 00:01:11.800000,0 days 00:01:11.415000,,,
2025,Monaco Grand Prix,Q,27.0,Nico Hulkenberg,Kick Sauber,13.0,,,,,0 days 00:01:11.871000,0 days 00:01:11.596000,,,
2025,Monaco Grand Prix,Q,63.0,George Russell,Mercedes,14.0,,,,,0 days 00:01:11.507000,,,,
2025,Monaco Grand Prix,Q,12.0,Kimi Antonelli,Mercedes,15.0,,,,,0 days 00:01:11.880000,,,,
2025,Monaco Grand Prix,Q,5.0,Gabriel Bortoleto,Kick Sauber,16.0,,,,,0 days 00:01:11.902000,,,,
2025,Monaco Grand Prix,Q,87.0,Oliver Bearman,Haas F1 Team,17.0,,,,,0 days 00:01:11.979000,,,,
2025,Monaco Grand Prix,Q,10.0,Pierre Gasly,Alpine,18.0,,,,,0 days 00:01:11.994000,,,,
2025,Monaco Grand Prix,Q,18.0,Lance Stroll,Aston Martin,19.0,,,,,0 days 00:01:12.563000,,,,
2025,Monaco Grand Prix,Q,43.0,Franco Colapinto,Alpine,20.0,,,,,0 days 00:01:12.597000,,,,
2025,Monaco Grand Prix,R,4.0,Lando Norris,McLaren,1.0,1.0,Finished,0 days 02:36:42.913000,25.0,,,,,
2025,Monaco Grand Prix,R,16.0,Charles Leclerc,Ferrari,2.0,2.0,Finished,0 days 02:36:46.044000,18.0,,,,,
2025,Monaco Grand Prix,R,81.0,Oscar Piastri,McLaren,3.0,3.0,Finished,0 days 02:36:46.571000,15.0,,,,,
2025,Monaco Grand Prix,R,1.0,Max Verstappen,Red Bull Racing,4.0,4.0,Finished,0 days 02:37:03.485000,12.0,,,,,
2025,Monaco Grand Prix,R,44.0,Lewis Hamilton,Ferrari,5.0,7.0,Finished,0 days 02:37:34.300000,10.0,,,,,
2025,Monaco Grand Prix,R,6.0,Isack Hadjar,Racing Bulls,6.0,5.0,Lapped,0 days 02:37:47.995000,8.0,,,,,
2025,Monaco Grand Prix,R,31.0,Esteban Ocon,Haas F1 Team,7.0,8.0,Lapped,0 days 02:37:48.942000,6.0,,,,,
2025,Monaco Grand Prix,R,30.0,Liam Lawson,Racing Bulls,8.0,9.0,Lapped,0 days 02:37:49.659000,4.0,,,,,
2025,Monaco Grand Prix,R,23.0,Alexander Albon,Williams,9.0,10.0,Lapped,0 days 02:36:54.782000,2.0,,,,,
2025,Monaco Grand Prix,R,55.0,Carlos Sainz,Williams,10.0,11.0,Lapped,0 days 02:36:58.145000,1.0,,,,,
2025,Monaco Grand Prix,R,63.0,George Russell,Mercedes,11.0,14.0,Lapped,0 days 02:37:16.757000,0.0,,,,,
2025,Monaco Grand Prix,R,87.0,Oliver Bearman,Haas F1 Team,12.0,20.0,Lapped,0 days 02:37:37.606000,0.0,,,,,
2025,Monaco Grand Prix,R,43.0,Franco Colapinto,Alpine,13.0,18.0,Lapped,0 days 02:37:40.027000,0.0,,,,,
2025,Monaco Grand Prix,R,5.0,Gabriel Bortoleto,Kick Sauber,14.0,16.0,Lapped,0 days 02:37:51.337000,0.0,,,,,
2025,Monaco Grand Prix,R,18.0,Lance Stroll,Aston Martin,15.0,19.0,Lapped,0 days 02:37:53.308000,0.0,,,,,
2025,Monaco Grand Prix,R,27.0,Nico Hulkenberg,Kick Sauber,16.0,13.0,Lapped,0 days 02:37:54.457000,0.0,,,,,
2025,Monaco Grand Prix,R,22.0,Yuki Tsunoda,Red Bull Racing,17.0,12.0,Lapped,0 days 02:37:54.762000,0.0,,,,,
2025,Monaco Grand Prix,R,12.0,Kimi Antonelli,Mercedes,18.0,15.0,Lapped,0 days 02:36:51.322000,0.0,,,,,
2025,Monaco Grand Prix,R,14.0,Fernando Alonso,Aston Martin,19.0,6.0,Retired,0 days 01:47:06.172000,0.0,,,,,
2025,Monaco Grand Prix,R,10.0,Pierre Gasly,Alpine,20.0,17.0,Retired,0 days 01:08:39.921000,0.0,,,,,
2025,Qatar Grand Prix,FP1,81.0,Oscar Piastri,McLaren,1.0,,,,,,,,0 days 00:01:20.924000,29.0
2025,Qatar Grand Prix,FP1,4.0,Lando Norris,McLaren,2.0,,,,,,,,0 days 00:01:20.982000,28.0
2025,Qatar Grand Prix,FP1,14.0,Fernando Alonso,Aston Martin,3.0,,,,,,,,0 days 00:01:21.310000,26.0
2025,Qatar Grand Prix,FP1,55.0,Carlos Sainz,Williams,4.0,,,,,,,,0 days 00:01:21.404000,20.0
2025,Qatar Grand Prix,FP1,6.0,Isack Hadjar,Racing Bulls,5.0,,,,,,,,0 days 00:01:21.503000,30.0
2025,Qatar Grand Prix,FP1,1.0,Max Verstappen,Red Bull Racing,6.0,,,,,,,,0 days 00:01:21.504000,27.0
2025,Qatar Grand Prix,FP1,23.0,Alexander Albon,Williams,7.0,,,,,,,,0 days 00:01:21.609000,29.0
2025,Qatar Grand Prix,FP1,16.0,Charles Leclerc,Ferrari,8.0,,,,,,,,0 days 00:01:21.668000,31.0
2025,Qatar Grand Prix,FP1,18.0,Lance Stroll,Aston Martin,9.0,,,,,,,,0 days 00:01:21.669000,26.0
2025,Qatar Grand Prix,FP1,12.0,Kimi Antonelli,Mercedes,10.0,,,,,,,,0 days 00:01:21.698000,32.0
2025,Qatar Grand Prix,FP1,27.0,Nico Hulkenberg,Kick Sauber,11.0,,,,,,,,0 days 00:01:21.783000,23.0
2025,Qatar Grand Prix,FP1,44.0,Lewis Hamilton,Ferrari,12.0,,,,,,,,0 days 00:01:21.794000,28.0
2025,Qatar Grand Prix,FP1,22.0,Yuki Tsunoda,Red Bull Racing,13.0,,,,,,,,0 days 00:01:21.796000,28.0
2025,Qatar Grand Prix,FP1,63.0,George Russell,Mercedes,14.0,,,,,,,,0 days 00:01:21.824000,33.0
2025,Qatar Grand Prix,FP1,87.0,Oliver Bearman,Haas F1 Team,15.0,,,,,,,,0 days 00:01:21.926000,26.0
2025,Qatar Grand Prix,FP1,5.0,Gabriel Bortoleto,Kick Sauber,16.0,,,,,,,,0 days 00:01:21.926000,29.0
2025,Qatar Grand Prix,FP1,31.0,Esteban Ocon,Haas F1 Team,17.0,,,,,,,,0 days 00:01:22.096000,30.0
2025,Qatar Grand Prix,FP1,10.0,Pierre Gasly,Alpine,18.0,,,,,,,,0 days 00:01:22.424000,25.0
2025,Qatar Grand Prix,FP1,30.0,Liam Lawson,Racing Bulls,19.0,,,,,,,,0 days 00:01:22.562000,30.0
2025,Qatar Grand Prix,FP1,43.0,Franco Colapinto,Alpine,20.0,,,,,,,,0 days 00:01:23.529000,26.0
2025,Qatar Grand Prix,Q,81.0,Oscar Piastri,McLaren,1.0,,,,,0 days 00:01:20.234000,0 days 00:01:19.650000,0 days 00:01:19.387000,,
2025,Qatar Grand Prix,Q,4.0,Lando Norris,McLaren,2.0,,,,,0 days 00:01:20.157000,0 days 00:01:19.861000,0 days 00:01:19.495000,,
2025,Qatar Grand Prix,Q,1.0,Max Verstappen,Red Bull Racing,3.0,,,,,0 days 00:01:20.472000,0 days 00:01:19.985000,0 days 00:01:19.651000,,
2025,Qatar Grand Prix,Q,63.0,George Russell,Mercedes,4.0,,,,,0 days 00:01:20.074000,0 days 00:01:20.186000,0 days 00:01:19.662000,,
2025,Qatar Grand Prix,Q,12.0,Kimi Antonelli,Mercedes,5.0,,,,,0 days 00:01:20.576000,0 days 00:01:20.084000,0 days 00:01:19.846000,,
2025,Qatar Grand Prix,Q,6.0,Isack Hadjar,Racing Bulls,6.0,,,,,0 days 00:01:20.603000,0 days 00:01:20.350000,0 days 00:01:20.114000,,
2025,Qatar Grand Prix,Q,55.0,Carlos Sainz,Williams,7.0,,,,,0 days 00:01:20.520000,0 days 00:01:20.251000,0 days 00:01:20.287000,,
2025,Qatar Grand Prix,Q,14.0,Fernando Alonso,Aston Martin,8.0,,,,,0 days 00:01:20.598000,0 days 00:01:20.219000,0 days 00:01:20.418000,,
2025,Qatar Grand Prix,Q,10.0,Pierre Gasly,Alpine,9.0,,,,,0 days 00:01:20.681000,0 days 00:01:20.324000,0 days 00:01:20.477000,,
2025,Qatar Grand Prix,Q,16.0,Charles Leclerc,Ferrari,10.0,,,,,0 days 00:01:20.564000,0 days 00:01:20.343000,0 days 00:01:20.561000,,
2025,Qatar Grand Prix,Q,27.0,Nico Hulkenberg,Kick Sauber,11.0,,,,,0 days 00:01:20.630000,0 days 00:01:20.353000,,,
2025,Qatar Grand Prix,Q,30.0,Liam Lawson,Racing Bulls,12.0,,,,,0 days 00:01:20.539000,0 days 00:01:20.433000,,,
2025,Qatar Grand Prix,Q,87.0,Oliver Bearman,Haas F1 Team,13.0,,,,,0 days 00:01:20.548000,0 days 00:01:20.438000,,,
2025,Qatar Grand Prix,Q,5.0,Gabriel Bortoleto,Kick Sauber,14.0,,,,,0 days 00:01:20.653000,0 days 00:01:20.534000,,,
2025,Qatar Grand Prix,Q,23.0,Alexander Albon,Williams,15.0,,,,,0 days 00:01:20.629000,0 days 00:01:20.629000,,,
2025,Qatar Grand Prix,Q,22.0,Yuki Tsunoda,Red Bull Racing,16.0,,,,,0 days 00:01:20.761000,,,,
2025,Qatar Grand Prix,Q,31.0,Esteban Ocon,Haas F1 Team,17.0,,,,,0 days 00:01:20.864000,,,,
2025,Qatar Grand Prix,Q,44.0,Lewis Hamilton,Ferrari,18.0,,,,,0 days 00:01:20.907000,,,,
2025,Qatar Grand Prix,Q,18.0,Lance Stroll,Aston Martin,19.0,,,,,0 days 00:01:21.058000,,,,
2025,Qatar Grand Prix,Q,43.0,Franco Colapinto,Alpine,20.0,,,,,0 days 00:01:21.137000,,,,
2025,Qatar Grand Prix,Sprint Qualifying,81.0,Oscar Piastri,McLaren,1.0,,,,,,,,0 days 00:01:20.055000,18.0
2025,Qatar Grand Prix,Sprint Qualifying,63.0,George Russell,Mercedes,2.0,,,,,,,,0 days 00:01:20.087000,19.0
2025,Qatar Grand Prix,Sprint Qualifying,4.0,Lando Norris,McLaren,3.0,,,,,,,,0 days 00:01:20.285000,18.0
2025,Qatar Grand Prix,Sprint Qualifying,14.0,Fernando Alonso,Aston Martin,4.0,,,,,,,,0 days 00:01:20.450000,18.0
2025,Qatar Grand Prix,Sprint Qualifying,22.0,Yuki Tsunoda,Red Bull Racing,5.0,,,,,,,,0 days 00:01:20.519000,20.0
2025,Qatar Grand Prix,Sprint Qualifying,1.0,Max Verstappen,Red Bull Racing,6.0,,,,,,,,0 days 00:01:20.528000,20.0
2025,Qatar Grand Prix,Sprint Qualifying,12.0,Kimi Antonelli,Mercedes,7.0,,,,,,,,0 days 00:01:20.532000,18.0
2025,Qatar Grand Prix,Sprint Qualifying,55.0,Carlos Sainz,Williams,8.0,,,,,,,,0 days 00:01:20.542000,20.0
2025,Qatar Grand Prix,Sprint Qualifying,16.0,Charles Leclerc,Ferrari,9.0,,,,,,,,0 days 00:01:20.622000,20.0
2025,Qatar Grand Prix,Sprint Qualifying,23.0,Alexander Albon,Williams,10.0,,,,,,,,0 days 00:01:20.788000,20.0
2025,Qatar Grand Prix,Sprint Qualifying,6.0,Isack Hadjar,Racing Bulls,11.0,,,,,,,,0 days 00:01:21.277000,14.0
2025,Qatar Grand Prix,Sprint Qualifying,27.0,Nico Hulkenberg,Kick Sauber,12.0,,,,,,,,0 days 00:01:21.327000,14.0
2025,Qatar Grand Prix,Sprint Qualifying,87.0,Oliver Bearman,Haas F1 Team,13.0,,,,,,,,0 days 00:01:21.494000,14.0
2025,Qatar Grand Prix,Sprint Qualifying,5.0,Gabriel Bortoleto,Kick Sauber,14.0,,,,,,,,0 days 00:01:21.567000,13.0
2025,Qatar Grand Prix,Sprint Qualifying,31.0,Esteban Ocon,Haas F1 Team,15.0,,,,,,,,0 days 00:01:21.666000,14.0
2025,Qatar Grand Prix,Sprint Qualifying,18.0,Lance Stroll,Aston Martin,16.0,,,,,,,,0 days 00:01:21.807000,7.0
2025,Qatar Grand Prix,Sprint Qualifying,30.0,Liam Lawson,Racing Bulls,17.0,,,,,,,,0 days 00:01:21.851000,6.0
2025,Qatar Grand Prix,Sprint Qualifying,44.0,Lewis Hamilton,Ferrari,18.0,,,,,,,,0 days 00:01:22.043000,8.0
2025,Qatar Grand Prix,Sprint Qualifying,10.0,Pierre Gasly,Alpine,19.0,,,,,,,,0 days 00:01:22.112000,8.0
2025,Qatar Grand Prix,Sprint Qualifying,43.0,Franco Colapinto,Alpine,20.0,,,,,,,,0 days 00:01:22.364000,8.0
2025,Qatar Grand Prix,Sprint,81.0,Oscar Piastri,McLaren,1.0,1.0,Finished,0 days 01:12:52.038000,8.0,,,,,
2025,Qatar Grand Prix,Sprint,63.0,George Russell,Mercedes,2.0,2.0,Finished,0 days 01:12:56.989000,7.0,,,,,
2025,Qatar Grand Prix,Sprint,4.0,Lando Norris,McLaren,3.0,3.0,Finished,0 days 01:12:58.317000,6.0,,,,,
2025,Qatar Grand Prix,Sprint,1.0,Max Verstappen,Red Bull Racing,4.0,6.0,Finished,0 days 01:13:01.092000,5.0,,,,,
2025,Qatar Grand Prix,Sprint,22.0,Yuki Tsunoda,Red Bull Racing,5.0,5.0,Finished,0 days 01:13:06.365000,4.0,,,,,
2025,Qatar Grand Prix,Sprint,12.0,Kimi Antonelli,Mercedes,6.0,7.0,Finished,0 days 01:13:08.429000,3.0,,,,,
2025,Qatar Grand Prix,Sprint,14.0,Fernando Alonso,Aston Martin,7.0,4.0,Finished,0 days 01:13:16.594000,2.0,,,,,
2025,Qatar Grand Prix,Sprint,55.0,Carlos Sainz,Williams,8.0,8.0,Finished,0 days 01:13:19.371000,1.0,,,,,
2025,Qatar Grand Prix,Sprint,6.0,Isack Hadjar,Racing Bulls,9.0,11.0,Finished,0 days 01:13:20.244000,0.0,,,,,
2025,Qatar Grand Prix,Sprint,23.0,Alexander Albon,Williams,10.0,10.0,Finished,0 days 01:13:20.963000,0.0,,,,,
2025,Qatar Grand Prix,Sprint,5.0,Gabriel Bortoleto,Kick Sauber,11.0,13.0,Finished,0 days 01:13:25.004000,0.0,,,,,
2025,Qatar Grand Prix,Sprint,87.0,Oliver Bearman,Haas F1 Team,12.0,12.0,Finished,0 days 01:13:26.567000,0.0,,,,,
2025,Qatar Grand Prix,Sprint,16.0,Charles Leclerc,Ferrari,13.0,9.0,Finished,0 days 01:13:27.220000,0.0,,,,,
2025,Qatar Grand Prix,Sprint,30.0,Liam Lawson,Racing Bulls,14.0,16.0,Finished,0 days 01:13:28.954000,0.0,,,,,
2025,Qatar Grand Prix,Sprint,31.0,Esteban Ocon,Haas F1 Team,15.0,15.0,Finished,0 days 01:13:30.876000,0.0,,,,,
2025,Qatar Grand Prix,Sprint,27.0,Nico Hulkenberg,Kick Sauber,16.0,14.0,Finished,0 days 01:13:31.676000,0.0,,,,,
2025,Qatar Grand Prix,Sprint,44.0,Lewis Hamilton,Ferrari,17.0,18.0,Finished,0 days 01:13:38.209000,0.0,,,,,
2025,Qatar Grand Prix,Sprint,10.0,Pierre Gasly,Alpine,18.0,19.0,Finished,0 days 01:14:01.572000,0.0,,,,,
2025,Qatar Grand Prix,Sprint,18.0,Lance Stroll,Aston Martin,19.0,17.0,Finished,0 days 01:14:09.998000,0.0,,,,,
2025,Qatar Grand Prix,Sprint,43.0,Franco Colapinto,Alpine,20.0,20.0,Finished,0 days 01:14:12.842000,0.0,,,,,
2025,Qatar Grand Prix,R,1.0,Max Verstappen,Red Bull Racing,1.0,3.0,Finished,0 days 02:23:20.018000,25.0,,,,,
2025,Qatar Grand Prix,R,81.0,Oscar Piastri,McLaren,2.0,1.0,Finished,0 days 02:23:28.013000,18.0,,,,,
2025,Qatar Grand Prix,R,55.0,Carlos Sainz,Williams,3.0,7.0,Finished,0 days 02:23:42.683000,15.0,,,,,
2025,Qatar Grand Prix,R,4.0,Lando Norris,McLaren,4.0,2.0,Finished,0 days 02:23:43.333000,12.0,,,,,
2025,Qatar Grand Prix,R,12.0,Kimi Antonelli,Mercedes,5.0,5.0,Finished,0 days 02:23:48.335000,10.0,,,,,
2025,Qatar Grand Prix,R,63.0,George Russell,Mercedes,6.0,4.0,Finished,0 days 02:24:08.617000,8.0,,,,,
2025,Qatar Grand Prix,R,14.0,Fernando Alonso,Aston Martin,7.0,8.0,Finished,0 days 02:24:14.063000,6.0,,,,,
2025,Qatar Grand Prix,R,16.0,Charles Leclerc,Ferrari,8.0,10.0,Finished,0 days 02:24:16.803000,4.0,,,,,
2025,Qatar Grand Prix,R,30.0,Liam Lawson,Racing Bulls,9.0,12.0,Finished,0 days 02:24:20.091000,2.0,,,,,
2025,Qatar Grand Prix,R,22.0,Yuki Tsunoda,Red Bull Racing,10.0,15.0,Finished,0 days 02:24:21.788000,1.0,,,,,
2025,Qatar Grand Prix,R,23.0,Alexander Albon,Williams,11.0,14.0,Finished,0 days 02:24:26.949000,0.0,,,,,
2025,Qatar Grand Prix,R,44.0,Lewis Hamilton,Ferrari,12.0,17.0,Finished,0 days 02:24:37.748000,0.0,,,,,
2025,Qatar Grand Prix,R,5.0,Gabriel Bortoleto,Kick Sauber,13.0,19.0,Finished,0 days 02:24:44.830000,0.0,,,,,
2025,Qatar Grand Prix,R,43.0,Franco Colapinto,Alpine,14.0,20.0,Lapped,0 days 02:23:23.301000,0.0,,,,,
2025,Qatar Grand Prix,R,31.0,Esteban Ocon,Haas F1 Team,15.0,16.0,Lapped,0 days 02:23:24.236000,0.0,,,,,
2025,Qatar Grand Prix,R,10.0,Pierre Gasly,Alpine,16.0,9.0,Lapped,0 days 02:23:24.959000,0.0,,,,,
2025,Qatar Grand Prix,R,18.0,Lance Stroll,Aston Martin,17.0,18.0,Retired,0 days 02:22:16.980000,0.0,,,,,
2025,Qatar Grand Prix,R,6.0,Isack Hadjar,Racing Bulls,18.0,6.0,Retired,0 days 02:22:34.219000,0.0,,,,,
2025,Qatar Grand Prix,R,87.0,Oliver Bearman,Haas F1 Team,19.0,13.0,Retired,0 days 02:02:35.669000,0.0,,,,,
2025,Qatar Grand Prix,R,27.0,Nico Hulkenberg,Kick Sauber,20.0,11.0,Retired,0 days 01:10:08.265000,0.0,,,,,
2025,Saudi Arabian Grand Prix,FP1,10.0,Pierre Gasly,Alpine,1.0,,,,,,,,0 days 00:01:29.239000,25.0
2025,Saudi Arabian Grand Prix,FP1,4.0,Lando Norris,McLaren,2.0,,,,,,,,0 days 00:01:29.246000,25.0
2025,Saudi Arabian Grand Prix,FP1,16.0,Charles Leclerc,Ferrari,3.0,,,,,,,,0 days 00:01:29.309000,28.0
2025,Saudi Arabian Grand Prix,FP1,81.0,Oscar Piastri,McLaren,4.0,,,,,,,,0 days 00:01:29.341000,25.0
2025,Saudi Arabian Grand Prix,FP1,23.0,Alexander Albon,Williams,5.0,,,,,,,,0 days 00:01:29.606000,23.0
2025,Saudi Arabian Grand Prix,FP1,63.0,George Russell,Mercedes,6.0,,,,,,,,0 days 00:01:29.618000,21.0
2025,Saudi Arabian Grand Prix,FP1,55.0,Carlos Sainz,Williams,7.0,,,,,,,,0 days 00:01:29.779000,26.0
2025,Saudi Arabian Grand Prix,FP1,44.0,Lewis Hamilton,Ferrari,8.0,,,,,,,,0 days 00:01:29.815000,27.0
2025,Saudi Arabian Grand Prix,FP1,1.0,Max Verstappen,Red Bull Racing,9.0,,,,,,,,0 days 00:01:29.818000,26.0
2025,Saudi Arabian Grand Prix,FP1,22.0,Yuki Tsunoda,Red Bull Racing,10.0,,,,,,,,0 days 00:01:29.821000,26.0
2025,Saudi Arabian Grand Prix,FP1,30.0,Liam Lawson,Racing Bulls,11.0,,,,,,,,0 days 00:01:29.907000,19.0
2025,Saudi Arabian Grand Prix,FP1,27.0,Nico Hulkenberg,Kick Sauber,12.0,,,,,,,,0 days 00:01:29.916000,25.0
2025,Saudi Arabian Grand Prix,FP1,12.0,Kimi Antonelli,Mercedes,13.0,,,,,,,,0 days 00:01:29.934000,24.0
2025,Saudi Arabian Grand Prix,FP1,14.0,Fernando Alonso,Aston Martin,14.0,,,,,,,,0 days 00:01:29.976000,24.0
2025,Saudi Arabian Grand Prix,FP1,6.0,Isack Hadjar,Racing Bulls,15.0,,,,,,,,0 days 00:01:30.011000,15.0
2025,Saudi Arabian Grand Prix,FP1,7.0,Jack Doohan,Alpine,16.0,,,,,,,,0 days 00:01:30.183000,25.0
2025,Saudi Arabian Grand Prix,FP1,18.0,Lance Stroll,Aston Martin,17.0,,,,,,,,0 days 00:01:30.583000,23.0
2025,Saudi Arabian Grand Prix,FP1,87.0,Oliver Bearman,Haas F1 Team,18.0,,,,,,,,0 days 00:01:30.595000,21.0
2025,Saudi Arabian Grand Prix,FP1,31.0,Esteban Ocon,Haas F1 Team,19.0,,,,,,,,0 days 00:01:31.029000,21.0
2025,Saudi Arabian Grand Prix,FP1,5.0,Gabriel Bortoleto,Kick Sauber,20.0,,,,,,,,0 days 00:01:31.038000,23.0
2025,Saudi Arabian Grand Prix,FP2,4.0,Lando Norris,McLaren,1.0,,,,,,,,0 days 00:01:28.267000,21.0
2025,Saudi Arabian Grand Prix,FP2,81.0,Oscar Piastri,McLaren,2.0,,,,,,,,0 days 00:01:28.430000,22.0
2025,Saudi Arabian Grand Prix,FP2,1.0,Max Verstappen,Red Bull Racing,3.0,,,,,,,,0 days 00:01:28.547000,23.0
2025,Saudi Arabian Grand Prix,FP2,16.0,Charles Leclerc,Ferrari,4.0,,,,,,,,0 days 00:01:28.749000,22.0
2025,Saudi Arabian Grand Prix,FP2,55.0,Carlos Sainz,Williams,5.0,,,,,,,,0 days 00:01:28.942000,24.0
2025,Saudi Arabian Grand Prix,FP2,22.0,Yuki Tsunoda,Red Bull Racing,6.0,,,,,,,,0 days 00:01:28.963000,19.0
2025,Saudi Arabian Grand Prix,FP2,63.0,George Russell,Mercedes,7.0,,,,,,,,0 days 00:01:28.973000,21.0
2025,Saudi Arabian Grand Prix,FP2,10.0,Pierre Gasly,Alpine,8.0,,,,,,,,0 days 00:01:29.106000,22.0
2025,Saudi Arabian Grand Prix,FP2,27.0,Nico Hulkenberg,Kick Sauber,9.0,,,,,,,,0 days 00:01:29.193000,21.0
2025,Saudi Arabian Grand Prix,FP2,23.0,Alexander Albon,Williams,10.0,,,,,,,,0 days 00:01:29.220000,23.0
2025,Saudi Arabian Grand Prix,FP2,12.0,Kimi Antonelli,Mercedes,11.0,,,,,,,,0 days 00:01:29.242000,16.0
2025,Saudi Arabian Grand Prix,FP2,6.0,Isack Hadjar,Racing Bulls,12.0,,,,,,,,0 days 00:01:29.306000,17.0
2025,Saudi Arabian Grand Prix,FP2,44.0,Lewis Hamilton,Ferrari,13.0,,,,,,,,0 days 00:01:29.371000,23.0
2025,Saudi Arabian Grand Prix,FP2,30.0,Liam Lawson,Racing Bulls,14.0,,,,,,,,0 days 00:01:29.488000,22.0
2025,Saudi Arabian Grand Prix,FP2,14.0,Fernando Alonso,Aston Martin,15.0,,,,,,,,0 days 00:01:29.662000,18.0
2025,Saudi Arabian Grand Prix,FP2,87.0,Oliver Bearman,Haas F1 Team,16.0,,,,,,,,0 days 00:01:29.754000,19.0
2025,Saudi Arabian Grand Prix,FP2,7.0,Jack Doohan,Alpine,17.0,,,,,,,,0 days 00:01:29.912000,21.0
2025,Saudi Arabian Grand Prix,FP2,18.0,Lance Stroll,Aston Martin,18.0,,,,,,,,0 days 00:01:30.007000,18.0
2025,Saudi Arabian Grand Prix,FP2,31.0,Esteban Ocon,Haas F1 Team,19.0,,,,,,,,0 days 00:01:30.019000,22.0
2025,Saudi Arabian Grand Prix,FP3,4.0,Lando Norris,McLaren,1.0,,,,,,,,0 days 00:01:27.489000,18.0
2025,Saudi Arabian Grand Prix,FP3,81.0,Oscar Piastri,McLaren,2.0,,,,,,,,0 days 00:01:27.513000,19.0
2025,Saudi Arabian Grand Prix,FP3,63.0,George Russell,Mercedes,3.0,,,,,,,,0 days 00:01:28.116000,17.0
2025,Saudi Arabian Grand Prix,FP3,1.0,Max Verstappen,Red Bull Racing,4.0,,,,,,,,0 days 00:01:28.334000,14.0
2025,Saudi Arabian Grand Prix,FP3,16.0,Charles Leclerc,Ferrari,5.0,,,,,,,,0 days 00:01:28.372000,21.0
2025,Saudi Arabian Grand Prix,FP3,23.0,Alexander Albon,Williams,6.0,,,,,,,,0 days 00:01:28.389000,16.0
2025,Saudi Arabian Grand Prix,FP3,55.0,Carlos Sainz,Williams,7.0,,,,,,,,0 days 00:01:28.570000,15.0
2025,Saudi Arabian Grand Prix,FP3,10.0,Pierre Gasly,Alpine,8.0,,,,,,,,0 days 00:01:28.625000,16.0
2025,Saudi Arabian Grand Prix,FP3,22.0,Yuki Tsunoda,Red Bull Racing,9.0,,,,,,,,0 days 00:01:28.670000,14.0
2025,Saudi Arabian Grand Prix,FP3,12.0,Kimi Antonelli,Mercedes,10.0,,,,,,,,0 days 00:01:28.679000,18.0
2025,Saudi Arabian Grand Prix,FP3,6.0,Isack Hadjar,Racing Bulls,11.0,,,,,,,,0 days 00:01:28.769000,17.0
2025,Saudi Arabian Grand Prix,FP3,44.0,Lewis Hamilton,Ferrari,12.0,,,,,,,,0 days 00:01:28.780000,20.0
2025,Saudi Arabian Grand Prix,FP3,30.0,Liam Lawson,Racing Bulls,13.0,,,,,,,,0 days 00:01:28.861000,18.0
2025,Saudi Arabian Grand Prix,FP3,14.0,Fernando Alonso,Aston Martin,14.0,,,,,,,,0 days 00:01:28.888000,19.0
2025,Saudi Arabian Grand Prix,FP3,7.0,Jack Doohan,Alpine,15.0,,,,,,,,0 days 00:01:28.898000,21.0
2025,Saudi Arabian Grand Prix,FP3,87.0,Oliver Bearman,Haas F1 Team,16.0,,,,,,,,0 days 00:01:28.989000,15.0
2025,Saudi Arabian Grand Prix,FP3,27.0,Nico Hulkenberg,Kick Sauber,17.0,,,,,,,,0 days 00:01:29.220000,16.0
2025,Saudi Arabian Grand Prix,FP3,31.0,Esteban Ocon,Haas F1 Team,18.0,,,,,,,,0 days 00:01:29.336000,20.0
2025,Saudi Arabian Grand Prix,FP3,5.0,Gabriel Bortoleto,Kick Sauber,19.0,,,,,,,,0 days 00:01:29.410000,24.0
2025,Saudi Arabian Grand Prix,FP3,18.0,Lance Stroll,Aston Martin,20.0,,,,,,,,0 days 00:01:29.478000,19.0
2025,Saudi Arabian Grand Prix,Q,1.0,Max Verstappen,Red Bull Racing,1.0,,,,,0 days 00:01:27.778000,0 days 00:01:27.529000,0 days 00:01:27.294000,,
2025,Saudi Arabian Grand Prix,Q,81.0,Oscar Piastri,McLaren,2.0,,,,,0 days 00:01:27.901000,0 days 00:01:27.545000,0 days 00:01:27.304000,,
2025,Saudi Arabian Grand Prix,Q,63.0,George Russell,Mercedes,3.0,,,,,0 days 00:01:28.282000,0 days 00:01:27.599000,0 days 00:01:27.407000,,
2025,Saudi Arabian Grand Prix,Q,16.0,Charles Leclerc,Ferrari,4.0,,,,,0 days 00:01:28.552000,0 days 00:01:27.866000,0 days 00:01:27.670000,,
2025,Saudi Arabian Grand Prix,Q,12.0,Kimi Antonelli,Mercedes,5.0,,,,,0 days 00:01:28.128000,0 days 00:01:27.798000,0 days 00:01:27.866000,,
2025,Saudi Arabian Grand Prix,Q,55.0,Carlos Sainz,Williams,6.0,,,,,0 days 00:01:28.354000,0 days 00:01:28.024000,0 days 00:01:28.164000,,
2025,Saudi Arabian Grand Prix,Q,44.0,Lewis Hamilton,Ferrari,7.0,,,,,0 days 00:01:28.372000,0 days 00:01:28.102000,0 days 00:01:28.201000,,
2025,Saudi Arabian Grand Prix,Q,22.0,Yuki Tsunoda,Red Bull Racing,8.0,,,,,0 days 00:01:28.226000,0 days 00:01:27.990000,0 days 00:01:28.204000,,
2025,Saudi Arabian Grand Prix,Q,10.0,Pierre Gasly,Alpine,9.0,,,,,0 days 00:01:28.421000,0 days 00:01:28.025000,0 days 00:01:28.367000,,
2025,Saudi Arabian Grand Prix,Q,4.0,Lando Norris,McLaren,10.0,,,,,0 days 00:01:27.805000,0 days 00:01:27.481000,,,
2025,Saudi Arabian Grand Prix,Q,23.0,Alexander Albon,Williams,11.0,,,,,0 days 00:01:28.279000,0 days 00:01:28.109000,,,
2025,Saudi Arabian Grand Prix,Q,30.0,Liam Lawson,Racing Bulls,12.0,,,,,0 days 00:01:28.561000,0 days 00:01:28.191000,,,
2025,Saudi Arabian Grand Prix,Q,14.0,Fernando Alonso,Aston Martin,13.0,,,,,0 days 00:01:28.548000,0 days 00:01:28.303000,,,
2025,Saudi Arabian Grand Prix,Q,6.0,Isack Hadjar,Racing Bulls,14.0,,,,,0 days 00:01:28.571000,0 days 00:01:28.418000,,,
2025,Saudi Arabian Grand Prix,Q,87.0,Oliver Bearman,Haas F1 Team,15.0,,,,,0 days 00:01:28.536000,0 days 00:01:28.648000,,,
2025,Saudi Arabian Grand Prix,Q,18.0,Lance Stroll,Aston Martin,16.0,,,,,0 days 00:01:28.645000,,,,
2025,Saudi Arabian Grand Prix,Q,7.0,Jack Doohan,Alpine,17.0,,,,,0 days 00:01:28.739000,,,,
2025,Saudi Arabian Grand Prix,Q,27.0,Nico Hulkenberg,Kick Sauber,18.0,,,,,0 days 00:01:28.782000,,,,
2025,Saudi Arabian Grand Prix,Q,31.0,Esteban Ocon,Haas F1 Team,19.0,,,,,0 days 00:01:29.092000,,,,
2025,Saudi Arabian Grand Prix,Q,5.0,Gabriel Bortoleto,Kick Sauber,20.0,,,,,0 days 00:01:29.462000,,,,
2025,Saudi Arabian Grand Prix,R,81.0,Oscar Piastri,McLaren,1.0,2.0,Finished,0 days 02:18:04.098000,25.0,,,,,
2025,Saudi Arabian Grand Prix,R,1.0,Max Verstappen,Red Bull Racing,2.0,1.0,Finished,0 days 02:18:06.791000,18.0,,,,,
2025,Saudi Arabian Grand Prix,R,16.0,Charles Leclerc,Ferrari,3.0,4.0,Finished,0 days 02:18:12.039000,15.0,,,,,
2025,Saudi Arabian Grand Prix,R,4.0,Lando Norris,McLaren,4.0,10.0,Finished,0 days 02:18:13.277000,12.0,,,,,
2025,Saudi Arabian Grand Prix,R,63.0,George Russell,Mercedes,5.0,3.0,Finished,0 days 02:18:31.209000,10.0,,,,,
2025,Saudi Arabian Grand Prix,R,12.0,Kimi Antonelli,Mercedes,6.0,5.0,Finished,0 days 02:18:38.672000,8.0,,,,,
2025,Saudi Arabian Grand Prix,R,44.0,Lewis Hamilton,Ferrari,7.0,7.0,Finished,0 days 02:18:43.135000,6.0,,,,,
2025,Saudi Arabian Grand Prix,R,55.0,Carlos Sainz,Williams,8.0,6.0,Finished,0 days 02:19:08.714000,4.0,,,,,
2025,Saudi Arabian Grand Prix,R,23.0,Alexander Albon,Williams,9.0,11.0,Finished,0 days 02:19:10.601000,2.0,,,,,
2025,Saudi Arabian Grand Prix,R,6.0,Isack Hadjar,Racing Bulls,10.0,14.0,Finished,0 days 02:19:11.081000,1.0,,,,,
2025,Saudi Arabian Grand Prix,R,14.0,Fernando Alonso,Aston Martin,11.0,13.0,Finished,0 days 02:19:19.946000,0.0,,,,,
2025,Saudi Arabian Grand Prix,R,30.0,Liam Lawson,Racing Bulls,12.0,12.0,Finished,0 days 02:19:12.448000,0.0,,,,,
2025,Saudi Arabian Grand Prix,R,87.0,Oliver Bearman,Haas F1 Team,13.0,15.0,Finished,0 days 02:19:23.196000,0.0,,,,,
2025,Saudi Arabian Grand Prix,R,31.0,Esteban Ocon,Haas F1 Team,14.0,19.0,Finished,0 days 02:19:43.671000,0.0,,,,,
2025,Saudi Arabian Grand Prix,R,27.0,Nico Hulkenberg,Kick Sauber,15.0,18.0,Lapped,0 days 02:18:08.523000,0.0,,,,,
2025,Saudi Arabian Grand Prix,R,18.0,Lance Stroll,Aston Martin,16.0,16.0,Lapped,0 days 02:18:09.629000,0.0,,,,,
2025,Saudi Arabian Grand Prix,R,7.0,Jack Doohan,Alpine,17.0,17.0,Lapped,0 days 02:18:23.212000,0.0,,,,,
2025,Saudi Arabian Grand Prix,R,5.0,Gabriel Bortoleto,Kick Sauber,18.0,20.0,Lapped,0 days 02:18:23.254000,0.0,,,,,
2025,Saudi Arabian Grand Prix,R,22.0,Yuki Tsunoda,Red Bull Racing,19.0,8.0,Retired,0 days 00:59:43.086000,0.0,,,,,
2025,Saudi Arabian Grand Prix,R,10.0,Pierre Gasly,Alpine,20.0,9.0,Retired,0 days 00:59:00.497000,0.0,,,,,
2025,Singapore Grand Prix,FP1,14.0,Fernando Alonso,Aston Martin,1.0,,,,,,,,0 days 00:01:31.116000,23.0
2025,Singapore Grand Prix,FP1,16.0,Charles Leclerc,Ferrari,2.0,,,,,,,,0 days 00:01:31.266000,25.0
2025,Singapore Grand Prix,FP1,1.0,Max Verstappen,Red Bull Racing,3.0,,,,,,,,0 days 00:01:31.392000,24.0
2025,Singapore Grand Prix,FP1,44.0,Lewis Hamilton,Ferrari,4.0,,,,,,,,0 days 00:01:31.480000,23.0
2025,Singapore Grand Prix,FP1,81.0,Oscar Piastri,McLaren,5.0,,,,,,,,0 days 00:01:31.481000,25.0
2025,Singapore Grand Prix,FP1,4.0,Lando Norris,McLaren,6.0,,,,,,,,0 days 00:01:31.698000,22.0
2025,Singapore Grand Prix,FP1,6.0,Isack Hadjar,Racing Bulls,7.0,,,,,,,,0 days 00:01:31.755000,28.0
2025,Singapore Grand Prix,FP1,55.0,Carlos Sainz,Williams,8.0,,,,,,,,0 days 00:01:31.812000,27.0
2025,Singapore Grand Prix,FP1,22.0,Yuki Tsunoda,Red Bull Racing,9.0,,,,,,,,0 days 00:01:31.860000,25.0
2025,Singapore Grand Prix,FP1,31.0,Esteban Ocon,Haas F1 Team,10.0,,,,,,,,0 days 00:01:32.128000,24.0
2025,Singapore Grand Prix,FP1,63.0,George Russell,Mercedes,11.0,,,,,,,,0 days 00:01:32.139000,22.0
2025,Singapore Grand Prix,FP1,27.0,Nico Hulkenberg,Kick Sauber,12.0,,,,,,,,0 days 00:01:32.315000,29.0
2025,Singapore Grand Prix,FP1,10.0,Pierre Gasly,Alpine,13.0,,,,,,,,0 days 00:01:32.378000,26.0
2025,Singapore Grand Prix,FP1,12.0,Kimi Antonelli,Mercedes,14.0,,,,,,,,0 days 00:01:32.399000,24.0
2025,Singapore Grand Prix,FP1,30.0,Liam Lawson,Racing Bulls,15.0,,,,,,,,0 days 00:01:32.461000,27.0
2025,Singapore Grand Prix,FP1,87.0,Oliver Bearman,Haas F1 Team,16.0,,,,,,,,0 days 00:01:32.538000,25.0
2025,Singapore Grand Prix,FP1,5.0,Gabriel Bortoleto,Kick Sauber,17.0,,,,,,,,0 days 00:01:32.611000,27.0
2025,Singapore Grand Prix,FP1,18.0,Lance Stroll,Aston Martin,18.0,,,,,,,,0 days 00:01:33.034000,18.0
2025,Singapore Grand Prix,FP1,43.0,Franco Colapinto,Alpine,19.0,,,,,,,,0 days 00:01:33.324000,26.0
2025,Singapore Grand Prix,FP1,23.0,Alexander Albon,Williams,20.0,,,,,,,,0 days 00:01:57.029000,2.0
2025,Singapore Grand Prix,FP2,81.0,Oscar Piastri,McLaren,1.0,,,,,,,,0 days 00:01:30.714000,19.0
2025,Singapore Grand Prix,FP2,6.0,Isack Hadjar,Racing Bulls,2.0,,,,,,,,0 days 00:01:30.846000,19.0
2025,Singapore Grand Prix,FP2,1.0,Max Verstappen,Red Bull Racing,3.0,,,,,,,,0 days 00:01:30.857000,19.0
2025,Singapore Grand Prix,FP2,14.0,Fernando Alonso,Aston Martin,4.0,,,,,,,,0 days 00:01:30.877000,19.0
2025,Singapore Grand Prix,FP2,4.0,Lando Norris,McLaren,5.0,,,,,,,,0 days 00:01:31.197000,18.0
2025,Singapore Grand Prix,FP2,18.0,Lance Stroll,Aston Martin,6.0,,,,,,,,0 days 00:01:31.222000,18.0
2025,Singapore Grand Prix,FP2,31.0,Esteban Ocon,Haas F1 Team,7.0,,,,,,,,0 days 00:01:31.298000,19.0
2025,Singapore Grand Prix,FP2,55.0,Carlos Sainz,Williams,8.0,,,,,,,,0 days 00:01:31.299000,20.0
2025,Singapore Grand Prix,FP2,16.0,Charles Leclerc,Ferrari,9.0,,,,,,,,0 days 00:01:31.466000,18.0
2025,Singapore Grand Prix,FP2,44.0,Lewis Hamilton,Ferrari,10.0,,,,,,,,0 days 00:01:31.491000,17.0
2025,Singapore Grand Prix,FP2,22.0,Yuki Tsunoda,Red Bull Racing,11.0,,,,,,,,0 days 00:01:31.708000,18.0
2025,Singapore Grand Prix,FP2,87.0,Oliver Bearman,Haas F1 Team,12.0,,,,,,,,0 days 00:01:31.711000,18.0
2025,Singapore Grand Prix,FP2,23.0,Alexander Albon,Williams,13.0,,,,,,,,0 days 00:01:32.060000,19.0
2025,Singapore Grand Prix,FP2,27.0,Nico Hulkenberg,Kick Sauber,14.0,,,,,,,,0 days 00:01:32.069000,19.0
2025,Singapore Grand Prix,FP2,5.0,Gabriel Bortoleto,Kick Sauber,15.0,,,,,,,,0 days 00:01:32.319000,19.0
2025,Singapore Grand Prix,FP2,10.0,Pierre Gasly,Alpine,16.0,,,,,,,,0 days 00:01:32.458000,20.0
2025,Singapore Grand Prix,FP2,30.0,Liam Lawson,Racing Bulls,17.0,,,,,,,,0 days 00:01:32.645000,10.0
2025,Singapore Grand Prix,FP2,12.0,Kimi Antonelli,Mercedes,18.0,,,,,,,,0 days 00:01:32.719000,18.0
2025,Singapore Grand Prix,FP2,43.0,Franco Colapinto,Alpine,19.0,,,,,,,,0 days 00:01:33.139000,20.0
2025,Singapore Grand Prix,FP2,63.0,George Russell,Mercedes,20.0,,,,,,,,0 days 00:01:33.231000,6.0
2025,Singapore Grand Prix,FP3,1.0,Max Verstappen,Red Bull Racing,1.0,,,,,,,,0 days 00:01:30.148000,16.0
2025,Singapore Grand Prix,FP3,81.0,Oscar Piastri,McLaren,2.0,,,,,,,,0 days 00:01:30.165000,26.0
2025,Singapore Grand Prix,FP3,63.0,George Russell,Mercedes,3.0,,,,,,,,0 days 00:01:30.197000,18.0
2025,Singapore Grand Prix,FP3,12.0,Kimi Antonelli,Mercedes,4.0,,,,,,,,0 days 00:01:30.237000,19.0
2025,Singapore Grand Prix,FP3,4.0,Lando Norris,McLaren,5.0,,,,,,,,0 days 00:01:30.237000,26.0
2025,Singapore Grand Prix,FP3,55.0,Carlos Sainz,Williams,6.0,,,,,,,,0 days 00:01:30.392000,23.0
2025,Singapore Grand Prix,FP3,6.0,Isack Hadjar,Racing Bulls,7.0,,,,,,,,0 days 00:01:30.489000,25.0
2025,Singapore Grand Prix,FP3,44.0,Lewis Hamilton,Ferrari,8.0,,,,,,,,0 days 00:01:30.559000,23.0
2025,Singapore Grand Prix,FP3,27.0,Nico Hulkenberg,Kick Sauber,9.0,,,,,,,,0 days 00:01:30.637000,22.0
2025,Singapore Grand Prix,FP3,16.0,Charles Leclerc,Ferrari,10.0,,,,,,,,0 days 00:01:30.651000,23.0
2025,Singapore Grand Prix,FP3,23.0,Alexander Albon,Williams,11.0,,,,,,,,0 days 00:01:30.668000,23.0
2025,Singapore Grand Prix,FP3,5.0,Gabriel Bortoleto,Kick Sauber,12.0,,,,,,,,0 days 00:01:30.697000,25.0
2025,Singapore Grand Prix,FP3,31.0,Esteban Ocon,Haas F1 Team,13.0,,,,,,,,0 days 00:01:30.784000,23.0
2025,Singapore Grand Prix,FP3,87.0,Oliver Bearman,Haas F1 Team,14.0,,,,,,,,0 days 00:01:30.799000,24.0
2025,Singapore Grand Prix,FP3,14.0,Fernando Alonso,Aston Martin,15.0,,,,,,,,0 days 00:01:30.923000,22.0
2025,Singapore Grand Prix,FP3,43.0,Franco Colapinto,Alpine,16.0,,,,,,,,0 days 00:01:31.047000,23.0
2025,Singapore Grand Prix,FP3,18.0,Lance Stroll,Aston Martin,17.0,,,,,,,,0 days 00:01:31.260000,24.0
2025,Singapore Grand Prix,FP3,22.0,Yuki Tsunoda,Red Bull Racing,18.0,,,,,,,,0 days 00:01:31.440000,25.0
2025,Singapore Grand Prix,FP3,10.0,Pierre Gasly,Alpine,19.0,,,,,,,,0 days 00:01:31.643000,23.0
2025,Singapore Grand Prix,FP3,30.0,Liam Lawson,Racing Bulls,20.0,,,,,,,,0 days 00:01:33.628000,7.0
2025,Singapore Grand Prix,Q,63.0,George Russell,Mercedes,1.0,,,,,0 days 00:01:29.928000,0 days 00:01:29.562000,0 days 00:01:29.158000,,
2025,Singapore Grand Prix,Q,1.0,Max Verstappen,Red Bull Racing,2.0,,,,,0 days 00:01:30.028000,0 days 00:01:29.572000,0 days 00:01:29.340000,,
2025,Singapore Grand Prix,Q,81.0,Oscar Piastri,McLaren,3.0,,,,,0 days 00:01:30.313000,0 days 00:01:29.813000,0 days 00:01:29.524000,,
2025,Singapore Grand Prix,Q,12.0,Kimi Antonelli,Mercedes,4.0,,,,,0 days 00:01:30.036000,0 days 00:01:29.649000,0 days 00:01:29.537000,,
2025,Singapore Grand Prix,Q,4.0,Lando Norris,McLaren,5.0,,,,,0 days 00:01:29.932000,0 days 00:01:29.809000,0 days 00:01:29.586000,,
2025,Singapore Grand Prix,Q,44.0,Lewis Hamilton,Ferrari,6.0,,,,,0 days 00:01:29.765000,0 days 00:01:29.936000,0 days 00:01:29.688000,,
2025,Singapore Grand Prix,Q,16.0,Charles Leclerc,Ferrari,7.0,,,,,0 days 00:01:30.370000,0 days 00:01:29.914000,0 days 00:01:29.784000,,
2025,Singapore Grand Prix,Q,6.0,Isack Hadjar,Racing Bulls,8.0,,,,,0 days 00:01:30.214000,0 days 00:01:30.016000,0 days 00:01:29.846000,,
2025,Singapore Grand Prix,Q,87.0,Oliver Bearman,Haas F1 Team,9.0,,,,,0 days 00:01:30.420000,0 days 00:01:30.076000,0 days 00:01:29.868000,,
2025,Singapore Grand Prix,Q,14.0,Fernando Alonso,Aston Martin,10.0,,,,,0 days 00:01:30.745000,0 days 00:01:30.054000,0 days 00:01:29.955000,,
2025,Singapore Grand Prix,Q,27.0,Nico Hulkenberg,Kick Sauber,11.0,,,,,0 days 00:01:30.715000,0 days 00:01:30.141000,,,
2025,Singapore Grand Prix,Q,30.0,Liam Lawson,Racing Bulls,12.0,,,,,0 days 00:01:30.681000,0 days 00:01:30.320000,,,
2025,Singapore Grand Prix,Q,22.0,Yuki Tsunoda,Red Bull Racing,13.0,,,,,0 days 00:01:30.574000,0 days 00:01:30.353000,,,
2025,Singapore Grand Prix,Q,5.0,Gabriel Bortoleto,Kick Sauber,14.0,,,,,0 days 00:01:30.820000,,,,
2025,Singapore Grand Prix,Q,18.0,Lance Stroll,Aston Martin,15.0,,,,,0 days 00:01:30.949000,,,,
2025,Singapore Grand Prix,Q,43.0,Franco Colapinto,Alpine,16.0,,,,,0 days 00:01:30.982000,,,,
2025,Singapore Grand Prix,Q,31.0,Esteban Ocon,Haas F1 Team,17.0,,,,,0 days 00:01:30.989000,,,,
2025,Singapore Grand Prix,Q,10.0,Pierre Gasly,Alpine,18.0,,,,,0 days 00:01:31.261000,,,,
2025,Singapore Grand Prix,Q,23.0,Alexander Albon,Williams,19.0,,,,,,,,,
2025,Singapore Grand Prix,Q,55.0,Carlos Sainz,Williams,20.0,,,,,,,,,
2025,Singapore Grand Prix,R,63.0,George Russell,Mercedes,1.0,1.0,Finished,0 days 02:35:20.303000,25.0,,,,,
2025,Singapore Grand Prix,R,1.0,Max Verstappen,Red Bull Racing,2.0,2.0,Finished,0 days 02:35:25.733000,18.0,,,,,
2025,Singapore Grand Prix,R,4.0,Lando Norris,McLaren,3.0,5.0,Finished,0 days 02:35:26.369000,15.0,,,,,
2025,Singapore Grand Prix,R,81.0,Oscar Piastri,McLaren,4.0,3.0,Finished,0 days 02:35:28.449000,12.0,,,,,
2025,Singapore Grand Prix,R,12.0,Kimi Antonelli,Mercedes,5.0,4.0,Finished,0 days 02:35:53.984000,10.0,,,,,
2025,Singapore Grand Prix,R,16.0,Charles Leclerc,Ferrari,6.0,7.0,Finished,0 days 02:36:06.299000,8.0,,,,,
2025,Singapore Grand Prix,R,14.0,Fernando Alonso,Aston Martin,7.0,10.0,Finished,0 days 02:36:40.970000,6.0,,,,,
2025,Singapore Grand Prix,R,44.0,Lewis Hamilton,Ferrari,8.0,6.0,Finished,0 days 02:36:40.554000,4.0,,,,,
2025,Singapore Grand Prix,R,87.0,Oliver Bearman,Haas F1 Team,9.0,9.0,Finished,0 days 02:36:53.830000,2.0,,,,,
2025,Singapore Grand Prix,R,55.0,Carlos Sainz,Williams,10.0,18.0,Lapped,0 days 02:35:31.057000,1.0,,,,,
2025,Singapore Grand Prix,R,6.0,Isack Hadjar,Racing Bulls,11.0,8.0,Lapped,0 days 02:35:37.638000,0.0,,,,,
2025,Singapore Grand Prix,R,22.0,Yuki Tsunoda,Red Bull Racing,12.0,13.0,Lapped,0 days 02:35:39.572000,0.0,,,,,
2025,Singapore Grand Prix,R,18.0,Lance Stroll,Aston Martin,13.0,15.0,Lapped,0 days 02:35:44.793000,0.0,,,,,
2025,Singapore Grand Prix,R,23.0,Alexander Albon,Williams,14.0,20.0,Lapped,0 days 02:35:45.623000,0.0,,,,,
2025,Singapore Grand Prix,R,30.0,Liam Lawson,Racing Bulls,15.0,12.0,Lapped,0 days 02:35:47.448000,0.0,,,,,
2025,Singapore Grand Prix,R,43.0,Franco Colapinto,Alpine,16.0,16.0,Lapped,0 days 02:36:03.193000,0.0,,,,,
2025,Singapore Grand Prix,R,5.0,Gabriel Bortoleto,Kick Sauber,17.0,14.0,Lapped,0 days 02:36:07.056000,0.0,,,,,
2025,Singapore Grand Prix,R,31.0,Esteban Ocon,Haas F1 Team,18.0,17.0,Lapped,0 days 02:36:07.436000,0.0,,,,,
2025,Singapore Grand Prix,R,10.0,Pierre Gasly,Alpine,19.0,19.0,Lapped,0 days 02:36:07.764000,0.0,,,,,
2025,Singapore Grand Prix,R,27.0,Nico Hulkenberg,Kick Sauber,20.0,11.0,Lapped,0 days 02:36:09.343000,0.0,,,,,
2025,Spanish Grand Prix,FP1,4.0,Lando Norris,McLaren,1.0,,,,,,,,0 days 00:01:13.718000,29.0
2025,Spanish Grand Prix,FP1,1.0,Max Verstappen,Red Bull Racing,2.0,,,,,,,,0 days 00:01:14.085000,18.0
2025,Spanish Grand Prix,FP1,44.0,Lewis Hamilton,Ferrari,3.0,,,,,,,,0 days 00:01:14.096000,29.0
2025,Spanish Grand Prix,FP1,16.0,Charles Leclerc,Ferrari,4.0,,,,,,,,0 days 00:01:14.238000,31.0
2025,Spanish Grand Prix,FP1,81.0,Oscar Piastri,McLaren,5.0,,,,,,,,0 days 00:01:14.294000,28.0
2025,Spanish Grand Prix,FP1,30.0,Liam Lawson,Racing Bulls,6.0,,,,,,,,0 days 00:01:14.339000,28.0
2025,Spanish Grand Prix,FP1,87.0,Oliver Bearman,Haas F1 Team,7.0,,,,,,,,0 days 00:01:14.597000,26.0
2025,Spanish Grand Prix,FP1,6.0,Isack Hadjar,Racing Bulls,8.0,,,,,,,,0 days 00:01:14.605000,26.0
2025,Spanish Grand Prix,FP1,22.0,Yuki Tsunoda,Red Bull Racing,9.0,,,,,,,,0 days 00:01:14.643000,27.0
2025,Spanish Grand Prix,FP1,10.0,Pierre Gasly,Alpine,10.0,,,,,,,,0 days 00:01:14.746000,28.0
2025,Spanish Grand Prix,FP1,63.0,George Russell,Mercedes,11.0,,,,,,,,0 days 00:01:14.751000,32.0
2025,Spanish Grand Prix,FP1,18.0,Lance Stroll,Aston Martin,12.0,,,,,,,,0 days 00:01:14.786000,24.0
2025,Spanish Grand Prix,FP1,14.0,Fernando Alonso,Aston Martin,13.0,,,,,,,,0 days 00:01:14.798000,20.0
2025,Spanish Grand Prix,FP1,27.0,Nico Hulkenberg,Kick Sauber,14.0,,,,,,,,0 days 00:01:14.865000,21.0
2025,Spanish Grand Prix,FP1,55.0,Carlos Sainz,Williams,15.0,,,,,,,,0 days 00:01:14.935000,26.0
2025,Spanish Grand Prix,FP1,5.0,Gabriel Bortoleto,Kick Sauber,16.0,,,,,,,,0 days 00:01:15.155000,23.0
2025,Spanish Grand Prix,FP1,50.0,Ryo Hirakawa,Haas F1 Team,17.0,,,,,,,,0 days 00:01:15.298000,23.0
2025,Spanish Grand Prix,FP1,12.0,Kimi Antonelli,Mercedes,18.0,,,,,,,,0 days 00:01:15.369000,31.0
2025,Spanish Grand Prix,FP1,45.0,Victor Martins,Williams,19.0,,,,,,,,0 days 00:01:15.522000,26.0
2025,Spanish Grand Prix,FP1,43.0,Franco Colapinto,Alpine,20.0,,,,,,,,0 days 00:01:15.530000,19.0
2025,Spanish Grand Prix,FP2,81.0,Oscar Piastri,McLaren,1.0,,,,,,,,0 days 00:01:12.760000,28.0
2025,Spanish Grand Prix,FP2,63.0,George Russell,Mercedes,2.0,,,,,,,,0 days 00:01:13.046000,32.0
2025,Spanish Grand Prix,FP2,1.0,Max Verstappen,Red Bull Racing,3.0,,,,,,,,0 days 00:01:13.070000,30.0
2025,Spanish Grand Prix,FP2,4.0,Lando Norris,McLaren,4.0,,,,,,,,0 days 00:01:13.070000,31.0
2025,Spanish Grand Prix,FP2,16.0,Charles Leclerc,Ferrari,5.0,,,,,,,,0 days 00:01:13.260000,32.0
2025,Spanish Grand Prix,FP2,12.0,Kimi Antonelli,Mercedes,6.0,,,,,,,,0 days 00:01:13.298000,31.0
2025,Spanish Grand Prix,FP2,14.0,Fernando Alonso,Aston Martin,7.0,,,,,,,,0 days 00:01:13.301000,28.0
2025,Spanish Grand Prix,FP2,10.0,Pierre Gasly,Alpine,8.0,,,,,,,,0 days 00:01:13.385000,30.0
2025,Spanish Grand Prix,FP2,6.0,Isack Hadjar,Racing Bulls,9.0,,,,,,,,0 days 00:01:13.400000,29.0
2025,Spanish Grand Prix,FP2,30.0,Liam Lawson,Racing Bulls,10.0,,,,,,,,0 days 00:01:13.494000,29.0
2025,Spanish Grand Prix,FP2,44.0,Lewis Hamilton,Ferrari,11.0,,,,,,,,0 days 00:01:13.533000,29.0
2025,Spanish Grand Prix,FP2,27.0,Nico Hulkenberg,Kick Sauber,12.0,,,,,,,,0 days 00:01:13.592000,30.0
2025,Spanish Grand Prix,FP2,22.0,Yuki Tsunoda,Red Bull Racing,13.0,,,,,,,,0 days 00:01:13.683000,31.0
2025,Spanish Grand Prix,FP2,55.0,Carlos Sainz,Williams,14.0,,,,,,,,0 days 00:01:13.721000,34.0
2025,Spanish Grand Prix,FP2,23.0,Alexander Albon,Williams,15.0,,,,,,,,0 days 00:01:13.839000,32.0
2025,Spanish Grand Prix,FP2,18.0,Lance Stroll,Aston Martin,16.0,,,,,,,,0 days 00:01:13.839000,17.0
2025,Spanish Grand Prix,FP2,5.0,Gabriel Bortoleto,Kick Sauber,17.0,,,,,,,,0 days 00:01:13.959000,27.0
2025,Spanish Grand Prix,FP2,31.0,Esteban Ocon,Haas F1 Team,18.0,,,,,,,,0 days 00:01:14.005000,30.0
2025,Spanish Grand Prix,FP2,87.0,Oliver Bearman,Haas F1 Team,19.0,,,,,,,,0 days 00:01:14.126000,20.0
2025,Spanish Grand Prix,FP2,43.0,Franco Colapinto,Alpine,20.0,,,,,,,,0 days 00:01:14.303000,31.0
2025,Spanish Grand Prix,FP3,81.0,Oscar Piastri,McLaren,1.0,,,,,,,,0 days 00:01:12.387000,15.0
2025,Spanish Grand Prix,FP3,4.0,Lando Norris,McLaren,2.0,,,,,,,,0 days 00:01:12.913000,17.0
2025,Spanish Grand Prix,FP3,16.0,Charles Leclerc,Ferrari,3.0,,,,,,,,0 days 00:01:13.130000,18.0
2025,Spanish Grand Prix,FP3,63.0,George Russell,Mercedes,4.0,,,,,,,,0 days 00:01:13.139000,19.0
2025,Spanish Grand Prix,FP3,1.0,Max Verstappen,Red Bull Racing,5.0,,,,,,,,0 days 00:01:13.375000,15.0
2025,Spanish Grand Prix,FP3,6.0,Isack Hadjar,Racing Bulls,6.0,,,,,,,,0 days 00:01:13.382000,18.0
2025,Spanish Grand Prix,FP3,12.0,Kimi Antonelli,Mercedes,7.0,,,,,,,,0 days 00:01:13.405000,12.0
2025,Spanish Grand Prix,FP3,14.0,Fernando Alonso,Aston Martin,8.0,,,,,,,,0 days 00:01:13.414000,16.0
2025,Spanish Grand Prix,FP3,44.0,Lewis Hamilton,Ferrari,9.0,,,,,,,,0 days 00:01:13.527000,18.0
2025,Spanish Grand Prix,FP3,30.0,Liam Lawson,Racing Bulls,10.0,,,,,,,,0 days 00:01:13.637000,19.0
2025,Spanish Grand Prix,FP3,5.0,Gabriel Bortoleto,Kick Sauber,11.0,,,,,,,,0 days 00:01:13.722000,14.0
2025,Spanish Grand Prix,FP3,27.0,Nico Hulkenberg,Kick Sauber,12.0,,,,,,,,0 days 00:01:13.733000,17.0
2025,Spanish Grand Prix,FP3,55.0,Carlos Sainz,Williams,13.0,,,,,,,,0 days 00:01:13.758000,16.0
2025,Spanish Grand Prix,FP3,22.0,Yuki Tsunoda,Red Bull Racing,14.0,,,,,,,,0 days 00:01:13.892000,12.0
2025,Spanish Grand Prix,FP3,18.0,Lance Stroll,Aston Martin,15.0,,,,,,,,0 days 00:01:13.904000,19.0
2025,Spanish Grand Prix,FP3,10.0,Pierre Gasly,Alpine,16.0,,,,,,,,0 days 00:01:13.954000,19.0
2025,Spanish Grand Prix,FP3,43.0,Franco Colapinto,Alpine,17.0,,,,,,,,0 days 00:01:14.085000,18.0
2025,Spanish Grand Prix,FP3,31.0,Esteban Ocon,Haas F1 Team,18.0,,,,,,,,0 days 00:01:14.138000,12.0
2025,Spanish Grand Prix,FP3,23.0,Alexander Albon,Williams,19.0,,,,,,,,0 days 00:01:14.289000,6.0
2025,Spanish Grand Prix,FP3,87.0,Oliver Bearman,Haas F1 Team,20.0,,,,,,,,0 days 00:01:14.460000,12.0
2025,Spanish Grand Prix,Q,81.0,Oscar Piastri,McLaren,1.0,,,,,0 days 00:01:12.551000,0 days 00:01:11.998000,0 days 00:01:11.546000,,
2025,Spanish Grand Prix,Q,4.0,Lando Norris,McLaren,2.0,,,,,0 days 00:01:12.799000,0 days 00:01:12.056000,0 days 00:01:11.755000,,
2025,Spanish Grand Prix,Q,1.0,Max Verstappen,Red Bull Racing,3.0,,,,,0 days 00:01:12.798000,0 days 00:01:12.358000,0 days 00:01:11.848000,,
2025,Spanish Grand Prix,Q,63.0,George Russell,Mercedes,4.0,,,,,0 days 00:01:12.806000,0 days 00:01:12.407000,0 days 00:01:11.848000,,
2025,Spanish Grand Prix,Q,44.0,Lewis Hamilton,Ferrari,5.0,,,,,0 days 00:01:13.058000,0 days 00:01:12.447000,0 days 00:01:12.045000,,
2025,Spanish Grand Prix,Q,12.0,Kimi Antonelli,Mercedes,6.0,,,,,0 days 00:01:12.815000,0 days 00:01:12.585000,0 days 00:01:12.111000,,
2025,Spanish Grand Prix,Q,16.0,Charles Leclerc,Ferrari,7.0,,,,,0 days 00:01:13.014000,0 days 00:01:12.495000,0 days 00:01:12.131000,,
2025,Spanish Grand Prix,Q,10.0,Pierre Gasly,Alpine,8.0,,,,,0 days 00:01:13.081000,0 days 00:01:12.611000,0 days 00:01:12.199000,,
2025,Spanish Grand Prix,Q,6.0,Isack Hadjar,Racing Bulls,9.0,,,,,0 days 00:01:13.139000,0 days 00:01:12.461000,0 days 00:01:12.252000,,
2025,Spanish Grand Prix,Q,14.0,Fernando Alonso,Aston Martin,10.0,,,,,0 days 00:01:13.102000,0 days 00:01:12.523000,0 days 00:01:12.284000,,
2025,Spanish Grand Prix,Q,23.0,Alexander Albon,Williams,11.0,,,,,0 days 00:01:13.044000,0 days 00:01:12.641000,,,
2025,Spanish Grand Prix,Q,5.0,Gabriel Bortoleto,Kick Sauber,12.0,,,,,0 days 00:01:13.045000,0 days 00:01:12.756000,,,
2025,Spanish Grand Prix,Q,30.0,Liam Lawson,Racing Bulls,13.0,,,,,0 days 00:01:13.039000,0 days 00:01:12.763000,,,
2025,Spanish Grand Prix,Q,18.0,Lance Stroll,Aston Martin,14.0,,,,,0 days 00:01:13.038000,0 days 00:01:13.058000,,,
2025,Spanish Grand Prix,Q,87.0,Oliver Bearman,Haas F1 Team,15.0,,,,,0 days 00:01:13.074000,0 days 00:01:13.315000,,,
2025,Spanish Grand Prix,Q,27.0,Nico Hulkenberg,Kick Sauber,16.0,,,,,0 days 00:01:13.190000,,,,
2025,Spanish Grand Prix,Q,31.0,Esteban Ocon,Haas F1 Team,17.0,,,,,0 days 00:01:13.201000,,,,
2025,Spanish Grand Prix,Q,55.0,Carlos Sainz,Williams,18.0,,,,,0 days 00:01:13.203000,,,,
2025,Spanish Grand Prix,Q,43.0,Franco Colapinto,Alpine,19.0,,,,,0 days 00:01:13.334000,,,,
2025,Spanish Grand Prix,Q,22.0,Yuki Tsunoda,Red Bull Racing,20.0,,,,,0 days 00:01:13.385000,,,,
2025,Spanish Grand Prix,R,81.0,Oscar Piastri,McLaren,1.0,1.0,Finished,0 days 02:32:11.023000,25.0,,,,,
2025,Spanish Grand Prix,R,4.0,Lando Norris,McLaren,2.0,2.0,Finished,0 days 02:32:13.494000,18.0,,,,,
2025,Spanish Grand Prix,R,16.0,Charles Leclerc,Ferrari,3.0,7.0,Finished,0 days 02:32:21.478000,15.0,,,,,
2025,Spanish Grand Prix,R,63.0,George Russell,Mercedes,4.0,4.0,Finished,0 days 02:32:22.382000,12.0,,,,,
2025,Spanish Grand Prix,R,27.0,Nico Hulkenberg,Kick Sauber,5.0,15.0,Finished,0 days 02:32:24.671000,10.0,,,,,
2025,Spanish Grand Prix,R,44.0,Lewis Hamilton,Ferrari,6.0,5.0,Finished,0 days 02:32:26.531000,8.0,,,,,
2025,Spanish Grand Prix,R,6.0,Isack Hadjar,Racing Bulls,7.0,9.0,Finished,0 days 02:32:27.045000,6.0,,,,,
2025,Spanish Grand Prix,R,10.0,Pierre Gasly,Alpine,8.0,8.0,Finished,0 days 02:32:28.905000,4.0,,,,,
2025,Spanish Grand Prix,R,14.0,Fernando Alonso,Aston Martin,9.0,10.0,Finished,0 days 02:32:32.587000,2.0,,,,,
2025,Spanish Grand Prix,R,1.0,Max Verstappen,Red Bull Racing,10.0,3.0,Finished,0 days 02:32:22.849000,1.0,,,,,
2025,Spanish Grand Prix,R,30.0,Liam Lawson,Racing Bulls,11.0,13.0,Finished,0 days 02:32:36.555000,0.0,,,,,
2025,Spanish Grand Prix,R,5.0,Gabriel Bortoleto,Kick Sauber,12.0,12.0,Finished,0 days 02:32:37.019000,0.0,,,,,
2025,Spanish Grand Prix,R,22.0,Yuki Tsunoda,Red Bull Racing,13.0,19.0,Finished,0 days 02:32:39.845000,0.0,,,,,
2025,Spanish Grand Prix,R,55.0,Carlos Sainz,Williams,14.0,17.0,Finished,0 days 02:32:40.332000,0.0,,,,,
2025,Spanish Grand Prix,R,43.0,Franco Colapinto,Alpine,15.0,18.0,Finished,0 days 02:32:42.404000,0.0,,,,,
2025,Spanish Grand Prix,R,31.0,Esteban Ocon,Haas F1 Team,16.0,16.0,Finished,0 days 02:32:43.220000,0.0,,,,,
2025,Spanish Grand Prix,R,87.0,Oliver Bearman,Haas F1 Team,17.0,14.0,Finished,0 days 02:32:38.088000,0.0,,,,,
2025,Spanish Grand Prix,R,12.0,Kimi Antonelli,Mercedes,18.0,6.0,Retired,0 days 02:14:13.580000,0.0,,,,,
2025,Spanish Grand Prix,R,23.0,Alexander Albon,Williams,19.0,11.0,Retired,0 days 01:37:36.796000,0.0,,,,,
2025,São Paulo Grand Prix,FP1,4.0,Lando Norris,McLaren,1.0,,,,,,,,0 days 00:01:09.975000,31.0
2025,São Paulo Grand Prix,FP1,81.0,Oscar Piastri,McLaren,2.0,,,,,,,,0 days 00:01:09.998000,33.0
2025,São Paulo Grand Prix,FP1,27.0,Nico Hulkenberg,Kick Sauber,3.0,,,,,,,,0 days 00:01:10.594000,32.0
2025,São Paulo Grand Prix,FP1,14.0,Fernando Alonso,Aston Martin,4.0,,,,,,,,0 days 00:01:10.606000,26.0
2025,São Paulo Grand Prix,FP1,5.0,Gabriel Bortoleto,Kick Sauber,5.0,,,,,,,,0 days 00:01:10.616000,32.0
2025,São Paulo Grand Prix,FP1,63.0,George Russell,Mercedes,6.0,,,,,,,,0 days 00:01:10.645000,35.0
2025,São Paulo Grand Prix,FP1,10.0,Pierre Gasly,Alpine,7.0,,,,,,,,0 days 00:01:10.681000,33.0
2025,São Paulo Grand Prix,FP1,55.0,Carlos Sainz,Williams,8.0,,,,,,,,0 days 00:01:10.686000,36.0
2025,São Paulo Grand Prix,FP1,6.0,Isack Hadjar,Racing Bulls,9.0,,,,,,,,0 days 00:01:10.707000,31.0
2025,São Paulo Grand Prix,FP1,12.0,Kimi Antonelli,Mercedes,10.0,,,,,,,,0 days 00:01:10.744000,37.0
2025,São Paulo Grand Prix,FP1,30.0,Liam Lawson,Racing Bulls,11.0,,,,,,,,0 days 00:01:10.794000,36.0
2025,São Paulo Grand Prix,FP1,23.0,Alexander Albon,Williams,12.0,,,,,,,,0 days 00:01:10.807000,35.0
2025,São Paulo Grand Prix,FP1,31.0,Esteban Ocon,Haas F1 Team,13.0,,,,,,,,0 days 00:01:10.906000,29.0
2025,São Paulo Grand Prix,FP1,87.0,Oliver Bearman,Haas F1 Team,14.0,,,,,,,,0 days 00:01:10.961000,32.0
2025,São Paulo Grand Prix,FP1,18.0,Lance Stroll,Aston Martin,15.0,,,,,,,,0 days 00:01:11.070000,31.0
2025,São Paulo Grand Prix,FP1,43.0,Franco Colapinto,Alpine,16.0,,,,,,,,0 days 00:01:11.160000,30.0
2025,São Paulo Grand Prix,FP1,1.0,Max Verstappen,Red Bull Racing,17.0,,,,,,,,0 days 00:01:11.368000,31.0
2025,São Paulo Grand Prix,FP1,16.0,Charles Leclerc,Ferrari,18.0,,,,,,,,0 days 00:01:11.493000,30.0
2025,São Paulo Grand Prix,FP1,44.0,Lewis Hamilton,Ferrari,19.0,,,,,,,,0 days 00:01:11.526000,28.0
2025,São Paulo Grand Prix,FP1,22.0,Yuki Tsunoda,Red Bull Racing,20.0,,,,,,,,0 days 00:01:11.763000,20.0
2025,São Paulo Grand Prix,Q,4.0,Lando Norris,McLaren,1.0,,,,,0 days 00:01:09.656000,0 days 00:01:09.616000,0 days 00:01:09.511000,,
2025,São Paulo Grand Prix,Q,12.0,Kimi Antonelli,Mercedes,2.0,,,,,0 days 00:01:10.192000,0 days 00:01:09.774000,0 days 00:01:09.685000,,
2025,São Paulo Grand Prix,Q,16.0,Charles Leclerc,Ferrari,3.0,,,,,0 days 00:01:09.934000,0 days 00:01:09.801000,0 days 00:01:09.805000,,
2025,São Paulo Grand Prix,Q,81.0,Oscar Piastri,McLaren,4.0,,,,,0 days 00:01:09.928000,0 days 00:01:09.835000,0 days 00:01:09.886000,,
2025,São Paulo Grand Prix,Q,6.0,Isack Hadjar,Racing Bulls,5.0,,,,,0 days 00:01:10.083000,0 days 00:01:09.970000,0 days 00:01:09.931000,,
2025,São Paulo Grand Prix,Q,63.0,George Russell,Mercedes,6.0,,,,,0 days 00:01:09.935000,0 days 00:01:09.880000,0 days 00:01:09.942000,,
2025,São Paulo Grand Prix,Q,30.0,Liam Lawson,Racing Bulls,7.0,,,,,0 days 00:01:10.108000,0 days 00:01:09.950000,0 days 00:01:09.962000,,
2025,São Paulo Grand Prix,Q,87.0,Oliver Bearman,Haas F1 Team,8.0,,,,,0 days 00:01:09.891000,0 days 00:01:09.755000,0 days 00:01:09.977000,,
2025,São Paulo Grand Prix,Q,10.0,Pierre Gasly,Alpine,9.0,,,,,0 days 00:01:09.885000,0 days 00:01:09.857000,0 days 00:01:10.002000,,
2025,São Paulo Grand Prix,Q,27.0,Nico Hulkenberg,Kick Sauber,10.0,,,,,0 days 00:01:10.337000,0 days 00:01:09.985000,0 days 00:01:10.039000,,
2025,São Paulo Grand Prix,Q,14.0,Fernando Alonso,Aston Martin,11.0,,,,,0 days 00:01:10.181000,0 days 00:01:10.001000,,,
2025,São Paulo Grand Prix,Q,23.0,Alexander Albon,Williams,12.0,,,,,0 days 00:01:10.115000,0 days 00:01:10.053000,,,
2025,São Paulo Grand Prix,Q,44.0,Lewis Hamilton,Ferrari,13.0,,,,,0 days 00:01:10.016000,0 days 00:01:10.100000,,,
2025,São Paulo Grand Prix,Q,18.0,Lance Stroll,Aston Martin,14.0,,,,,0 days 00:01:10.041000,0 days 00:01:10.161000,,,
2025,São Paulo Grand Prix,Q,55.0,Carlos Sainz,Williams,15.0,,,,,0 days 00:01:10.184000,0 days 00:01:10.472000,,,
2025,São Paulo Grand Prix,Q,1.0,Max Verstappen,Red Bull Racing,16.0,,,,,0 days 00:01:10.403000,,,,
2025,São Paulo Grand Prix,Q,31.0,Esteban Ocon,Haas F1 Team,17.0,,,,,0 days 00:01:10.438000,,,,
2025,São Paulo Grand Prix,Q,43.0,Franco Colapinto,Alpine,18.0,,,,,0 days 00:01:10.632000,,,,
2025,São Paulo Grand Prix,Q,22.0,Yuki Tsunoda,Red Bull Racing,19.0,,,,,0 days 00:01:10.711000,,,,
2025,São Paulo Grand Prix,Q,5.0,Gabriel Bortoleto,Kick Sauber,,,,,,,,,,
2025,São Paulo Grand Prix,Sprint Qualifying,4.0,Lando Norris,McLaren,1.0,,,,,,,,0 days 00:01:09.243000,20.0
2025,São Paulo Grand Prix,Sprint Qualifying,14.0,Fernando Alonso,Aston Martin,2.0,,,,,,,,0 days 00:01:09.330000,12.0
2025,São Paulo Grand Prix,Sprint Qualifying,12.0,Kimi Antonelli,Mercedes,3.0,,,,,,,,0 days 00:01:09.340000,16.0
2025,São Paulo Grand Prix,Sprint Qualifying,63.0,George Russell,Mercedes,4.0,,,,,,,,0 days 00:01:09.384000,16.0
2025,São Paulo Grand Prix,Sprint Qualifying,81.0,Oscar Piastri,McLaren,5.0,,,,,,,,0 days 00:01:09.416000,19.0
2025,São Paulo Grand Prix,Sprint Qualifying,1.0,Max Verstappen,Red Bull Racing,6.0,,,,,,,,0 days 00:01:09.580000,15.0
2025,São Paulo Grand Prix,Sprint Qualifying,6.0,Isack Hadjar,Racing Bulls,7.0,,,,,,,,0 days 00:01:09.608000,15.0
2025,São Paulo Grand Prix,Sprint Qualifying,18.0,Lance Stroll,Aston Martin,8.0,,,,,,,,0 days 00:01:09.647000,15.0
2025,São Paulo Grand Prix,Sprint Qualifying,16.0,Charles Leclerc,Ferrari,9.0,,,,,,,,0 days 00:01:09.725000,19.0
2025,São Paulo Grand Prix,Sprint Qualifying,27.0,Nico Hulkenberg,Kick Sauber,10.0,,,,,,,,0 days 00:01:09.735000,15.0
2025,São Paulo Grand Prix,Sprint Qualifying,44.0,Lewis Hamilton,Ferrari,11.0,,,,,,,,0 days 00:01:09.811000,14.0
2025,São Paulo Grand Prix,Sprint Qualifying,23.0,Alexander Albon,Williams,12.0,,,,,,,,0 days 00:01:09.813000,12.0
2025,São Paulo Grand Prix,Sprint Qualifying,10.0,Pierre Gasly,Alpine,13.0,,,,,,,,0 days 00:01:09.852000,12.0
2025,São Paulo Grand Prix,Sprint Qualifying,5.0,Gabriel Bortoleto,Kick Sauber,14.0,,,,,,,,0 days 00:01:09.923000,12.0
2025,São Paulo Grand Prix,Sprint Qualifying,87.0,Oliver Bearman,Haas F1 Team,15.0,,,,,,,,0 days 00:01:09.946000,12.0
2025,São Paulo Grand Prix,Sprint Qualifying,43.0,Franco Colapinto,Alpine,16.0,,,,,,,,0 days 00:01:10.441000,6.0
2025,São Paulo Grand Prix,Sprint Qualifying,30.0,Liam Lawson,Racing Bulls,17.0,,,,,,,,0 days 00:01:10.666000,5.0
2025,São Paulo Grand Prix,Sprint Qualifying,22.0,Yuki Tsunoda,Red Bull Racing,18.0,,,,,,,,0 days 00:01:10.692000,6.0
2025,São Paulo Grand Prix,Sprint Qualifying,31.0,Esteban Ocon,Haas F1 Team,19.0,,,,,,,,0 days 00:01:10.872000,6.0
2025,São Paulo Grand Prix,Sprint Qualifying,55.0,Carlos Sainz,Williams,20.0,,,,,,,,0 days 00:01:11.120000,6.0
2025,São Paulo Grand Prix,Sprint,4.0,Lando Norris,McLaren,1.0,1.0,Finished,0 days 01:41:44.384000,8.0,,,,,
2025,São Paulo Grand Prix,Sprint,12.0,Kimi Antonelli,Mercedes,2.0,2.0,Finished,0 days 01:41:45.205000,7.0,,,,,
2025,São Paulo Grand Prix,Sprint,63.0,George Russell,Mercedes,3.0,4.0,Finished,0 days 01:41:46.706000,6.0,,,,,
2025,São Paulo Grand Prix,Sprint,1.0,Max Verstappen,Red Bull Racing,4.0,6.0,Finished,0 days 01:41:48.861000,5.0,,,,,
2025,São Paulo Grand Prix,Sprint,16.0,Charles Leclerc,Ferrari,5.0,8.0,Finished,0 days 01:42:00.871000,4.0,,,,,
2025,São Paulo Grand Prix,Sprint,14.0,Fernando Alonso,Aston Martin,6.0,5.0,Finished,0 days 01:42:02.706000,3.0,,,,,
2025,São Paulo Grand Prix,Sprint,44.0,Lewis Hamilton,Ferrari,7.0,11.0,Finished,0 days 01:42:03.076000,2.0,,,,,
2025,São Paulo Grand Prix,Sprint,10.0,Pierre Gasly,Alpine,8.0,13.0,Finished,0 days 01:42:03.787000,1.0,,,,,
2025,São Paulo Grand Prix,Sprint,18.0,Lance Stroll,Aston Martin,9.0,7.0,Finished,0 days 01:42:08.321000,0.0,,,,,
2025,São Paulo Grand Prix,Sprint,6.0,Isack Hadjar,Racing Bulls,10.0,9.0,Finished,0 days 01:42:14.014000,0.0,,,,,
2025,São Paulo Grand Prix,Sprint,31.0,Esteban Ocon,Haas F1 Team,11.0,18.0,Finished,0 days 01:42:15.325000,0.0,,,,,
2025,São Paulo Grand Prix,Sprint,87.0,Oliver Bearman,Haas F1 Team,12.0,15.0,Finished,0 days 01:42:15.740000,0.0,,,,,
2025,São Paulo Grand Prix,Sprint,22.0,Yuki Tsunoda,Red Bull Racing,13.0,19.0,Finished,0 days 01:42:22.855000,0.0,,,,,
2025,São Paulo Grand Prix,Sprint,55.0,Carlos Sainz,Williams,14.0,20.0,Finished,0 days 01:42:23.338000,0.0,,,,,
2025,São Paulo Grand Prix,Sprint,27.0,Nico Hulkenberg,Kick Sauber,15.0,10.0,Finished,0 days 01:42:26.756000,0.0,,,,,
2025,São Paulo Grand Prix,Sprint,30.0,Liam Lawson,Racing Bulls,16.0,17.0,Finished,0 days 01:42:22.554000,0.0,,,,,
2025,São Paulo Grand Prix,Sprint,23.0,Alexander Albon,Williams,17.0,12.0,Finished,0 days 01:42:39.849000,0.0,,,,,
2025,São Paulo Grand Prix,Sprint,5.0,Gabriel Bortoleto,Kick Sauber,18.0,14.0,Retired,0 days 01:43:26.079000,0.0,,,,,
2025,São Paulo Grand Prix,Sprint,81.0,Oscar Piastri,McLaren,19.0,3.0,Retired,0 days 00:56:56.663000,0.0,,,,,
2025,São Paulo Grand Prix,Sprint,43.0,Franco Colapinto,Alpine,20.0,16.0,Retired,0 days 00:56:56.663000,0.0,,,,,
2025,São Paulo Grand Prix,R,4.0,Lando Norris,McLaren,1.0,1.0,Finished,0 days 02:28:56.268000,25.0,,,,,
2025,São Paulo Grand Prix,R,12.0,Kimi Antonelli,Mercedes,2.0,2.0,Finished,0 days 02:29:06.656000,18.0,,,,,
2025,São Paulo Grand Prix,R,1.0,Max Verstappen,Red Bull Racing,3.0,19.0,Finished,0 days 02:29:07.018000,15.0,,,,,
2025,São Paulo Grand Prix,R,63.0,George Russell,Mercedes,4.0,6.0,Finished,0 days 02:29:11.535000,12.0,,,,,
2025,São Paulo Grand Prix,R,81.0,Oscar Piastri,McLaren,5.0,4.0,Finished,0 days 02:29:12.017000,10.0,,,,,
2025,São Paulo Grand Prix,R,87.0,Oliver Bearman,Haas F1 Team,6.0,8.0,Finished,0 days 02:29:25.898000,8.0,,,,,
2025,São Paulo Grand Prix,R,30.0,Liam Lawson,Racing Bulls,7.0,7.0,Finished,0 days 02:29:48.910000,6.0,,,,,
2025,São Paulo Grand Prix,R,6.0,Isack Hadjar,Racing Bulls,8.0,5.0,Finished,0 days 02:29:49.141000,4.0,,,,,
2025,São Paulo Grand Prix,R,27.0,Nico Hulkenberg,Kick Sauber,9.0,10.0,Finished,0 days 02:29:49.592000,2.0,,,,,
2025,São Paulo Grand Prix,R,10.0,Pierre Gasly,Alpine,10.0,9.0,Finished,0 days 02:29:50.182000,1.0,,,,,
2025,São Paulo Grand Prix,R,23.0,Alexander Albon,Williams,11.0,12.0,Finished,0 days 02:29:50.452000,0.0,,,,,
2025,São Paulo Grand Prix,R,31.0,Esteban Ocon,Haas F1 Team,12.0,20.0,Finished,0 days 02:29:50.964000,0.0,,,,,
2025,São Paulo Grand Prix,R,55.0,Carlos Sainz,Williams,13.0,15.0,Finished,0 days 02:29:51.688000,0.0,,,,,
2025,São Paulo Grand Prix,R,14.0,Fernando Alonso,Aston Martin,14.0,11.0,Finished,0 days 02:29:52.034000,0.0,,,,,
2025,São Paulo Grand Prix,R,43.0,Franco Colapinto,Alpine,15.0,16.0,Finished,0 days 02:29:54.045000,0.0,,,,,
2025,São Paulo Grand Prix,R,18.0,Lance Stroll,Aston Martin,16.0,14.0,Finished,0 days 02:29:54.605000,0.0,,,,,
2025,São Paulo Grand Prix,R,22.0,Yuki Tsunoda,Red Bull Racing,17.0,17.0,Finished,0 days 02:30:05.444000,0.0,,,,,
2025,São Paulo Grand Prix,R,44.0,Lewis Hamilton,Ferrari,18.0,13.0,Retired,0 days 01:47:56.961000,0.0,,,,,
2025,São Paulo Grand Prix,R,16.0,Charles Leclerc,Ferrari,19.0,3.0,Retired,0 days 01:08:13.092000,0.0,,,,,
2025,São Paulo Grand Prix,R,5.0,Gabriel Bortoleto,Kick Sauber,20.0,18.0,Retired,0 days 00:58:12.739000,0.0,,,,,
2025,United States Grand Prix,FP1,4.0,Lando Norris,McLaren,1.0,,,,,,,,0 days 00:01:33.294000,23.0
2025,United States Grand Prix,FP1,27.0,Nico Hulkenberg,Kick Sauber,2.0,,,,,,,,0 days 00:01:33.549000,24.0
2025,United States Grand Prix,FP1,81.0,Oscar Piastri,McLaren,3.0,,,,,,,,0 days 00:01:33.573000,26.0
2025,United States Grand Prix,FP1,14.0,Fernando Alonso,Aston Martin,4.0,,,,,,,,0 days 00:01:33.639000,23.0
2025,United States Grand Prix,FP1,1.0,Max Verstappen,Red Bull Racing,5.0,,,,,,,,0 days 00:01:33.648000,26.0
2025,United States Grand Prix,FP1,23.0,Alexander Albon,Williams,6.0,,,,,,,,0 days 00:01:33.920000,27.0
2025,United States Grand Prix,FP1,63.0,George Russell,Mercedes,7.0,,,,,,,,0 days 00:01:33.931000,27.0
2025,United States Grand Prix,FP1,44.0,Lewis Hamilton,Ferrari,8.0,,,,,,,,0 days 00:01:33.965000,25.0
2025,United States Grand Prix,FP1,6.0,Isack Hadjar,Racing Bulls,9.0,,,,,,,,0 days 00:01:34.155000,25.0
2025,United States Grand Prix,FP1,87.0,Oliver Bearman,Haas F1 Team,10.0,,,,,,,,0 days 00:01:34.333000,27.0
2025,United States Grand Prix,FP1,31.0,Esteban Ocon,Haas F1 Team,11.0,,,,,,,,0 days 00:01:34.368000,26.0
2025,United States Grand Prix,FP1,5.0,Gabriel Bortoleto,Kick Sauber,12.0,,,,,,,,0 days 00:01:34.478000,24.0
2025,United States Grand Prix,FP1,22.0,Yuki Tsunoda,Red Bull Racing,13.0,,,,,,,,0 days 00:01:34.531000,24.0
2025,United States Grand Prix,FP1,18.0,Lance Stroll,Aston Martin,14.0,,,,,,,,0 days 00:01:34.610000,23.0
2025,United States Grand Prix,FP1,30.0,Liam Lawson,Racing Bulls,15.0,,,,,,,,0 days 00:01:34.619000,25.0
2025,United States Grand Prix,FP1,43.0,Franco Colapinto,Alpine,16.0,,,,,,,,0 days 00:01:34.653000,25.0
2025,United States Grand Prix,FP1,10.0,Pierre Gasly,Alpine,17.0,,,,,,,,0 days 00:01:34.665000,24.0
2025,United States Grand Prix,FP1,12.0,Kimi Antonelli,Mercedes,18.0,,,,,,,,0 days 00:01:34.737000,27.0
2025,United States Grand Prix,FP1,55.0,Carlos Sainz,Williams,19.0,,,,,,,,0 days 00:01:35.874000,9.0
2025,United States Grand Prix,FP1,16.0,Charles Leclerc,Ferrari,20.0,,,,,,,,0 days 00:01:36.080000,18.0
2025,United States Grand Prix,Q,1.0,Max Verstappen,Red Bull Racing,1.0,,,,,0 days 00:01:33.207000,0 days 00:01:32.701000,0 days 00:01:32.510000,,
2025,United States Grand Prix,Q,4.0,Lando Norris,McLaren,2.0,,,,,0 days 00:01:33.843000,0 days 00:01:32.876000,0 days 00:01:32.801000,,
2025,United States Grand Prix,Q,16.0,Charles Leclerc,Ferrari,3.0,,,,,0 days 00:01:33.525000,0 days 00:01:32.869000,0 days 00:01:32.807000,,
2025,United States Grand Prix,Q,63.0,George Russell,Mercedes,4.0,,,,,0 days 00:01:33.311000,0 days 00:01:33.058000,0 days 00:01:32.826000,,
2025,United States Grand Prix,Q,44.0,Lewis Hamilton,Ferrari,5.0,,,,,0 days 00:01:33.685000,0 days 00:01:32.914000,0 days 00:01:32.912000,,
2025,United States Grand Prix,Q,81.0,Oscar Piastri,McLaren,6.0,,,,,0 days 00:01:33.746000,0 days 00:01:33.228000,0 days 00:01:33.084000,,
2025,United States Grand Prix,Q,12.0,Kimi Antonelli,Mercedes,7.0,,,,,0 days 00:01:33.501000,0 days 00:01:33.044000,0 days 00:01:33.114000,,
2025,United States Grand Prix,Q,87.0,Oliver Bearman,Haas F1 Team,8.0,,,,,0 days 00:01:33.921000,0 days 00:01:33.238000,0 days 00:01:33.139000,,
2025,United States Grand Prix,Q,55.0,Carlos Sainz,Williams,9.0,,,,,0 days 00:01:33.739000,0 days 00:01:33.124000,0 days 00:01:33.150000,,
2025,United States Grand Prix,Q,14.0,Fernando Alonso,Aston Martin,10.0,,,,,0 days 00:01:33.741000,0 days 00:01:33.237000,0 days 00:01:33.160000,,
2025,United States Grand Prix,Q,27.0,Nico Hulkenberg,Kick Sauber,11.0,,,,,0 days 00:01:33.551000,0 days 00:01:33.334000,,,
2025,United States Grand Prix,Q,30.0,Liam Lawson,Racing Bulls,12.0,,,,,0 days 00:01:33.549000,0 days 00:01:33.360000,,,
2025,United States Grand Prix,Q,22.0,Yuki Tsunoda,Red Bull Racing,13.0,,,,,0 days 00:01:33.935000,0 days 00:01:33.466000,,,
2025,United States Grand Prix,Q,10.0,Pierre Gasly,Alpine,14.0,,,,,0 days 00:01:33.599000,0 days 00:01:33.651000,,,
2025,United States Grand Prix,Q,43.0,Franco Colapinto,Alpine,15.0,,,,,0 days 00:01:34.039000,0 days 00:01:34.044000,,,
2025,United States Grand Prix,Q,5.0,Gabriel Bortoleto,Kick Sauber,16.0,,,,,0 days 00:01:34.125000,,,,
2025,United States Grand Prix,Q,31.0,Esteban Ocon,Haas F1 Team,17.0,,,,,0 days 00:01:34.136000,,,,
2025,United States Grand Prix,Q,18.0,Lance Stroll,Aston Martin,18.0,,,,,0 days 00:01:34.540000,,,,
2025,United States Grand Prix,Q,23.0,Alexander Albon,Williams,19.0,,,,,0 days 00:01:34.690000,,,,
2025,United States Grand Prix,Q,6.0,Isack Hadjar,Racing Bulls,20.0,,,,,,,,,
2025,United States Grand Prix,Sprint Qualifying,1.0,Max Verstappen,Red Bull Racing,1.0,,,,,,,,0 days 00:01:32.143000,12.0
2025,United States Grand Prix,Sprint Qualifying,4.0,Lando Norris,McLaren,2.0,,,,,,,,0 days 00:01:32.214000,12.0
2025,United States Grand Prix,Sprint Qualifying,81.0,Oscar Piastri,McLaren,3.0,,,,,,,,0 days 00:01:32.523000,13.0
2025,United States Grand Prix,Sprint Qualifying,27.0,Nico Hulkenberg,Kick Sauber,4.0,,,,,,,,0 days 00:01:32.645000,12.0
2025,United States Grand Prix,Sprint Qualifying,63.0,George Russell,Mercedes,5.0,,,,,,,,0 days 00:01:32.888000,13.0
2025,United States Grand Prix,Sprint Qualifying,14.0,Fernando Alonso,Aston Martin,6.0,,,,,,,,0 days 00:01:32.910000,12.0
2025,United States Grand Prix,Sprint Qualifying,55.0,Carlos Sainz,Williams,7.0,,,,,,,,0 days 00:01:32.911000,14.0
2025,United States Grand Prix,Sprint Qualifying,44.0,Lewis Hamilton,Ferrari,8.0,,,,,,,,0 days 00:01:33.035000,14.0
2025,United States Grand Prix,Sprint Qualifying,23.0,Alexander Albon,Williams,9.0,,,,,,,,0 days 00:01:33.099000,14.0
2025,United States Grand Prix,Sprint Qualifying,16.0,Charles Leclerc,Ferrari,10.0,,,,,,,,0 days 00:01:33.104000,15.0
2025,United States Grand Prix,Sprint Qualifying,12.0,Kimi Antonelli,Mercedes,11.0,,,,,,,,0 days 00:01:34.018000,11.0
2025,United States Grand Prix,Sprint Qualifying,6.0,Isack Hadjar,Racing Bulls,12.0,,,,,,,,0 days 00:01:34.241000,9.0
2025,United States Grand Prix,Sprint Qualifying,10.0,Pierre Gasly,Alpine,13.0,,,,,,,,0 days 00:01:34.258000,9.0
2025,United States Grand Prix,Sprint Qualifying,30.0,Liam Lawson,Racing Bulls,14.0,,,,,,,,0 days 00:01:34.316000,8.0
2025,United States Grand Prix,Sprint Qualifying,18.0,Lance Stroll,Aston Martin,15.0,,,,,,,,0 days 00:01:34.394000,10.0
2025,United States Grand Prix,Sprint Qualifying,87.0,Oliver Bearman,Haas F1 Team,16.0,,,,,,,,0 days 00:01:35.159000,5.0
2025,United States Grand Prix,Sprint Qualifying,43.0,Franco Colapinto,Alpine,17.0,,,,,,,,0 days 00:01:35.246000,6.0
2025,United States Grand Prix,Sprint Qualifying,22.0,Yuki Tsunoda,Red Bull Racing,18.0,,,,,,,,0 days 00:01:35.259000,5.0
2025,United States Grand Prix,Sprint Qualifying,31.0,Esteban Ocon,Haas F1 Team,19.0,,,,,,,,0 days 00:01:36.003000,5.0
2025,United States Grand Prix,Sprint Qualifying,5.0,Gabriel Bortoleto,Kick Sauber,20.0,,,,,,,,0 days 00:01:36.313000,5.0
2025,United States Grand Prix,Sprint,1.0,Max Verstappen,Red Bull Racing,1.0,1.0,Finished,0 days 01:25:33.155000,8.0,,,,,
2025,United States Grand Prix,Sprint,63.0,George Russell,Mercedes,2.0,5.0,Finished,0 days 01:25:33.625000,7.0,,,,,
2025,United States Grand Prix,Sprint,55.0,Carlos Sainz,Williams,3.0,7.0,Finished,0 days 01:25:34.022000,6.0,,,,,
2025,United States Grand Prix,Sprint,44.0,Lewis Hamilton,Ferrari,4.0,8.0,Finished,0 days 01:25:34.441000,5.0,,,,,
2025,United States Grand Prix,Sprint,16.0,Charles Leclerc,Ferrari,5.0,10.0,Finished,0 days 01:25:35.056000,4.0,,,,,
2025,United States Grand Prix,Sprint,23.0,Alexander Albon,Williams,6.0,9.0,Finished,0 days 01:25:35.759000,3.0,,,,,
2025,United States Grand Prix,Sprint,22.0,Yuki Tsunoda,Red Bull Racing,7.0,18.0,Finished,0 days 01:25:36.157000,2.0,,,,,
2025,United States Grand Prix,Sprint,12.0,Kimi Antonelli,Mercedes,8.0,11.0,Finished,0 days 01:25:37.258000,1.0,,,,,
2025,United States Grand Prix,Sprint,30.0,Liam Lawson,Racing Bulls,9.0,15.0,Finished,0 days 01:25:37.881000,0.0,,,,,
2025,United States Grand Prix,Sprint,10.0,Pierre Gasly,Alpine,10.0,13.0,Finished,0 days 01:25:38.214000,0.0,,,,,
2025,United States Grand Prix,Sprint,5.0,Gabriel Bortoleto,Kick Sauber,11.0,20.0,Finished,0 days 01:25:38.652000,0.0,,,,,
2025,United States Grand Prix,Sprint,6.0,Isack Hadjar,Racing Bulls,12.0,12.0,Finished,0 days 01:25:39.320000,0.0,,,,,
2025,United States Grand Prix,Sprint,27.0,Nico Hulkenberg,Kick Sauber,13.0,4.0,Finished,0 days 01:25:39.761000,0.0,,,,,
2025,United States Grand Prix,Sprint,43.0,Franco Colapinto,Alpine,14.0,17.0,Finished,0 days 01:25:41.143000,0.0,,,,,
2025,United States Grand Prix,Sprint,87.0,Oliver Bearman,Haas F1 Team,15.0,16.0,Finished,0 days 01:25:36.748000,0.0,,,,,
2025,United States Grand Prix,Sprint,31.0,Esteban Ocon,Haas F1 Team,16.0,19.0,Retired,0 days 01:18:57.774000,0.0,,,,,
2025,United States Grand Prix,Sprint,18.0,Lance Stroll,Aston Martin,17.0,14.0,Retired,0 days 01:18:58.289000,0.0,,,,,
2025,United States Grand Prix,Sprint,4.0,Lando Norris,McLaren,18.0,2.0,Retired,0 days 00:49:32.806000,0.0,,,,,
2025,United States Grand Prix,Sprint,81.0,Oscar Piastri,McLaren,19.0,3.0,Retired,0 days 00:49:32.806000,0.0,,,,,
2025,United States Grand Prix,Sprint,14.0,Fernando Alonso,Aston Martin,20.0,6.0,Retired,0 days 00:49:32.806000,0.0,,,,,
2025,United States Grand Prix,R,1.0,Max Verstappen,Red Bull Racing,1.0,1.0,Finished,0 days 02:30:44.705000,25.0,,,,,
2025,United States Grand Prix,R,4.0,Lando Norris,McLaren,2.0,2.0,Finished,0 days 02:30:52.664000,18.0,,,,,
2025,United States Grand Prix,R,16.0,Charles Leclerc,Ferrari,3.0,3.0,Finished,0 days 02:31:00.078000,15.0,,,,,
2025,United States Grand Prix,R,44.0,Lewis Hamilton,Ferrari,4.0,5.0,Finished,0 days 02:31:13.241000,12.0,,,,,
2025,United States Grand Prix,R,81.0,Oscar Piastri,McLaren,5.0,6.0,Finished,0 days 02:31:14.383000,10.0,,,,,
2025,United States Grand Prix,R,63.0,George Russell,Mercedes,6.0,4.0,Finished,0 days 02:31:18.161000,8.0,,,,,
2025,United States Grand Prix,R,22.0,Yuki Tsunoda,Red Bull Racing,7.0,13.0,Finished,0 days 02:31:37.419000,6.0,,,,,
2025,United States Grand Prix,R,27.0,Nico Hulkenberg,Kick Sauber,8.0,11.0,Finished,0 days 02:31:41.954000,4.0,,,,,
2025,United States Grand Prix,R,87.0,Oliver Bearman,Haas F1 Team,9.0,8.0,Finished,0 days 02:31:49.427000,2.0,,,,,
2025,United States Grand Prix,R,14.0,Fernando Alonso,Aston Martin,10.0,10.0,Finished,0 days 02:31:54.706000,1.0,,,,,
2025,United States Grand Prix,R,30.0,Liam Lawson,Racing Bulls,11.0,12.0,Finished,0 days 02:31:57.914000,0.0,,,,,
2025,United States Grand Prix,R,18.0,Lance Stroll,Aston Martin,12.0,19.0,Finished,0 days 02:31:59.483000,0.0,,,,,
2025,United States Grand Prix,R,12.0,Kimi Antonelli,Mercedes,13.0,7.0,Finished,0 days 02:32:00.451000,0.0,,,,,
2025,United States Grand Prix,R,23.0,Alexander Albon,Williams,14.0,18.0,Finished,0 days 02:32:04.705000,0.0,,,,,
2025,United States Grand Prix,R,31.0,Esteban Ocon,Haas F1 Team,15.0,17.0,Finished,0 days 02:32:07.748000,0.0,,,,,
2025,United States Grand Prix,R,6.0,Isack Hadjar,Racing Bulls,16.0,20.0,Finished,0 days 02:32:17.512000,0.0,,,,,
2025,United States Grand Prix,R,43.0,Franco Colapinto,Alpine,17.0,15.0,Lapped,0 days 02:30:47.012000,0.0,,,,,
2025,United States Grand Prix,R,5.0,Gabriel Bortoleto,Kick Sauber,18.0,16.0,Lapped,0 days 02:30:48.262000,0.0,,,,,
2025,United States Grand Prix,R,10.0,Pierre Gasly,Alpine,19.0,14.0,Lapped,0 days 02:30:50.860000,0.0,,,,,
2025,United States Grand Prix,R,55.0,Carlos Sainz,Williams,20.0,9.0,Retired,0 days 01:07:43.984000,0.0,,,,,
2026,Australian Grand Prix,FP1,16.0,Charles Leclerc,Ferrari,1.0,,,,,,,,0 days 00:01:20.267000,33.0
2026,Australian Grand Prix,FP1,44.0,Lewis Hamilton,Ferrari,2.0,,,,,,,,0 days 00:01:20.736000,30.0
2026,Australian Grand Prix,FP1,3.0,Max Verstappen,Red Bull Racing,3.0,,,,,,,,0 days 00:01:20.789000,27.0
2026,Australian Grand Prix,FP1,6.0,Isack Hadjar,Red Bull Racing,4.0,,,,,,,,0 days 00:01:21.087000,24.0
2026,Australian Grand Prix,FP1,41.0,Arvid Lindblad,Racing Bulls,5.0,,,,,,,,0 days 00:01:21.313000,22.0
2026,Australian Grand Prix,FP1,81.0,Oscar Piastri,McLaren,6.0,,,,,,,,0 days 00:01:21.342000,21.0
2026,Australian Grand Prix,FP1,63.0,George Russell,Mercedes,7.0,,,,,,,,0 days 00:01:21.371000,26.0
2026,Australian Grand Prix,FP1,12.0,Kimi Antonelli,Mercedes,8.0,,,,,,,,0 days 00:01:21.376000,24.0
2026,Australian Grand Prix,FP1,5.0,Gabriel Bortoleto,Audi,9.0,,,,,,,,0 days 00:01:21.696000,23.0
2026,Australian Grand Prix,FP1,27.0,Nico Hulkenberg,Audi,10.0,,,,,,,,0 days 00:01:21.969000,21.0
2026,Australian Grand Prix,FP1,31.0,Esteban Ocon,Haas F1 Team,11.0,,,,,,,,0 days 00:01:22.161000,28.0
2026,Australian Grand Prix,FP1,55.0,Carlos Sainz,Williams,12.0,,,,,,,,0 days 00:01:22.323000,30.0
2026,Australian Grand Prix,FP1,30.0,Liam Lawson,Racing Bulls,13.0,,,,,,,,0 days 00:01:22.613000,28.0
2026,Australian Grand Prix,FP1,87.0,Oliver Bearman,Haas F1 Team,14.0,,,,,,,,0 days 00:01:22.682000,25.0
2026,Australian Grand Prix,FP1,23.0,Alexander Albon,Williams,15.0,,,,,,,,0 days 00:01:23.130000,24.0
2026,Australian Grand Prix,FP1,43.0,Franco Colapinto,Alpine,16.0,,,,,,,,0 days 00:01:23.325000,26.0
2026,Australian Grand Prix,FP1,77.0,Valtteri Bottas,Cadillac,17.0,,,,,,,,0 days 00:01:24.022000,24.0
2026,Australian Grand Prix,FP1,10.0,Pierre Gasly,Alpine,18.0,,,,,,,,0 days 00:01:24.035000,27.0
2026,Australian Grand Prix,FP1,1.0,Lando Norris,McLaren,19.0,,,,,,,,0 days 00:01:24.391000,7.0
2026,Australian Grand Prix,FP1,11.0,Sergio Perez,Cadillac,20.0,,,,,,,,0 days 00:01:24.620000,14.0
2026,Australian Grand Prix,FP1,18.0,Lance Stroll,Aston Martin,21.0,,,,,,,,0 days 00:01:50.334000,3.0
2026,Australian Grand Prix,FP2,81.0,Oscar Piastri,McLaren,1.0,,,,,,,,0 days 00:01:19.729000,26.0
2026,Australian Grand Prix,FP2,12.0,Kimi Antonelli,Mercedes,2.0,,,,,,,,0 days 00:01:19.943000,31.0
2026,Australian Grand Prix,FP2,63.0,George Russell,Mercedes,3.0,,,,,,,,0 days 00:01:20.049000,28.0
2026,Australian Grand Prix,FP2,44.0,Lewis Hamilton,Ferrari,4.0,,,,,,,,0 days 00:01:20.050000,32.0
2026,Australian Grand Prix,FP2,16.0,Charles Leclerc,Ferrari,5.0,,,,,,,,0 days 00:01:20.291000,30.0
2026,Australian Grand Prix,FP2,3.0,Max Verstappen,Red Bull Racing,6.0,,,,,,,,0 days 00:01:20.366000,13.0
2026,Australian Grand Prix,FP2,1.0,Lando Norris,McLaren,7.0,,,,,,,,0 days 00:01:20.794000,29.0
2026,Australian Grand Prix,FP2,41.0,Arvid Lindblad,Racing Bulls,8.0,,,,,,,,0 days 00:01:20.922000,30.0
2026,Australian Grand Prix,FP2,6.0,Isack Hadjar,Red Bull Racing,9.0,,,,,,,,0 days 00:01:20.941000,28.0
2026,Australian Grand Prix,FP2,31.0,Esteban Ocon,Haas F1 Team,10.0,,,,,,,,0 days 00:01:21.179000,29.0
2026,Australian Grand Prix,FP2,87.0,Oliver Bearman,Haas F1 Team,11.0,,,,,,,,0 days 00:01:21.326000,31.0
2026,Australian Grand Prix,FP2,27.0,Nico Hulkenberg,Audi,12.0,,,,,,,,0 days 00:01:21.351000,34.0
2026,Australian Grand Prix,FP2,30.0,Liam Lawson,Racing Bulls,13.0,,,,,,,,0 days 00:01:21.358000,29.0
2026,Australian Grand Prix,FP2,5.0,Gabriel Bortoleto,Audi,14.0,,,,,,,,0 days 00:01:21.668000,28.0
2026,Australian Grand Prix,FP2,23.0,Alexander Albon,Williams,15.0,,,,,,,,0 days 00:01:21.847000,32.0
2026,Australian Grand Prix,FP2,10.0,Pierre Gasly,Alpine,16.0,,,,,,,,0 days 00:01:22.167000,16.0
2026,Australian Grand Prix,FP2,55.0,Carlos Sainz,Williams,17.0,,,,,,,,0 days 00:01:22.253000,10.0
2026,Australian Grand Prix,FP2,43.0,Franco Colapinto,Alpine,18.0,,,,,,,,0 days 00:01:22.619000,27.0
2026,Australian Grand Prix,FP2,77.0,Valtteri Bottas,Cadillac,19.0,,,,,,,,0 days 00:01:23.660000,28.0
2026,Australian Grand Prix,FP2,14.0,Fernando Alonso,Aston Martin,20.0,,,,,,,,0 days 00:01:24.662000,18.0
2026,Australian Grand Prix,FP2,18.0,Lance Stroll,Aston Martin,21.0,,,,,,,,0 days 00:01:25.816000,13.0
2026,Australian Grand Prix,FP2,11.0,Sergio Perez,Cadillac,22.0,,,,,,,,0 days 00:01:58.806000,2.0
2026,Australian Grand Prix,FP3,63.0,George Russell,Mercedes,1.0,,,,,,,,0 days 00:01:19.053000,23.0
2026,Australian Grand Prix,FP3,44.0,Lewis Hamilton,Ferrari,2.0,,,,,,,,0 days 00:01:19.669000,22.0
2026,Australian Grand Prix,FP3,16.0,Charles Leclerc,Ferrari,3.0,,,,,,,,0 days 00:01:19.827000,20.0
2026,Australian Grand Prix,FP3,81.0,Oscar Piastri,McLaren,4.0,,,,,,,,0 days 00:01:20.087000,17.0
2026,Australian Grand Prix,FP3,6.0,Isack Hadjar,Red Bull Racing,5.0,,,,,,,,0 days 00:01:20.137000,15.0
2026,Australian Grand Prix,FP3,3.0,Max Verstappen,Red Bull Racing,6.0,,,,,,,,0 days 00:01:20.197000,15.0
2026,Australian Grand Prix,FP3,12.0,Kimi Antonelli,Mercedes,7.0,,,,,,,,0 days 00:01:20.324000,18.0
2026,Australian Grand Prix,FP3,1.0,Lando Norris,McLaren,8.0,,,,,,,,0 days 00:01:20.443000,22.0
2026,Australian Grand Prix,FP3,5.0,Gabriel Bortoleto,Audi,9.0,,,,,,,,0 days 00:01:20.459000,19.0
2026,Australian Grand Prix,FP3,87.0,Oliver Bearman,Haas F1 Team,10.0,,,,,,,,0 days 00:01:20.778000,18.0
2026,Australian Grand Prix,FP3,41.0,Arvid Lindblad,Racing Bulls,11.0,,,,,,,,0 days 00:01:20.838000,15.0
2026,Australian Grand Prix,FP3,30.0,Liam Lawson,Racing Bulls,12.0,,,,,,,,0 days 00:01:20.890000,13.0
2026,Australian Grand Prix,FP3,31.0,Esteban Ocon,Haas F1 Team,13.0,,,,,,,,0 days 00:01:20.983000,19.0
2026,Australian Grand Prix,FP3,27.0,Nico Hulkenberg,Audi,14.0,,,,,,,,0 days 00:01:21.067000,22.0
2026,Australian Grand Prix,FP3,10.0,Pierre Gasly,Alpine,15.0,,,,,,,,0 days 00:01:21.071000,26.0
2026,Australian Grand Prix,FP3,43.0,Franco Colapinto,Alpine,16.0,,,,,,,,0 days 00:01:21.413000,22.0
2026,Australian Grand Prix,FP3,23.0,Alexander Albon,Williams,17.0,,,,,,,,0 days 00:01:21.664000,17.0
2026,Australian Grand Prix,FP3,14.0,Fernando Alonso,Aston Martin,18.0,,,,,,,,0 days 00:01:22.720000,20.0
2026,Australian Grand Prix,FP3,77.0,Valtteri Bottas,Cadillac,19.0,,,,,,,,0 days 00:01:23.514000,12.0
2026,Australian Grand Prix,FP3,11.0,Sergio Perez,Cadillac,20.0,,,,,,,,0 days 00:01:24.397000,21.0
2026,Australian Grand Prix,FP3,55.0,Carlos Sainz,Williams,21.0,,,,,,,,,1.0
2026,Australian Grand Prix,Q,63.0,George Russell,Mercedes,1.0,,,,,0 days 00:01:19.507000,0 days 00:01:18.934000,0 days 00:01:18.518000,,
2026,Australian Grand Prix,Q,12.0,Kimi Antonelli,Mercedes,2.0,,,,,0 days 00:01:20.120000,0 days 00:01:19.435000,0 days 00:01:18.811000,,
2026,Australian Grand Prix,Q,6.0,Isack Hadjar,Red Bull Racing,3.0,,,,,0 days 00:01:20.023000,0 days 00:01:19.653000,0 days 00:01:19.303000,,
2026,Australian Grand Prix,Q,16.0,Charles Leclerc,Ferrari,4.0,,,,,0 days 00:01:20.226000,0 days 00:01:19.357000,0 days 00:01:19.327000,,
2026,Australian Grand Prix,Q,81.0,Oscar Piastri,McLaren,5.0,,,,,0 days 00:01:19.664000,0 days 00:01:19.525000,0 days 00:01:19.380000,,
2026,Australian Grand Prix,Q,1.0,Lando Norris,McLaren,6.0,,,,,0 days 00:01:20.010000,0 days 00:01:19.882000,0 days 00:01:19.475000,,
2026,Australian Grand Prix,Q,44.0,Lewis Hamilton,Ferrari,7.0,,,,,0 days 00:01:19.811000,0 days 00:01:19.921000,0 days 00:01:19.478000,,
2026,Australian Grand Prix,Q,30.0,Liam Lawson,Racing Bulls,8.0,,,,,0 days 00:01:20.491000,0 days 00:01:20.144000,0 days 00:01:19.994000,,
2026,Australian Grand Prix,Q,41.0,Arvid Lindblad,Racing Bulls,9.0,,,,,0 days 00:01:20.409000,0 days 00:01:19.971000,0 days 00:01:21.247000,,
2026,Australian Grand Prix,Q,5.0,Gabriel Bortoleto,Audi,10.0,,,,,0 days 00:01:20.495000,0 days 00:01:20.221000,,,
2026,Australian Grand Prix,Q,27.0,Nico Hulkenberg,Audi,11.0,,,,,0 days 00:01:21.024000,0 days 00:01:20.303000,,,
2026,Australian Grand Prix,Q,87.0,Oliver Bearman,Haas F1 Team,12.0,,,,,0 days 00:01:21.247000,0 days 00:01:20.311000,,,
2026,Australian Grand Prix,Q,31.0,Esteban Ocon,Haas F1 Team,13.0,,,,,0 days 00:01:20.759000,0 days 00:01:20.491000,,,
2026,Australian Grand Prix,Q,10.0,Pierre Gasly,Alpine,14.0,,,,,0 days 00:01:21.138000,0 days 00:01:20.501000,,,
2026,Australian Grand Prix,Q,23.0,Alexander Albon,Williams,15.0,,,,,0 days 00:01:21.051000,0 days 00:01:20.941000,,,
2026,Australian Grand Prix,Q,43.0,Franco Colapinto,Alpine,16.0,,,,,0 days 00:01:21.200000,0 days 00:01:21.270000,,,
2026,Australian Grand Prix,Q,14.0,Fernando Alonso,Aston Martin,17.0,,,,,0 days 00:01:21.969000,,,,
2026,Australian Grand Prix,Q,11.0,Sergio Perez,Cadillac,18.0,,,,,0 days 00:01:22.605000,,,,
2026,Australian Grand Prix,Q,77.0,Valtteri Bottas,Cadillac,19.0,,,,,0 days 00:01:23.244000,,,,
2026,Australian Grand Prix,Q,18.0,Lance Stroll,Aston Martin,,,,,,,,,,
2026,Australian Grand Prix,Q,3.0,Max Verstappen,Red Bull Racing,,,,,,,,,,
2026,Australian Grand Prix,Q,55.0,Carlos Sainz,Williams,,,,,,,,,,
2026,Australian Grand Prix,R,63.0,George Russell,Mercedes,1.0,1.0,Finished,0 days 02:25:26.780000,25.0,,,,,
2026,Australian Grand Prix,R,12.0,Kimi Antonelli,Mercedes,2.0,2.0,Finished,0 days 02:25:29.754000,18.0,,,,,
2026,Australian Grand Prix,R,16.0,Charles Leclerc,Ferrari,3.0,4.0,Finished,0 days 02:25:42.299000,15.0,,,,,
2026,Australian Grand Prix,R,44.0,Lewis Hamilton,Ferrari,4.0,7.0,Finished,0 days 02:25:42.924000,12.0,,,,,
2026,Australian Grand Prix,R,1.0,Lando Norris,McLaren,5.0,6.0,Finished,0 days 02:26:18.521000,10.0,,,,,
2026,Australian Grand Prix,R,3.0,Max Verstappen,Red Bull Racing,6.0,20.0,Finished,0 days 02:26:21.397000,8.0,,,,,
2026,Australian Grand Prix,R,87.0,Oliver Bearman,Haas F1 Team,7.0,12.0,Lapped,0 days 02:25:31.439000,6.0,,,,,
2026,Australian Grand Prix,R,41.0,Arvid Lindblad,Racing Bulls,8.0,9.0,Lapped,0 days 02:25:38.596000,4.0,,,,,
2026,Australian Grand Prix,R,5.0,Gabriel Bortoleto,Audi,9.0,10.0,Lapped,0 days 02:25:39.555000,2.0,,,,,
2026,Australian Grand Prix,R,10.0,Pierre Gasly,Alpine,10.0,14.0,Lapped,0 days 02:25:55.807000,1.0,,,,,
2026,Australian Grand Prix,R,31.0,Esteban Ocon,Haas F1 Team,11.0,13.0,Lapped,0 days 02:25:56.630000,0.0,,,,,
2026,Australian Grand Prix,R,23.0,Alexander Albon,Williams,12.0,15.0,Lapped,0 days 02:26:22.855000,0.0,,,,,
2026,Australian Grand Prix,R,30.0,Liam Lawson,Racing Bulls,13.0,8.0,Lapped,0 days 02:26:23.953000,0.0,,,,,
2026,Australian Grand Prix,R,43.0,Franco Colapinto,Alpine,14.0,16.0,Lapped,0 days 02:25:35.267000,0.0,,,,,
2026,Australian Grand Prix,R,55.0,Carlos Sainz,Williams,15.0,21.0,Lapped,0 days 02:26:03.666000,0.0,,,,,
2026,Australian Grand Prix,R,11.0,Sergio Perez,Cadillac,16.0,18.0,Lapped,0 days 02:25:34.630000,0.0,,,,,
2026,Australian Grand Prix,R,18.0,Lance Stroll,Aston Martin,17.0,22.0,Lapped,0 days 02:26:47.915000,0.0,,,,,
2026,Australian Grand Prix,R,14.0,Fernando Alonso,Aston Martin,18.0,17.0,Retired,0 days 01:52:27.116000,0.0,,,,,
2026,Australian Grand Prix,R,77.0,Valtteri Bottas,Cadillac,19.0,19.0,Retired,0 days 01:29:21.898000,0.0,,,,,
2026,Australian Grand Prix,R,6.0,Isack Hadjar,Red Bull Racing,20.0,3.0,Retired,0 days 01:19:15.504000,0.0,,,,,
2026,Australian Grand Prix,R,81.0,Oscar Piastri,McLaren,21.0,5.0,Did not start,,0.0,,,,,
2026,Australian Grand Prix,R,27.0,Nico Hulkenberg,Audi,22.0,11.0,Did not start,,0.0,,,,,
2026,Austrian Grand Prix,FP1,12.0,Kimi Antonelli,Mercedes,1.0,,,,,,,,0 days 00:01:07.796000,29.0
2026,Austrian Grand Prix,FP1,63.0,George Russell,Mercedes,2.0,,,,,,,,0 days 00:01:07.836000,30.0
2026,Austrian Grand Prix,FP1,81.0,Oscar Piastri,McLaren,3.0,,,,,,,,0 days 00:01:07.913000,25.0
2026,Austrian Grand Prix,FP1,3.0,Max Verstappen,Red Bull Racing,4.0,,,,,,,,0 days 00:01:08.077000,17.0
2026,Austrian Grand Prix,FP1,44.0,Lewis Hamilton,Ferrari,5.0,,,,,,,,0 days 00:01:08.461000,25.0
2026,Austrian Grand Prix,FP1,41.0,Arvid Lindblad,Racing Bulls,6.0,,,,,,,,0 days 00:01:08.726000,18.0
2026,Austrian Grand Prix,FP1,1.0,Lando Norris,McLaren,7.0,,,,,,,,0 days 00:01:08.873000,9.0
2026,Austrian Grand Prix,FP1,43.0,Franco Colapinto,Alpine,8.0,,,,,,,,0 days 00:01:08.962000,27.0
2026,Austrian Grand Prix,FP1,38.0,Dino Beganovic,Ferrari,9.0,,,,,,,,0 days 00:01:09.054000,26.0
2026,Austrian Grand Prix,FP1,87.0,Oliver Bearman,Haas F1 Team,10.0,,,,,,,,0 days 00:01:09.071000,26.0
2026,Austrian Grand Prix,FP1,27.0,Nico Hulkenberg,Audi,11.0,,,,,,,,0 days 00:01:09.165000,30.0
2026,Austrian Grand Prix,FP1,6.0,Isack Hadjar,Red Bull Racing,12.0,,,,,,,,0 days 00:01:09.481000,11.0
2026,Austrian Grand Prix,FP1,77.0,Valtteri Bottas,Cadillac,13.0,,,,,,,,0 days 00:01:09.521000,21.0
2026,Austrian Grand Prix,FP1,10.0,Pierre Gasly,Alpine,14.0,,,,,,,,0 days 00:01:09.546000,28.0
2026,Austrian Grand Prix,FP1,90.0,Ayumu Iwasa,Racing Bulls,15.0,,,,,,,,0 days 00:01:09.637000,19.0
2026,Austrian Grand Prix,FP1,23.0,Alexander Albon,Williams,16.0,,,,,,,,0 days 00:01:09.644000,30.0
2026,Austrian Grand Prix,FP1,97.0,Paul Aron,Audi,17.0,,,,,,,,0 days 00:01:09.646000,20.0
2026,Austrian Grand Prix,FP1,46.0,Luke Browning,Williams,18.0,,,,,,,,0 days 00:01:09.979000,29.0
2026,Austrian Grand Prix,FP1,50.0,Ryo Hirakawa,Haas F1 Team,19.0,,,,,,,,0 days 00:01:10.493000,23.0
2026,Austrian Grand Prix,FP1,34.0,Jak Crawford,Aston Martin,20.0,,,,,,,,0 days 00:01:11.202000,22.0
2026,Austrian Grand Prix,FP1,11.0,Sergio Perez,Cadillac,21.0,,,,,,,,0 days 00:01:11.283000,14.0
2026,Austrian Grand Prix,FP1,14.0,Fernando Alonso,Aston Martin,22.0,,,,,,,,0 days 00:01:11.333000,21.0
2026,Austrian Grand Prix,FP2,12.0,Kimi Antonelli,Mercedes,1.0,,,,,,,,0 days 00:01:07.014000,32.0
2026,Austrian Grand Prix,FP2,81.0,Oscar Piastri,McLaren,2.0,,,,,,,,0 days 00:01:07.251000,32.0
2026,Austrian Grand Prix,FP2,1.0,Lando Norris,McLaren,3.0,,,,,,,,0 days 00:01:07.339000,32.0
2026,Austrian Grand Prix,FP2,3.0,Max Verstappen,Red Bull Racing,4.0,,,,,,,,0 days 00:01:07.564000,29.0
2026,Austrian Grand Prix,FP2,44.0,Lewis Hamilton,Ferrari,5.0,,,,,,,,0 days 00:01:07.611000,33.0
2026,Austrian Grand Prix,FP2,63.0,George Russell,Mercedes,6.0,,,,,,,,0 days 00:01:07.637000,25.0
2026,Austrian Grand Prix,FP2,6.0,Isack Hadjar,Red Bull Racing,7.0,,,,,,,,0 days 00:01:07.758000,28.0
2026,Austrian Grand Prix,FP2,16.0,Charles Leclerc,Ferrari,8.0,,,,,,,,0 days 00:01:07.855000,35.0
2026,Austrian Grand Prix,FP2,30.0,Liam Lawson,Racing Bulls,9.0,,,,,,,,0 days 00:01:08.235000,34.0
2026,Austrian Grand Prix,FP2,5.0,Gabriel Bortoleto,Audi,10.0,,,,,,,,0 days 00:01:08.300000,30.0
2026,Austrian Grand Prix,FP2,10.0,Pierre Gasly,Alpine,11.0,,,,,,,,0 days 00:01:08.376000,33.0
2026,Austrian Grand Prix,FP2,41.0,Arvid Lindblad,Racing Bulls,12.0,,,,,,,,0 days 00:01:08.378000,29.0
2026,Austrian Grand Prix,FP2,87.0,Oliver Bearman,Haas F1 Team,13.0,,,,,,,,0 days 00:01:08.532000,33.0
2026,Austrian Grand Prix,FP2,27.0,Nico Hulkenberg,Audi,14.0,,,,,,,,0 days 00:01:08.559000,32.0
2026,Austrian Grand Prix,FP2,31.0,Esteban Ocon,Haas F1 Team,15.0,,,,,,,,0 days 00:01:08.830000,33.0
2026,Austrian Grand Prix,FP2,43.0,Franco Colapinto,Alpine,16.0,,,,,,,,0 days 00:01:08.831000,30.0
2026,Austrian Grand Prix,FP2,23.0,Alexander Albon,Williams,17.0,,,,,,,,0 days 00:01:08.838000,34.0
2026,Austrian Grand Prix,FP2,55.0,Carlos Sainz,Williams,18.0,,,,,,,,0 days 00:01:09.131000,30.0
2026,Austrian Grand Prix,FP2,14.0,Fernando Alonso,Aston Martin,19.0,,,,,,,,0 days 00:01:10.544000,27.0
2026,Austrian Grand Prix,FP2,18.0,Lance Stroll,Aston Martin,20.0,,,,,,,,0 days 00:01:10.698000,32.0
2026,Austrian Grand Prix,FP2,77.0,Valtteri Bottas,Cadillac,21.0,,,,,,,,0 days 00:01:11.307000,6.0
2026,Austrian Grand Prix,FP2,11.0,Sergio Perez,Cadillac,22.0,,,,,,,,,2.0
2026,Austrian Grand Prix,FP3,63.0,George Russell,Mercedes,1.0,,,,,,,,0 days 00:01:07.096000,19.0
2026,Austrian Grand Prix,FP3,12.0,Kimi Antonelli,Mercedes,2.0,,,,,,,,0 days 00:01:07.134000,17.0
2026,Austrian Grand Prix,FP3,44.0,Lewis Hamilton,Ferrari,3.0,,,,,,,,0 days 00:01:07.211000,22.0
2026,Austrian Grand Prix,FP3,81.0,Oscar Piastri,McLaren,4.0,,,,,,,,0 days 00:01:07.344000,17.0
2026,Austrian Grand Prix,FP3,1.0,Lando Norris,McLaren,5.0,,,,,,,,0 days 00:01:07.360000,20.0
2026,Austrian Grand Prix,FP3,3.0,Max Verstappen,Red Bull Racing,6.0,,,,,,,,0 days 00:01:07.369000,16.0
2026,Austrian Grand Prix,FP3,16.0,Charles Leclerc,Ferrari,7.0,,,,,,,,0 days 00:01:07.452000,24.0
2026,Austrian Grand Prix,FP3,6.0,Isack Hadjar,Red Bull Racing,8.0,,,,,,,,0 days 00:01:07.912000,27.0
2026,Austrian Grand Prix,FP3,30.0,Liam Lawson,Racing Bulls,9.0,,,,,,,,0 days 00:01:08.031000,21.0
2026,Austrian Grand Prix,FP3,41.0,Arvid Lindblad,Racing Bulls,10.0,,,,,,,,0 days 00:01:08.109000,24.0
2026,Austrian Grand Prix,FP3,10.0,Pierre Gasly,Alpine,11.0,,,,,,,,0 days 00:01:08.193000,16.0
2026,Austrian Grand Prix,FP3,27.0,Nico Hulkenberg,Audi,12.0,,,,,,,,0 days 00:01:08.303000,22.0
2026,Austrian Grand Prix,FP3,5.0,Gabriel Bortoleto,Audi,13.0,,,,,,,,0 days 00:01:08.311000,22.0
2026,Austrian Grand Prix,FP3,43.0,Franco Colapinto,Alpine,14.0,,,,,,,,0 days 00:01:08.394000,18.0
2026,Austrian Grand Prix,FP3,87.0,Oliver Bearman,Haas F1 Team,15.0,,,,,,,,0 days 00:01:08.529000,19.0
2026,Austrian Grand Prix,FP3,31.0,Esteban Ocon,Haas F1 Team,16.0,,,,,,,,0 days 00:01:08.707000,15.0
2026,Austrian Grand Prix,FP3,55.0,Carlos Sainz,Williams,17.0,,,,,,,,0 days 00:01:08.843000,27.0
2026,Austrian Grand Prix,FP3,23.0,Alexander Albon,Williams,18.0,,,,,,,,0 days 00:01:08.992000,25.0
2026,Austrian Grand Prix,FP3,11.0,Sergio Perez,Cadillac,19.0,,,,,,,,0 days 00:01:09.532000,29.0
2026,Austrian Grand Prix,FP3,77.0,Valtteri Bottas,Cadillac,20.0,,,,,,,,0 days 00:01:09.740000,24.0
2026,Austrian Grand Prix,FP3,14.0,Fernando Alonso,Aston Martin,21.0,,,,,,,,0 days 00:01:10.421000,21.0
2026,Austrian Grand Prix,FP3,18.0,Lance Stroll,Aston Martin,22.0,,,,,,,,0 days 00:01:10.567000,19.0
2026,Austrian Grand Prix,Q,63.0,George Russell,Mercedes,1.0,,,,,0 days 00:01:07.398000,0 days 00:01:06.979000,0 days 00:01:06.113000,,
2026,Austrian Grand Prix,Q,16.0,Charles Leclerc,Ferrari,2.0,,,,,0 days 00:01:07.543000,0 days 00:01:07.030000,0 days 00:01:06.349000,,
2026,Austrian Grand Prix,Q,44.0,Lewis Hamilton,Ferrari,3.0,,,,,0 days 00:01:07.290000,0 days 00:01:06.994000,0 days 00:01:06.408000,,
2026,Austrian Grand Prix,Q,12.0,Kimi Antonelli,Mercedes,4.0,,,,,0 days 00:01:07.083000,0 days 00:01:06.763000,0 days 00:01:06.414000,,
2026,Austrian Grand Prix,Q,3.0,Max Verstappen,Red Bull Racing,5.0,,,,,0 days 00:01:07.407000,0 days 00:01:07.183000,0 days 00:01:06.475000,,
2026,Austrian Grand Prix,Q,1.0,Lando Norris,McLaren,6.0,,,,,0 days 00:01:07.259000,0 days 00:01:06.897000,0 days 00:01:06.502000,,
2026,Austrian Grand Prix,Q,81.0,Oscar Piastri,McLaren,7.0,,,,,0 days 00:01:07.487000,0 days 00:01:06.890000,0 days 00:01:06.511000,,
2026,Austrian Grand Prix,Q,6.0,Isack Hadjar,Red Bull Racing,8.0,,,,,0 days 00:01:07.408000,0 days 00:01:07.086000,0 days 00:01:06.632000,,
2026,Austrian Grand Prix,Q,30.0,Liam Lawson,Racing Bulls,9.0,,,,,0 days 00:01:07.385000,0 days 00:01:07.136000,0 days 00:01:06.955000,,
2026,Austrian Grand Prix,Q,41.0,Arvid Lindblad,Racing Bulls,10.0,,,,,0 days 00:01:07.549000,0 days 00:01:07.155000,0 days 00:01:07.007000,,
2026,Austrian Grand Prix,Q,10.0,Pierre Gasly,Alpine,11.0,,,,,0 days 00:01:08.038000,0 days 00:01:07.223000,,,
2026,Austrian Grand Prix,Q,5.0,Gabriel Bortoleto,Audi,12.0,,,,,0 days 00:01:08.035000,0 days 00:01:07.293000,,,
2026,Austrian Grand Prix,Q,87.0,Oliver Bearman,Haas F1 Team,13.0,,,,,0 days 00:01:08.061000,0 days 00:01:07.523000,,,
2026,Austrian Grand Prix,Q,27.0,Nico Hulkenberg,Audi,14.0,,,,,0 days 00:01:08.066000,0 days 00:01:07.611000,,,
2026,Austrian Grand Prix,Q,31.0,Esteban Ocon,Haas F1 Team,15.0,,,,,0 days 00:01:08.231000,0 days 00:01:07.817000,,,
2026,Austrian Grand Prix,Q,43.0,Franco Colapinto,Alpine,16.0,,,,,0 days 00:01:07.894000,0 days 00:01:08.171000,,,
2026,Austrian Grand Prix,Q,55.0,Carlos Sainz,Williams,17.0,,,,,0 days 00:01:08.252000,,,,
2026,Austrian Grand Prix,Q,23.0,Alexander Albon,Williams,18.0,,,,,0 days 00:01:08.509000,,,,
2026,Austrian Grand Prix,Q,11.0,Sergio Perez,Cadillac,19.0,,,,,0 days 00:01:08.945000,,,,
2026,Austrian Grand Prix,Q,77.0,Valtteri Bottas,Cadillac,20.0,,,,,0 days 00:01:09.030000,,,,
2026,Austrian Grand Prix,Q,14.0,Fernando Alonso,Aston Martin,21.0,,,,,0 days 00:01:09.942000,,,,
2026,Austrian Grand Prix,Q,18.0,Lance Stroll,Aston Martin,22.0,,,,,0 days 00:01:10.363000,,,,
2026,Austrian Grand Prix,R,63.0,George Russell,Mercedes,1.0,1.0,Finished,0 days 02:23:45.925000,25.0,,,,,
2026,Austrian Grand Prix,R,3.0,Max Verstappen,Red Bull Racing,2.0,5.0,Finished,0 days 02:23:47.536000,18.0,,,,,
2026,Austrian Grand Prix,R,12.0,Kimi Antonelli,Mercedes,3.0,4.0,Finished,0 days 02:23:47.911000,15.0,,,,,
2026,Austrian Grand Prix,R,81.0,Oscar Piastri,McLaren,4.0,7.0,Finished,0 days 02:24:07.734000,12.0,,,,,
2026,Austrian Grand Prix,R,44.0,Lewis Hamilton,Ferrari,5.0,3.0,Finished,0 days 02:24:12.318000,10.0,,,,,
2026,Austrian Grand Prix,R,6.0,Isack Hadjar,Red Bull Racing,6.0,8.0,Finished,0 days 02:24:15.324000,8.0,,,,,
2026,Austrian Grand Prix,R,1.0,Lando Norris,McLaren,7.0,6.0,Finished,0 days 02:24:17.430000,6.0,,,,,
2026,Austrian Grand Prix,R,16.0,Charles Leclerc,Ferrari,8.0,2.0,Finished,0 days 02:24:31.584000,4.0,,,,,
2026,Austrian Grand Prix,R,30.0,Liam Lawson,Racing Bulls,9.0,9.0,Lapped,0 days 02:24:01.259000,2.0,,,,,
2026,Austrian Grand Prix,R,41.0,Arvid Lindblad,Racing Bulls,10.0,10.0,Lapped,0 days 02:24:04.955000,1.0,,,,,
2026,Austrian Grand Prix,R,5.0,Gabriel Bortoleto,Audi,11.0,12.0,Lapped,0 days 02:24:16.240000,0.0,,,,,
2026,Austrian Grand Prix,R,27.0,Nico Hulkenberg,Audi,12.0,14.0,Lapped,0 days 02:24:24.409000,0.0,,,,,
2026,Austrian Grand Prix,R,10.0,Pierre Gasly,Alpine,13.0,11.0,Lapped,0 days 02:24:25.176000,0.0,,,,,
2026,Austrian Grand Prix,R,87.0,Oliver Bearman,Haas F1 Team,14.0,13.0,Lapped,0 days 02:24:48.602000,0.0,,,,,
2026,Austrian Grand Prix,R,43.0,Franco Colapinto,Alpine,15.0,16.0,Lapped,0 days 02:24:51.572000,0.0,,,,,
2026,Austrian Grand Prix,R,31.0,Esteban Ocon,Haas F1 Team,16.0,15.0,Lapped,0 days 02:24:11.857000,0.0,,,,,
2026,Austrian Grand Prix,R,23.0,Alexander Albon,Williams,17.0,18.0,Lapped,0 days 02:24:14.007000,0.0,,,,,
2026,Austrian Grand Prix,R,14.0,Fernando Alonso,Aston Martin,18.0,21.0,Lapped,0 days 02:23:50.758000,0.0,,,,,
2026,Austrian Grand Prix,R,18.0,Lance Stroll,Aston Martin,19.0,22.0,Retired,0 days 01:55:16.531000,0.0,,,,,
2026,Austrian Grand Prix,R,55.0,Carlos Sainz,Williams,20.0,17.0,Retired,0 days 01:28:41.480000,0.0,,,,,
2026,Austrian Grand Prix,R,11.0,Sergio Perez,Cadillac,21.0,19.0,Retired,0 days 01:02:25.317000,0.0,,,,,
2026,Austrian Grand Prix,R,77.0,Valtteri Bottas,Cadillac,22.0,20.0,Retired,0 days 00:59:59.770000,0.0,,,,,
2026,Barcelona Grand Prix,FP1,63.0,George Russell,,1.0,,,,,,,,0 days 00:01:16.363000,27.0
2026,Barcelona Grand Prix,FP1,81.0,Oscar Piastri,,2.0,,,,,,,,0 days 00:01:16.566000,29.0
2026,Barcelona Grand Prix,FP1,16.0,Charles Leclerc,,3.0,,,,,,,,0 days 00:01:16.883000,29.0
2026,Barcelona Grand Prix,FP1,3.0,Max Verstappen,,4.0,,,,,,,,0 days 00:01:17.047000,29.0
2026,Barcelona Grand Prix,FP1,67.0,Leonardo Fornaroli,,5.0,,,,,,,,0 days 00:01:17.216000,22.0
2026,Barcelona Grand Prix,FP1,97.0,Paul Aron,,6.0,,,,,,,,0 days 00:01:17.321000,24.0
2026,Barcelona Grand Prix,FP1,30.0,Liam Lawson,,7.0,,,,,,,,0 days 00:01:17.472000,24.0
2026,Barcelona Grand Prix,FP1,38.0,Dino Beganovic,,8.0,,,,,,,,0 days 00:01:17.778000,30.0
2026,Barcelona Grand Prix,FP1,41.0,Arvid Lindblad,,9.0,,,,,,,,0 days 00:01:17.804000,29.0
2026,Barcelona Grand Prix,FP1,43.0,Franco Colapinto,,10.0,,,,,,,,0 days 00:01:17.893000,28.0
2026,Barcelona Grand Prix,FP1,87.0,Oliver Bearman,,11.0,,,,,,,,0 days 00:01:18.172000,25.0
2026,Barcelona Grand Prix,FP1,5.0,Gabriel Bortoleto,,12.0,,,,,,,,0 days 00:01:18.209000,28.0
2026,Barcelona Grand Prix,FP1,55.0,Carlos Sainz,,13.0,,,,,,,,0 days 00:01:18.293000,27.0
2026,Barcelona Grand Prix,FP1,36.0,Arvid Lindblad,,14.0,,,,,,,,0 days 00:01:18.298000,21.0
2026,Barcelona Grand Prix,FP1,72.0,Frederik Vesti,,15.0,,,,,,,,0 days 00:01:18.365000,28.0
2026,Barcelona Grand Prix,FP1,31.0,Esteban Ocon,,16.0,,,,,,,,0 days 00:01:18.372000,27.0
2026,Barcelona Grand Prix,FP1,10.0,Pierre Gasly,,17.0,,,,,,,,0 days 00:01:18.508000,23.0
2026,Barcelona Grand Prix,FP1,77.0,Valtteri Bottas,,18.0,,,,,,,,0 days 00:01:18.914000,23.0
2026,Barcelona Grand Prix,FP1,14.0,Fernando Alonso,,19.0,,,,,,,,0 days 00:01:20.067000,23.0
2026,Barcelona Grand Prix,FP1,18.0,Lance Stroll,,20.0,,,,,,,,0 days 00:01:20.318000,21.0
2026,Barcelona Grand Prix,FP1,25.0,Colton Herta,,21.0,,,,,,,,0 days 00:01:20.697000,27.0
2026,Barcelona Grand Prix,FP2,1.0,Lando Norris,McLaren,1.0,,,,,,,,0 days 00:01:15.426000,30.0
2026,Barcelona Grand Prix,FP2,63.0,George Russell,Mercedes,2.0,,,,,,,,0 days 00:01:15.435000,28.0
2026,Barcelona Grand Prix,FP2,81.0,Oscar Piastri,McLaren,3.0,,,,,,,,0 days 00:01:15.483000,24.0
2026,Barcelona Grand Prix,FP2,16.0,Charles Leclerc,Ferrari,4.0,,,,,,,,0 days 00:01:15.799000,29.0
2026,Barcelona Grand Prix,FP2,12.0,Kimi Antonelli,Mercedes,5.0,,,,,,,,0 days 00:01:16.015000,31.0
2026,Barcelona Grand Prix,FP2,3.0,Max Verstappen,Red Bull Racing,6.0,,,,,,,,0 days 00:01:16.321000,33.0
2026,Barcelona Grand Prix,FP2,41.0,Arvid Lindblad,Racing Bulls,7.0,,,,,,,,0 days 00:01:16.411000,29.0
2026,Barcelona Grand Prix,FP2,5.0,Gabriel Bortoleto,Audi,8.0,,,,,,,,0 days 00:01:16.611000,27.0
2026,Barcelona Grand Prix,FP2,44.0,Lewis Hamilton,Ferrari,9.0,,,,,,,,0 days 00:01:16.631000,28.0
2026,Barcelona Grand Prix,FP2,6.0,Isack Hadjar,Red Bull Racing,10.0,,,,,,,,0 days 00:01:16.674000,30.0
2026,Barcelona Grand Prix,FP2,27.0,Nico Hulkenberg,Audi,11.0,,,,,,,,0 days 00:01:16.934000,31.0
2026,Barcelona Grand Prix,FP2,87.0,Oliver Bearman,Haas F1 Team,12.0,,,,,,,,0 days 00:01:16.945000,31.0
2026,Barcelona Grand Prix,FP2,30.0,Liam Lawson,Racing Bulls,13.0,,,,,,,,0 days 00:01:16.967000,8.0
2026,Barcelona Grand Prix,FP2,55.0,Carlos Sainz,Williams,14.0,,,,,,,,0 days 00:01:17.020000,29.0
2026,Barcelona Grand Prix,FP2,43.0,Franco Colapinto,Alpine,15.0,,,,,,,,0 days 00:01:17.051000,30.0
2026,Barcelona Grand Prix,FP2,10.0,Pierre Gasly,Alpine,16.0,,,,,,,,0 days 00:01:17.260000,29.0
2026,Barcelona Grand Prix,FP2,31.0,Esteban Ocon,Haas F1 Team,17.0,,,,,,,,0 days 00:01:17.538000,29.0
2026,Barcelona Grand Prix,FP2,77.0,Valtteri Bottas,Cadillac,18.0,,,,,,,,0 days 00:01:18.225000,6.0
2026,Barcelona Grand Prix,FP2,23.0,Alexander Albon,Williams,19.0,,,,,,,,0 days 00:01:18.790000,29.0
2026,Barcelona Grand Prix,FP2,11.0,Sergio Perez,Cadillac,20.0,,,,,,,,0 days 00:01:19.261000,34.0
2026,Barcelona Grand Prix,FP2,14.0,Fernando Alonso,Aston Martin,21.0,,,,,,,,0 days 00:01:19.286000,21.0
2026,Barcelona Grand Prix,FP2,18.0,Lance Stroll,Aston Martin,22.0,,,,,,,,0 days 00:01:19.459000,20.0
2026,Barcelona Grand Prix,FP3,63.0,George Russell,Mercedes,1.0,,,,,,,,0 days 00:01:15.679000,11.0
2026,Barcelona Grand Prix,FP3,81.0,Oscar Piastri,McLaren,2.0,,,,,,,,0 days 00:01:15.893000,12.0
2026,Barcelona Grand Prix,FP3,16.0,Charles Leclerc,Ferrari,3.0,,,,,,,,0 days 00:01:15.922000,17.0
2026,Barcelona Grand Prix,FP3,1.0,Lando Norris,McLaren,4.0,,,,,,,,0 days 00:01:15.925000,15.0
2026,Barcelona Grand Prix,FP3,44.0,Lewis Hamilton,Ferrari,5.0,,,,,,,,0 days 00:01:16.381000,16.0
2026,Barcelona Grand Prix,FP3,3.0,Max Verstappen,Red Bull Racing,6.0,,,,,,,,0 days 00:01:16.434000,12.0
2026,Barcelona Grand Prix,FP3,12.0,Kimi Antonelli,Mercedes,7.0,,,,,,,,0 days 00:01:16.500000,12.0
2026,Barcelona Grand Prix,FP3,6.0,Isack Hadjar,Red Bull Racing,8.0,,,,,,,,0 days 00:01:16.684000,15.0
2026,Barcelona Grand Prix,FP3,27.0,Nico Hulkenberg,Audi,9.0,,,,,,,,0 days 00:01:16.961000,22.0
2026,Barcelona Grand Prix,FP3,41.0,Arvid Lindblad,Racing Bulls,10.0,,,,,,,,0 days 00:01:17.020000,16.0
2026,Barcelona Grand Prix,FP3,5.0,Gabriel Bortoleto,Audi,11.0,,,,,,,,0 days 00:01:17.027000,13.0
2026,Barcelona Grand Prix,FP3,30.0,Liam Lawson,Racing Bulls,12.0,,,,,,,,0 days 00:01:17.324000,15.0
2026,Barcelona Grand Prix,FP3,10.0,Pierre Gasly,Alpine,13.0,,,,,,,,0 days 00:01:17.583000,15.0
2026,Barcelona Grand Prix,FP3,43.0,Franco Colapinto,Alpine,14.0,,,,,,,,0 days 00:01:17.625000,14.0
2026,Barcelona Grand Prix,FP3,55.0,Carlos Sainz,Williams,15.0,,,,,,,,0 days 00:01:17.730000,19.0
2026,Barcelona Grand Prix,FP3,31.0,Esteban Ocon,Haas F1 Team,16.0,,,,,,,,0 days 00:01:18.040000,15.0
2026,Barcelona Grand Prix,FP3,87.0,Oliver Bearman,Haas F1 Team,17.0,,,,,,,,0 days 00:01:18.391000,13.0
2026,Barcelona Grand Prix,FP3,23.0,Alexander Albon,Williams,18.0,,,,,,,,0 days 00:01:18.412000,15.0
2026,Barcelona Grand Prix,FP3,11.0,Sergio Perez,Cadillac,19.0,,,,,,,,0 days 00:01:18.691000,21.0
2026,Barcelona Grand Prix,FP3,14.0,Fernando Alonso,Aston Martin,20.0,,,,,,,,0 days 00:01:19.496000,18.0
2026,Barcelona Grand Prix,FP3,77.0,Valtteri Bottas,Cadillac,21.0,,,,,,,,0 days 00:01:19.962000,14.0
2026,Barcelona Grand Prix,FP3,18.0,Lance Stroll,Aston Martin,22.0,,,,,,,,0 days 00:01:20.103000,17.0
2026,Barcelona Grand Prix,Q,63.0,George Russell,Mercedes,1.0,,,,,0 days 00:01:15.717000,0 days 00:01:15.228000,0 days 00:01:14.679000,,
2026,Barcelona Grand Prix,Q,44.0,Lewis Hamilton,Ferrari,2.0,,,,,0 days 00:01:15.625000,0 days 00:01:15.418000,0 days 00:01:14.743000,,
2026,Barcelona Grand Prix,Q,12.0,Kimi Antonelli,Mercedes,3.0,,,,,0 days 00:01:15.977000,0 days 00:01:15.295000,0 days 00:01:14.998000,,
2026,Barcelona Grand Prix,Q,1.0,Lando Norris,McLaren,4.0,,,,,0 days 00:01:16.287000,0 days 00:01:15.361000,0 days 00:01:15.001000,,
2026,Barcelona Grand Prix,Q,3.0,Max Verstappen,Red Bull Racing,5.0,,,,,0 days 00:01:16.352000,0 days 00:01:15.484000,0 days 00:01:15.021000,,
2026,Barcelona Grand Prix,Q,6.0,Isack Hadjar,Red Bull Racing,6.0,,,,,0 days 00:01:16.427000,0 days 00:01:15.754000,0 days 00:01:15.077000,,
2026,Barcelona Grand Prix,Q,81.0,Oscar Piastri,McLaren,7.0,,,,,0 days 00:01:16.138000,0 days 00:01:15.518000,0 days 00:01:15.090000,,
2026,Barcelona Grand Prix,Q,30.0,Liam Lawson,Racing Bulls,8.0,,,,,0 days 00:01:16.673000,0 days 00:01:15.585000,0 days 00:01:16.542000,,
2026,Barcelona Grand Prix,Q,27.0,Nico Hulkenberg,Audi,9.0,,,,,0 days 00:01:16.066000,0 days 00:01:15.768000,0 days 00:01:16.657000,,
2026,Barcelona Grand Prix,Q,16.0,Charles Leclerc,Ferrari,10.0,,,,,0 days 00:01:15.964000,0 days 00:01:15.281000,,,
2026,Barcelona Grand Prix,Q,41.0,Arvid Lindblad,Racing Bulls,11.0,,,,,0 days 00:01:16.425000,0 days 00:01:15.840000,,,
2026,Barcelona Grand Prix,Q,5.0,Gabriel Bortoleto,Audi,12.0,,,,,0 days 00:01:16.616000,0 days 00:01:16.001000,,,
2026,Barcelona Grand Prix,Q,43.0,Franco Colapinto,Alpine,13.0,,,,,0 days 00:01:16.590000,0 days 00:01:16.191000,,,
2026,Barcelona Grand Prix,Q,10.0,Pierre Gasly,Alpine,14.0,,,,,0 days 00:01:16.599000,0 days 00:01:16.261000,,,
2026,Barcelona Grand Prix,Q,87.0,Oliver Bearman,Haas F1 Team,15.0,,,,,0 days 00:01:16.571000,0 days 00:01:16.389000,,,
2026,Barcelona Grand Prix,Q,55.0,Carlos Sainz,Williams,16.0,,,,,0 days 00:01:16.881000,0 days 00:01:17.827000,,,
2026,Barcelona Grand Prix,Q,31.0,Esteban Ocon,Haas F1 Team,17.0,,,,,0 days 00:01:17.073000,,,,
2026,Barcelona Grand Prix,Q,23.0,Alexander Albon,Williams,18.0,,,,,0 days 00:01:17.424000,,,,
2026,Barcelona Grand Prix,Q,11.0,Sergio Perez,Cadillac,19.0,,,,,0 days 00:01:17.545000,,,,
2026,Barcelona Grand Prix,Q,77.0,Valtteri Bottas,Cadillac,20.0,,,,,0 days 00:01:17.757000,,,,
2026,Barcelona Grand Prix,Q,18.0,Lance Stroll,Aston Martin,21.0,,,,,0 days 00:01:18.758000,,,,
2026,Barcelona Grand Prix,Q,14.0,Fernando Alonso,Aston Martin,22.0,,,,,0 days 00:01:18.815000,,,,
2026,Barcelona Grand Prix,R,44.0,Lewis Hamilton,Ferrari,1.0,2.0,Finished,0 days 02:26:09.444000,25.0,,,,,
2026,Barcelona Grand Prix,R,63.0,George Russell,Mercedes,2.0,1.0,Finished,0 days 02:26:29.005000,18.0,,,,,
2026,Barcelona Grand Prix,R,1.0,Lando Norris,McLaren,3.0,4.0,Finished,0 days 02:26:33.163000,15.0,,,,,
2026,Barcelona Grand Prix,R,3.0,Max Verstappen,Red Bull Racing,4.0,5.0,Finished,0 days 02:26:49.941000,12.0,,,,,
2026,Barcelona Grand Prix,R,81.0,Oscar Piastri,McLaren,5.0,7.0,Finished,0 days 02:27:08.105000,10.0,,,,,
2026,Barcelona Grand Prix,R,6.0,Isack Hadjar,Red Bull Racing,6.0,6.0,Lapped,0 days 02:26:34.071000,8.0,,,,,
2026,Barcelona Grand Prix,R,10.0,Pierre Gasly,Alpine,7.0,14.0,Lapped,0 days 02:27:05.233000,6.0,,,,,
2026,Barcelona Grand Prix,R,30.0,Liam Lawson,Racing Bulls,8.0,8.0,Lapped,0 days 02:27:21.668000,4.0,,,,,
2026,Barcelona Grand Prix,R,41.0,Arvid Lindblad,Racing Bulls,9.0,11.0,Lapped,0 days 02:27:27.518000,2.0,,,,,
2026,Barcelona Grand Prix,R,43.0,Franco Colapinto,Alpine,10.0,13.0,Lapped,0 days 02:27:19.311000,1.0,,,,,
2026,Barcelona Grand Prix,R,5.0,Gabriel Bortoleto,Audi,11.0,12.0,Lapped,0 days 02:26:36.131000,0.0,,,,,
2026,Barcelona Grand Prix,R,55.0,Carlos Sainz,Williams,12.0,16.0,Lapped,0 days 02:26:37.310000,0.0,,,,,
2026,Barcelona Grand Prix,R,31.0,Esteban Ocon,Haas F1 Team,13.0,17.0,Lapped,0 days 02:27:08.593000,0.0,,,,,
2026,Barcelona Grand Prix,R,11.0,Sergio Perez,Cadillac,14.0,19.0,Lapped,0 days 02:26:17.213000,0.0,,,,,
2026,Barcelona Grand Prix,R,16.0,Charles Leclerc,Ferrari,15.0,10.0,Retired,0 days 02:21:13.036000,0.0,,,,,
2026,Barcelona Grand Prix,R,12.0,Kimi Antonelli,Mercedes,16.0,3.0,Retired,0 days 02:21:10.248000,0.0,,,,,
2026,Barcelona Grand Prix,R,87.0,Oliver Bearman,Haas F1 Team,17.0,15.0,Retired,0 days 02:20:18.787000,0.0,,,,,
2026,Barcelona Grand Prix,R,23.0,Alexander Albon,Williams,18.0,18.0,Lapped,0 days 02:26:50.457000,0.0,,,,,
2026,Barcelona Grand Prix,R,14.0,Fernando Alonso,Aston Martin,19.0,22.0,Retired,0 days 01:50:12.613000,0.0,,,,,
2026,Barcelona Grand Prix,R,27.0,Nico Hulkenberg,Audi,20.0,9.0,Retired,0 days 01:35:18.934000,0.0,,,,,
2026,Barcelona Grand Prix,R,77.0,Valtteri Bottas,Cadillac,21.0,20.0,Retired,0 days 01:16:16.409000,0.0,,,,,
2026,Barcelona Grand Prix,R,18.0,Lance Stroll,Aston Martin,22.0,21.0,Retired,0 days 01:01:10.396000,0.0,,,,,
2026,Belgian Grand Prix,FP1,3.0,Max Verstappen,Red Bull Racing,1.0,,,,,,,,0 days 00:01:47.070000,24.0
2026,Belgian Grand Prix,FP1,44.0,Lewis Hamilton,Ferrari,2.0,,,,,,,,0 days 00:01:47.215000,22.0
2026,Belgian Grand Prix,FP1,16.0,Charles Leclerc,Ferrari,3.0,,,,,,,,0 days 00:01:47.277000,22.0
2026,Belgian Grand Prix,FP1,6.0,Isack Hadjar,Red Bull Racing,4.0,,,,,,,,0 days 00:01:47.322000,23.0
2026,Belgian Grand Prix,FP1,81.0,Oscar Piastri,McLaren,5.0,,,,,,,,0 days 00:01:47.522000,21.0
2026,Belgian Grand Prix,FP1,12.0,Kimi Antonelli,Mercedes,6.0,,,,,,,,0 days 00:01:47.603000,23.0
2026,Belgian Grand Prix,FP1,1.0,Lando Norris,McLaren,7.0,,,,,,,,0 days 00:01:47.931000,19.0
2026,Belgian Grand Prix,FP1,63.0,George Russell,Mercedes,8.0,,,,,,,,0 days 00:01:47.959000,22.0
2026,Belgian Grand Prix,FP1,41.0,Arvid Lindblad,Racing Bulls,9.0,,,,,,,,0 days 00:01:48.234000,24.0
2026,Belgian Grand Prix,FP1,5.0,Gabriel Bortoleto,Audi,10.0,,,,,,,,0 days 00:01:48.406000,18.0
2026,Belgian Grand Prix,FP1,30.0,Liam Lawson,Racing Bulls,11.0,,,,,,,,0 days 00:01:48.432000,24.0
2026,Belgian Grand Prix,FP1,27.0,Nico Hulkenberg,Audi,12.0,,,,,,,,0 days 00:01:48.962000,23.0
2026,Belgian Grand Prix,FP1,87.0,Oliver Bearman,Haas F1 Team,13.0,,,,,,,,0 days 00:01:49.010000,21.0
2026,Belgian Grand Prix,FP1,23.0,Alexander Albon,Williams,14.0,,,,,,,,0 days 00:01:49.337000,24.0
2026,Belgian Grand Prix,FP1,43.0,Franco Colapinto,Alpine,15.0,,,,,,,,0 days 00:01:49.403000,23.0
2026,Belgian Grand Prix,FP1,31.0,Esteban Ocon,Haas F1 Team,16.0,,,,,,,,0 days 00:01:49.449000,21.0
2026,Belgian Grand Prix,FP1,10.0,Pierre Gasly,Alpine,17.0,,,,,,,,0 days 00:01:49.712000,23.0
2026,Belgian Grand Prix,FP1,77.0,Valtteri Bottas,Cadillac,18.0,,,,,,,,0 days 00:01:49.839000,21.0
2026,Belgian Grand Prix,FP1,11.0,Sergio Perez,Cadillac,19.0,,,,,,,,0 days 00:01:50.226000,22.0
2026,Belgian Grand Prix,FP1,55.0,Carlos Sainz,Williams,20.0,,,,,,,,0 days 00:01:50.862000,25.0
2026,Belgian Grand Prix,FP1,18.0,Lance Stroll,Aston Martin,21.0,,,,,,,,0 days 00:01:52.808000,19.0
2026,Belgian Grand Prix,FP1,34.0,Jak Crawford,Aston Martin,22.0,,,,,,,,0 days 00:01:53.199000,22.0
2026,Belgian Grand Prix,FP2,12.0,Kimi Antonelli,Mercedes,1.0,,,,,,,,0 days 00:01:45.944000,18.0
2026,Belgian Grand Prix,FP2,1.0,Lando Norris,McLaren,2.0,,,,,,,,0 days 00:01:46.134000,18.0
2026,Belgian Grand Prix,FP2,3.0,Max Verstappen,Red Bull Racing,3.0,,,,,,,,0 days 00:01:46.416000,21.0
2026,Belgian Grand Prix,FP2,44.0,Lewis Hamilton,Ferrari,4.0,,,,,,,,0 days 00:01:46.691000,16.0
2026,Belgian Grand Prix,FP2,6.0,Isack Hadjar,Red Bull Racing,5.0,,,,,,,,0 days 00:01:46.714000,20.0
2026,Belgian Grand Prix,FP2,81.0,Oscar Piastri,McLaren,6.0,,,,,,,,0 days 00:01:46.926000,11.0
2026,Belgian Grand Prix,FP2,16.0,Charles Leclerc,Ferrari,7.0,,,,,,,,0 days 00:01:47.035000,18.0
2026,Belgian Grand Prix,FP2,43.0,Franco Colapinto,Alpine,8.0,,,,,,,,0 days 00:01:47.147000,20.0
2026,Belgian Grand Prix,FP2,63.0,George Russell,Mercedes,9.0,,,,,,,,0 days 00:01:47.229000,20.0
2026,Belgian Grand Prix,FP2,41.0,Arvid Lindblad,Racing Bulls,10.0,,,,,,,,0 days 00:01:47.294000,20.0
2026,Belgian Grand Prix,FP2,10.0,Pierre Gasly,Alpine,11.0,,,,,,,,0 days 00:01:47.360000,15.0
2026,Belgian Grand Prix,FP2,30.0,Liam Lawson,Racing Bulls,12.0,,,,,,,,0 days 00:01:47.434000,16.0
2026,Belgian Grand Prix,FP2,87.0,Oliver Bearman,Haas F1 Team,13.0,,,,,,,,0 days 00:01:47.792000,16.0
2026,Belgian Grand Prix,FP2,5.0,Gabriel Bortoleto,Audi,14.0,,,,,,,,0 days 00:01:47.952000,17.0
2026,Belgian Grand Prix,FP2,31.0,Esteban Ocon,Haas F1 Team,15.0,,,,,,,,0 days 00:01:47.958000,19.0
2026,Belgian Grand Prix,FP2,23.0,Alexander Albon,Williams,16.0,,,,,,,,0 days 00:01:48.019000,19.0
2026,Belgian Grand Prix,FP2,55.0,Carlos Sainz,Williams,17.0,,,,,,,,0 days 00:01:48.256000,19.0
2026,Belgian Grand Prix,FP2,27.0,Nico Hulkenberg,Audi,18.0,,,,,,,,0 days 00:01:48.333000,16.0
2026,Belgian Grand Prix,FP2,77.0,Valtteri Bottas,Cadillac,19.0,,,,,,,,0 days 00:01:49.199000,19.0
2026,Belgian Grand Prix,FP2,11.0,Sergio Perez,Cadillac,20.0,,,,,,,,0 days 00:01:49.596000,20.0
2026,Belgian Grand Prix,FP2,18.0,Lance Stroll,Aston Martin,21.0,,,,,,,,0 days 00:01:51.131000,17.0
2026,Belgian Grand Prix,FP2,14.0,Fernando Alonso,Aston Martin,22.0,,,,,,,,0 days 00:01:51.418000,19.0
2026,Belgian Grand Prix,FP3,12.0,Kimi Antonelli,Mercedes,1.0,,,,,,,,0 days 00:01:45.990000,13.0
2026,Belgian Grand Prix,FP3,1.0,Lando Norris,McLaren,2.0,,,,,,,,0 days 00:01:46.129000,21.0
2026,Belgian Grand Prix,FP3,3.0,Max Verstappen,Red Bull Racing,3.0,,,,,,,,0 days 00:01:46.138000,14.0
2026,Belgian Grand Prix,FP3,63.0,George Russell,Mercedes,4.0,,,,,,,,0 days 00:01:46.357000,12.0
2026,Belgian Grand Prix,FP3,44.0,Lewis Hamilton,Ferrari,5.0,,,,,,,,0 days 00:01:46.382000,17.0
2026,Belgian Grand Prix,FP3,16.0,Charles Leclerc,Ferrari,6.0,,,,,,,,0 days 00:01:46.750000,17.0
2026,Belgian Grand Prix,FP3,81.0,Oscar Piastri,McLaren,7.0,,,,,,,,0 days 00:01:46.785000,20.0
2026,Belgian Grand Prix,FP3,27.0,Nico Hulkenberg,Audi,8.0,,,,,,,,0 days 00:01:46.924000,20.0
2026,Belgian Grand Prix,FP3,5.0,Gabriel Bortoleto,Audi,9.0,,,,,,,,0 days 00:01:47.049000,18.0
2026,Belgian Grand Prix,FP3,6.0,Isack Hadjar,Red Bull Racing,10.0,,,,,,,,0 days 00:01:47.096000,19.0
2026,Belgian Grand Prix,FP3,41.0,Arvid Lindblad,Racing Bulls,11.0,,,,,,,,0 days 00:01:47.176000,23.0
2026,Belgian Grand Prix,FP3,30.0,Liam Lawson,Racing Bulls,12.0,,,,,,,,0 days 00:01:47.294000,23.0
2026,Belgian Grand Prix,FP3,43.0,Franco Colapinto,Alpine,13.0,,,,,,,,0 days 00:01:47.904000,20.0
2026,Belgian Grand Prix,FP3,87.0,Oliver Bearman,Haas F1 Team,14.0,,,,,,,,0 days 00:01:47.920000,23.0
2026,Belgian Grand Prix,FP3,10.0,Pierre Gasly,Alpine,15.0,,,,,,,,0 days 00:01:47.949000,21.0
2026,Belgian Grand Prix,FP3,23.0,Alexander Albon,Williams,16.0,,,,,,,,0 days 00:01:47.990000,19.0
2026,Belgian Grand Prix,FP3,77.0,Valtteri Bottas,Cadillac,17.0,,,,,,,,0 days 00:01:48.644000,22.0
2026,Belgian Grand Prix,FP3,55.0,Carlos Sainz,Williams,18.0,,,,,,,,0 days 00:01:48.692000,20.0
2026,Belgian Grand Prix,FP3,31.0,Esteban Ocon,Haas F1 Team,19.0,,,,,,,,0 days 00:01:48.730000,22.0
2026,Belgian Grand Prix,FP3,11.0,Sergio Perez,Cadillac,20.0,,,,,,,,0 days 00:01:48.990000,21.0
2026,Belgian Grand Prix,FP3,14.0,Fernando Alonso,Aston Martin,21.0,,,,,,,,0 days 00:01:50.155000,17.0
2026,Belgian Grand Prix,FP3,18.0,Lance Stroll,Aston Martin,22.0,,,,,,,,0 days 00:01:50.631000,15.0
2026,Belgian Grand Prix,Q,12.0,Kimi Antonelli,Mercedes,1.0,,,,,0 days 00:01:46.304000,0 days 00:01:45.142000,0 days 00:01:44.361000,,
2026,Belgian Grand Prix,Q,3.0,Max Verstappen,Red Bull Racing,2.0,,,,,0 days 00:01:45.930000,0 days 00:01:45.589000,0 days 00:01:44.678000,,
2026,Belgian Grand Prix,Q,1.0,Lando Norris,McLaren,3.0,,,,,0 days 00:01:45.865000,0 days 00:01:45.454000,0 days 00:01:44.801000,,
2026,Belgian Grand Prix,Q,63.0,George Russell,Mercedes,4.0,,,,,0 days 00:01:46.185000,0 days 00:01:45.689000,0 days 00:01:44.869000,,
2026,Belgian Grand Prix,Q,16.0,Charles Leclerc,Ferrari,5.0,,,,,0 days 00:01:46.278000,0 days 00:01:45.397000,0 days 00:01:44.893000,,
2026,Belgian Grand Prix,Q,44.0,Lewis Hamilton,Ferrari,6.0,,,,,0 days 00:01:46.124000,0 days 00:01:45.543000,0 days 00:01:44.895000,,
2026,Belgian Grand Prix,Q,81.0,Oscar Piastri,McLaren,7.0,,,,,0 days 00:01:46.433000,0 days 00:01:45.671000,0 days 00:01:45.016000,,
2026,Belgian Grand Prix,Q,41.0,Arvid Lindblad,Racing Bulls,8.0,,,,,0 days 00:01:46.191000,0 days 00:01:45.629000,0 days 00:01:45.143000,,
2026,Belgian Grand Prix,Q,5.0,Gabriel Bortoleto,Audi,9.0,,,,,0 days 00:01:46.609000,0 days 00:01:46.082000,0 days 00:01:45.628000,,
2026,Belgian Grand Prix,Q,6.0,Isack Hadjar,Red Bull Racing,10.0,,,,,0 days 00:01:46.062000,0 days 00:01:45.823000,,,
2026,Belgian Grand Prix,Q,30.0,Liam Lawson,Racing Bulls,11.0,,,,,0 days 00:01:46.501000,0 days 00:01:46.120000,,,
2026,Belgian Grand Prix,Q,10.0,Pierre Gasly,Alpine,12.0,,,,,0 days 00:01:46.679000,0 days 00:01:46.331000,,,
2026,Belgian Grand Prix,Q,43.0,Franco Colapinto,Alpine,13.0,,,,,0 days 00:01:46.795000,0 days 00:01:46.392000,,,
2026,Belgian Grand Prix,Q,27.0,Nico Hulkenberg,Audi,14.0,,,,,0 days 00:01:46.893000,0 days 00:01:46.671000,,,
2026,Belgian Grand Prix,Q,55.0,Carlos Sainz,Williams,15.0,,,,,0 days 00:01:47.080000,0 days 00:01:46.777000,,,
2026,Belgian Grand Prix,Q,87.0,Oliver Bearman,Haas F1 Team,16.0,,,,,0 days 00:01:47.113000,0 days 00:01:46.779000,,,
2026,Belgian Grand Prix,Q,23.0,Alexander Albon,Williams,17.0,,,,,0 days 00:01:47.120000,,,,
2026,Belgian Grand Prix,Q,31.0,Esteban Ocon,Haas F1 Team,18.0,,,,,0 days 00:01:47.801000,,,,
2026,Belgian Grand Prix,Q,77.0,Valtteri Bottas,Cadillac,19.0,,,,,0 days 00:01:47.823000,,,,
2026,Belgian Grand Prix,Q,11.0,Sergio Perez,Cadillac,20.0,,,,,0 days 00:01:47.971000,,,,
2026,Belgian Grand Prix,Q,14.0,Fernando Alonso,Aston Martin,21.0,,,,,0 days 00:01:50.002000,,,,
2026,Belgian Grand Prix,Q,18.0,Lance Stroll,Aston Martin,22.0,,,,,0 days 00:01:50.177000,,,,
2026,Belgian Grand Prix,R,12.0,Kimi Antonelli,Mercedes,1.0,1.0,Finished,0 days 02:20:38.598000,25.0,,,,,
2026,Belgian Grand Prix,R,16.0,Charles Leclerc,Ferrari,2.0,4.0,Finished,0 days 02:20:40.613000,18.0,,,,,
2026,Belgian Grand Prix,R,3.0,Max Verstappen,Red Bull Racing,3.0,2.0,Finished,0 days 02:20:50.262000,15.0,,,,,
2026,Belgian Grand Prix,R,44.0,Lewis Hamilton,Ferrari,4.0,5.0,Finished,0 days 02:20:55.914000,12.0,,,,,
2026,Belgian Grand Prix,R,81.0,Oscar Piastri,McLaren,5.0,6.0,Finished,0 days 02:20:57.685000,10.0,,,,,
2026,Belgian Grand Prix,R,6.0,Isack Hadjar,Red Bull Racing,6.0,21.0,Finished,0 days 02:21:01.905000,8.0,,,,,
2026,Belgian Grand Prix,R,1.0,Lando Norris,McLaren,7.0,13.0,Finished,0 days 02:21:02.703000,6.0,,,,,
2026,Belgian Grand Prix,R,5.0,Gabriel Bortoleto,Audi,8.0,8.0,Finished,0 days 02:21:27.860000,4.0,,,,,
2026,Belgian Grand Prix,R,41.0,Arvid Lindblad,Racing Bulls,9.0,7.0,Finished,0 days 02:21:29.164000,2.0,,,,,
2026,Belgian Grand Prix,R,43.0,Franco Colapinto,Alpine,10.0,11.0,Finished,0 days 02:21:54.790000,1.0,,,,,
2026,Belgian Grand Prix,R,10.0,Pierre Gasly,Alpine,11.0,10.0,Finished,0 days 02:21:55.769000,0.0,,,,,
2026,Belgian Grand Prix,R,30.0,Liam Lawson,Racing Bulls,12.0,9.0,Finished,0 days 02:21:56.136000,0.0,,,,,
2026,Belgian Grand Prix,R,27.0,Nico Hulkenberg,Audi,13.0,12.0,Finished,0 days 02:21:57.034000,0.0,,,,,
2026,Belgian Grand Prix,R,87.0,Oliver Bearman,Haas F1 Team,14.0,14.0,Finished,0 days 02:22:13.013000,0.0,,,,,
2026,Belgian Grand Prix,R,23.0,Alexander Albon,Williams,15.0,15.0,Finished,0 days 02:22:23.395000,0.0,,,,,
2026,Belgian Grand Prix,R,55.0,Carlos Sainz,Williams,16.0,19.0,Finished,0 days 02:22:24.550000,0.0,,,,,
2026,Belgian Grand Prix,R,31.0,Esteban Ocon,Haas F1 Team,17.0,16.0,Finished,0 days 02:22:29.574000,0.0,,,,,
2026,Belgian Grand Prix,R,77.0,Valtteri Bottas,Cadillac,18.0,17.0,Lapped,0 days 02:21:39.628000,0.0,,,,,
2026,Belgian Grand Prix,R,14.0,Fernando Alonso,Aston Martin,19.0,22.0,Lapped,0 days 02:20:59.530000,0.0,,,,,
2026,Belgian Grand Prix,R,18.0,Lance Stroll,Aston Martin,20.0,20.0,Retired,0 days 01:47:56.756000,0.0,,,,,
2026,Belgian Grand Prix,R,11.0,Sergio Perez,Cadillac,21.0,18.0,Retired,0 days 01:24:30.436000,0.0,,,,,
2026,Belgian Grand Prix,R,63.0,George Russell,Mercedes,22.0,3.0,Retired,0 days 00:57:57.622000,0.0,,,,,
2026,British Grand Prix,FP1,44.0,Lewis Hamilton,Ferrari,1.0,,,,,,,,0 days 00:01:29.260000,32.0
2026,British Grand Prix,FP1,12.0,Kimi Antonelli,Mercedes,2.0,,,,,,,,0 days 00:01:29.473000,29.0
2026,British Grand Prix,FP1,16.0,Charles Leclerc,Ferrari,3.0,,,,,,,,0 days 00:01:29.859000,31.0
2026,British Grand Prix,FP1,63.0,George Russell,Mercedes,4.0,,,,,,,,0 days 00:01:29.938000,31.0
2026,British Grand Prix,FP1,81.0,Oscar Piastri,McLaren,5.0,,,,,,,,0 days 00:01:30.147000,25.0
2026,British Grand Prix,FP1,3.0,Max Verstappen,Red Bull Racing,6.0,,,,,,,,0 days 00:01:30.240000,27.0
2026,British Grand Prix,FP1,1.0,Lando Norris,McLaren,7.0,,,,,,,,0 days 00:01:30.288000,27.0
2026,British Grand Prix,FP1,6.0,Isack Hadjar,Red Bull Racing,8.0,,,,,,,,0 days 00:01:30.338000,28.0
2026,British Grand Prix,FP1,27.0,Nico Hulkenberg,Audi,9.0,,,,,,,,0 days 00:01:30.743000,29.0
2026,British Grand Prix,FP1,30.0,Liam Lawson,Racing Bulls,10.0,,,,,,,,0 days 00:01:30.850000,28.0
2026,British Grand Prix,FP1,43.0,Franco Colapinto,Alpine,11.0,,,,,,,,0 days 00:01:30.966000,28.0
2026,British Grand Prix,FP1,5.0,Gabriel Bortoleto,Audi,12.0,,,,,,,,0 days 00:01:31.035000,28.0
2026,British Grand Prix,FP1,41.0,Arvid Lindblad,Racing Bulls,13.0,,,,,,,,0 days 00:01:31.339000,32.0
2026,British Grand Prix,FP1,87.0,Oliver Bearman,Haas F1 Team,14.0,,,,,,,,0 days 00:01:31.373000,27.0
2026,British Grand Prix,FP1,31.0,Esteban Ocon,Haas F1 Team,15.0,,,,,,,,0 days 00:01:31.684000,27.0
2026,British Grand Prix,FP1,55.0,Carlos Sainz,Williams,16.0,,,,,,,,0 days 00:01:31.684000,33.0
2026,British Grand Prix,FP1,23.0,Alexander Albon,Williams,17.0,,,,,,,,0 days 00:01:31.697000,30.0
2026,British Grand Prix,FP1,77.0,Valtteri Bottas,Cadillac,18.0,,,,,,,,0 days 00:01:32.150000,22.0
2026,British Grand Prix,FP1,10.0,Pierre Gasly,Alpine,19.0,,,,,,,,0 days 00:01:32.195000,25.0
2026,British Grand Prix,FP1,11.0,Sergio Perez,Cadillac,20.0,,,,,,,,0 days 00:01:32.241000,23.0
2026,British Grand Prix,FP1,14.0,Fernando Alonso,Aston Martin,21.0,,,,,,,,0 days 00:01:32.957000,25.0
2026,British Grand Prix,FP1,18.0,Lance Stroll,Aston Martin,22.0,,,,,,,,0 days 00:01:33.130000,26.0
2026,British Grand Prix,Q,12.0,Kimi Antonelli,Mercedes,1.0,,,,,0 days 00:01:29.719000,0 days 00:01:28.493000,0 days 00:01:28.111000,,
2026,British Grand Prix,Q,16.0,Charles Leclerc,Ferrari,2.0,,,,,0 days 00:01:29.534000,0 days 00:01:28.626000,0 days 00:01:28.286000,,
2026,British Grand Prix,Q,44.0,Lewis Hamilton,Ferrari,3.0,,,,,0 days 00:01:29.644000,0 days 00:01:28.864000,0 days 00:01:28.458000,,
2026,British Grand Prix,Q,63.0,George Russell,Mercedes,4.0,,,,,0 days 00:01:29.985000,0 days 00:01:28.920000,0 days 00:01:28.481000,,
2026,British Grand Prix,Q,6.0,Isack Hadjar,Red Bull Racing,5.0,,,,,0 days 00:01:29.276000,0 days 00:01:29.069000,0 days 00:01:28.746000,,
2026,British Grand Prix,Q,1.0,Lando Norris,McLaren,6.0,,,,,0 days 00:01:30.186000,0 days 00:01:29.383000,0 days 00:01:28.877000,,
2026,British Grand Prix,Q,3.0,Max Verstappen,Red Bull Racing,7.0,,,,,0 days 00:01:29.549000,0 days 00:01:29.113000,0 days 00:01:28.893000,,
2026,British Grand Prix,Q,81.0,Oscar Piastri,McLaren,8.0,,,,,0 days 00:01:29.971000,0 days 00:01:29.218000,0 days 00:01:29.032000,,
2026,British Grand Prix,Q,41.0,Arvid Lindblad,Racing Bulls,9.0,,,,,0 days 00:01:29.661000,0 days 00:01:29.324000,0 days 00:01:29.305000,,
2026,British Grand Prix,Q,30.0,Liam Lawson,Racing Bulls,10.0,,,,,0 days 00:01:29.300000,0 days 00:01:29.429000,0 days 00:01:29.716000,,
2026,British Grand Prix,Q,5.0,Gabriel Bortoleto,Audi,11.0,,,,,0 days 00:01:30.269000,0 days 00:01:29.461000,,,
2026,British Grand Prix,Q,10.0,Pierre Gasly,Alpine,12.0,,,,,0 days 00:01:30.345000,0 days 00:01:30.063000,,,
2026,British Grand Prix,Q,27.0,Nico Hulkenberg,Audi,13.0,,,,,0 days 00:01:29.539000,0 days 00:01:30.076000,,,
2026,British Grand Prix,Q,87.0,Oliver Bearman,Haas F1 Team,14.0,,,,,0 days 00:01:30.570000,0 days 00:01:30.501000,,,
2026,British Grand Prix,Q,55.0,Carlos Sainz,Williams,15.0,,,,,0 days 00:01:30.562000,0 days 00:01:30.623000,,,
2026,British Grand Prix,Q,23.0,Alexander Albon,Williams,16.0,,,,,0 days 00:01:30.638000,0 days 00:01:31.341000,,,
2026,British Grand Prix,Q,31.0,Esteban Ocon,Haas F1 Team,17.0,,,,,0 days 00:01:30.680000,,,,
2026,British Grand Prix,Q,77.0,Valtteri Bottas,Cadillac,18.0,,,,,0 days 00:01:31.227000,,,,
2026,British Grand Prix,Q,43.0,Franco Colapinto,Alpine,19.0,,,,,0 days 00:01:31.321000,,,,
2026,British Grand Prix,Q,11.0,Sergio Perez,Cadillac,20.0,,,,,0 days 00:01:31.451000,,,,
2026,British Grand Prix,Q,18.0,Lance Stroll,Aston Martin,21.0,,,,,0 days 00:01:32.863000,,,,
2026,British Grand Prix,Q,14.0,Fernando Alonso,Aston Martin,22.0,,,,,0 days 00:01:33.025000,,,,
2026,British Grand Prix,Sprint Qualifying,44.0,Lewis Hamilton,Ferrari,1.0,,,,,,,,0 days 00:01:28.376000,14.0
2026,British Grand Prix,Sprint Qualifying,12.0,Kimi Antonelli,Mercedes,2.0,,,,,,,,0 days 00:01:28.387000,15.0
2026,British Grand Prix,Sprint Qualifying,3.0,Max Verstappen,Red Bull Racing,3.0,,,,,,,,0 days 00:01:28.697000,12.0
2026,British Grand Prix,Sprint Qualifying,16.0,Charles Leclerc,Ferrari,4.0,,,,,,,,0 days 00:01:28.703000,14.0
2026,British Grand Prix,Sprint Qualifying,63.0,George Russell,Mercedes,5.0,,,,,,,,0 days 00:01:28.733000,15.0
2026,British Grand Prix,Sprint Qualifying,1.0,Lando Norris,McLaren,6.0,,,,,,,,0 days 00:01:28.740000,15.0
2026,British Grand Prix,Sprint Qualifying,81.0,Oscar Piastri,McLaren,7.0,,,,,,,,0 days 00:01:28.772000,12.0
2026,British Grand Prix,Sprint Qualifying,6.0,Isack Hadjar,Red Bull Racing,8.0,,,,,,,,0 days 00:01:28.835000,14.0
2026,British Grand Prix,Sprint Qualifying,30.0,Liam Lawson,Racing Bulls,9.0,,,,,,,,0 days 00:01:28.927000,12.0
2026,British Grand Prix,Sprint Qualifying,41.0,Arvid Lindblad,Racing Bulls,10.0,,,,,,,,0 days 00:01:29.330000,12.0
2026,British Grand Prix,Sprint Qualifying,10.0,Pierre Gasly,Alpine,11.0,,,,,,,,0 days 00:01:29.482000,9.0
2026,British Grand Prix,Sprint Qualifying,5.0,Gabriel Bortoleto,Audi,12.0,,,,,,,,0 days 00:01:29.679000,12.0
2026,British Grand Prix,Sprint Qualifying,27.0,Nico Hulkenberg,Audi,13.0,,,,,,,,0 days 00:01:29.707000,12.0
2026,British Grand Prix,Sprint Qualifying,43.0,Franco Colapinto,Alpine,14.0,,,,,,,,0 days 00:01:29.983000,9.0
2026,British Grand Prix,Sprint Qualifying,55.0,Carlos Sainz,Williams,15.0,,,,,,,,0 days 00:01:30.197000,12.0
2026,British Grand Prix,Sprint Qualifying,23.0,Alexander Albon,Williams,16.0,,,,,,,,0 days 00:01:30.650000,13.0
2026,British Grand Prix,Sprint Qualifying,87.0,Oliver Bearman,Haas F1 Team,17.0,,,,,,,,0 days 00:01:31.083000,6.0
2026,British Grand Prix,Sprint Qualifying,31.0,Esteban Ocon,Haas F1 Team,18.0,,,,,,,,0 days 00:01:31.714000,6.0
2026,British Grand Prix,Sprint Qualifying,11.0,Sergio Perez,Cadillac,19.0,,,,,,,,0 days 00:01:31.776000,6.0
2026,British Grand Prix,Sprint Qualifying,77.0,Valtteri Bottas,Cadillac,20.0,,,,,,,,0 days 00:01:32.020000,6.0
2026,British Grand Prix,Sprint Qualifying,14.0,Fernando Alonso,Aston Martin,21.0,,,,,,,,0 days 00:01:32.910000,5.0
2026,British Grand Prix,Sprint Qualifying,18.0,Lance Stroll,Aston Martin,22.0,,,,,,,,0 days 00:01:32.988000,5.0
2026,British Grand Prix,Sprint,12.0,Kimi Antonelli,Mercedes,1.0,2.0,Finished,0 days 01:13:45.393000,8.0,,,,,
2026,British Grand Prix,Sprint,44.0,Lewis Hamilton,Ferrari,2.0,1.0,Finished,0 days 01:13:48.138000,7.0,,,,,
2026,British Grand Prix,Sprint,1.0,Lando Norris,McLaren,3.0,6.0,Finished,0 days 01:13:55.176000,6.0,,,,,
2026,British Grand Prix,Sprint,63.0,George Russell,Mercedes,4.0,5.0,Finished,0 days 01:13:56.032000,5.0,,,,,
2026,British Grand Prix,Sprint,16.0,Charles Leclerc,Ferrari,5.0,4.0,Finished,0 days 01:13:58.013000,4.0,,,,,
2026,British Grand Prix,Sprint,3.0,Max Verstappen,Red Bull Racing,6.0,3.0,Finished,0 days 01:14:01.943000,3.0,,,,,
2026,British Grand Prix,Sprint,81.0,Oscar Piastri,McLaren,7.0,7.0,Finished,0 days 01:14:02.944000,2.0,,,,,
2026,British Grand Prix,Sprint,30.0,Liam Lawson,Racing Bulls,8.0,9.0,Finished,0 days 01:14:15.626000,1.0,,,,,
2026,British Grand Prix,Sprint,6.0,Isack Hadjar,Red Bull Racing,9.0,8.0,Finished,0 days 01:14:16.346000,0.0,,,,,
2026,British Grand Prix,Sprint,41.0,Arvid Lindblad,Racing Bulls,10.0,10.0,Finished,0 days 01:14:20.503000,0.0,,,,,
2026,British Grand Prix,Sprint,10.0,Pierre Gasly,Alpine,11.0,11.0,Finished,0 days 01:14:25.666000,0.0,,,,,
2026,British Grand Prix,Sprint,43.0,Franco Colapinto,Alpine,12.0,14.0,Finished,0 days 01:14:26.419000,0.0,,,,,
2026,British Grand Prix,Sprint,5.0,Gabriel Bortoleto,Audi,13.0,12.0,Finished,0 days 01:14:27.892000,0.0,,,,,
2026,British Grand Prix,Sprint,87.0,Oliver Bearman,Haas F1 Team,14.0,16.0,Finished,0 days 01:14:31.177000,0.0,,,,,
2026,British Grand Prix,Sprint,27.0,Nico Hulkenberg,Audi,15.0,13.0,Finished,0 days 01:14:27.073000,0.0,,,,,
2026,British Grand Prix,Sprint,31.0,Esteban Ocon,Haas F1 Team,16.0,17.0,Finished,0 days 01:14:35.203000,0.0,,,,,
2026,British Grand Prix,Sprint,55.0,Carlos Sainz,Williams,17.0,15.0,Finished,0 days 01:14:35.772000,0.0,,,,,
2026,British Grand Prix,Sprint,23.0,Alexander Albon,Williams,18.0,22.0,Finished,0 days 01:14:36.150000,0.0,,,,,
2026,British Grand Prix,Sprint,77.0,Valtteri Bottas,Cadillac,19.0,19.0,Finished,0 days 01:15:00.510000,0.0,,,,,
2026,British Grand Prix,Sprint,14.0,Fernando Alonso,Aston Martin,20.0,20.0,Finished,0 days 01:15:17.265000,0.0,,,,,
2026,British Grand Prix,Sprint,18.0,Lance Stroll,Aston Martin,21.0,21.0,Lapped,0 days 01:14:07.670000,0.0,,,,,
2026,British Grand Prix,Sprint,11.0,Sergio Perez,Cadillac,22.0,18.0,Lapped,0 days 01:14:08.959000,0.0,,,,,
2026,British Grand Prix,R,16.0,Charles Leclerc,Ferrari,1.0,2.0,Finished,0 days 02:22:51.189000,25.0,,,,,
2026,British Grand Prix,R,63.0,George Russell,Mercedes,2.0,4.0,Finished,0 days 02:22:51.588000,18.0,,,,,
2026,British Grand Prix,R,44.0,Lewis Hamilton,Ferrari,3.0,3.0,Finished,0 days 02:22:51.995000,15.0,,,,,
2026,British Grand Prix,R,1.0,Lando Norris,McLaren,4.0,6.0,Finished,0 days 02:22:52.401000,12.0,,,,,
2026,British Grand Prix,R,6.0,Isack Hadjar,Red Bull Racing,5.0,5.0,Finished,0 days 02:22:52.770000,10.0,,,,,
2026,British Grand Prix,R,30.0,Liam Lawson,Racing Bulls,6.0,10.0,Finished,0 days 02:22:53.221000,8.0,,,,,
2026,British Grand Prix,R,41.0,Arvid Lindblad,Racing Bulls,7.0,9.0,Finished,0 days 02:22:53.447000,6.0,,,,,
2026,British Grand Prix,R,5.0,Gabriel Bortoleto,Audi,8.0,11.0,Finished,0 days 02:22:53.600000,4.0,,,,,
2026,British Grand Prix,R,43.0,Franco Colapinto,Alpine,9.0,19.0,Finished,0 days 02:22:54.421000,2.0,,,,,
2026,British Grand Prix,R,10.0,Pierre Gasly,Alpine,10.0,15.0,Finished,0 days 02:22:54.678000,1.0,,,,,
2026,British Grand Prix,R,81.0,Oscar Piastri,McLaren,11.0,8.0,Finished,0 days 02:22:55.195000,0.0,,,,,
2026,British Grand Prix,R,87.0,Oliver Bearman,Haas F1 Team,12.0,13.0,Finished,0 days 02:22:56.378000,0.0,,,,,
2026,British Grand Prix,R,31.0,Esteban Ocon,Haas F1 Team,13.0,17.0,Finished,0 days 02:22:56.645000,0.0,,,,,
2026,British Grand Prix,R,11.0,Sergio Perez,Cadillac,14.0,20.0,Finished,0 days 02:22:58.536000,0.0,,,,,
2026,British Grand Prix,R,12.0,Kimi Antonelli,Mercedes,15.0,1.0,Finished,0 days 02:22:54.257000,0.0,,,,,
2026,British Grand Prix,R,77.0,Valtteri Bottas,Cadillac,16.0,18.0,Finished,0 days 02:22:59.295000,0.0,,,,,
2026,British Grand Prix,R,55.0,Carlos Sainz,Williams,17.0,14.0,Lapped,0 days 02:22:55.566000,0.0,,,,,
2026,British Grand Prix,R,14.0,Fernando Alonso,Aston Martin,18.0,21.0,Lapped,0 days 02:22:56.107000,0.0,,,,,
2026,British Grand Prix,R,18.0,Lance Stroll,Aston Martin,19.0,22.0,Lapped,0 days 02:22:57.928000,0.0,,,,,
2026,British Grand Prix,R,3.0,Max Verstappen,Red Bull Racing,20.0,7.0,Retired,0 days 02:11:26.501000,0.0,,,,,
2026,British Grand Prix,R,23.0,Alexander Albon,Williams,21.0,16.0,Retired,0 days 02:08:47.618000,0.0,,,,,
2026,British Grand Prix,R,27.0,Nico Hulkenberg,Audi,22.0,12.0,Retired,0 days 01:56:49.230000,0.0,,,,,
2026,Canadian Grand Prix,FP1,12.0,Kimi Antonelli,,1.0,,,,,,,,0 days 00:01:13.402000,33.0
2026,Canadian Grand Prix,FP1,63.0,George Russell,,2.0,,,,,,,,0 days 00:01:13.544000,35.0
2026,Canadian Grand Prix,FP1,44.0,Lewis Hamilton,,3.0,,,,,,,,0 days 00:01:14.176000,36.0
2026,Canadian Grand Prix,FP1,16.0,Charles Leclerc,,4.0,,,,,,,,0 days 00:01:14.355000,36.0
2026,Canadian Grand Prix,FP1,3.0,Max Verstappen,,5.0,,,,,,,,0 days 00:01:14.366000,31.0
2026,Canadian Grand Prix,FP1,1.0,Max Verstappen,,6.0,,,,,,,,0 days 00:01:14.799000,32.0
2026,Canadian Grand Prix,FP1,81.0,Oscar Piastri,,7.0,,,,,,,,0 days 00:01:14.963000,32.0
2026,Canadian Grand Prix,FP1,41.0,Arvid Lindblad,,8.0,,,,,,,,0 days 00:01:15.452000,33.0
2026,Canadian Grand Prix,FP1,27.0,Nico Hulkenberg,,9.0,,,,,,,,0 days 00:01:15.698000,28.0
2026,Canadian Grand Prix,FP1,14.0,Fernando Alonso,,10.0,,,,,,,,0 days 00:01:15.863000,31.0
2026,Canadian Grand Prix,FP1,5.0,Gabriel Bortoleto,,11.0,,,,,,,,0 days 00:01:16.214000,33.0
2026,Canadian Grand Prix,FP1,6.0,Isack Hadjar,,12.0,,,,,,,,0 days 00:01:16.253000,29.0
2026,Canadian Grand Prix,FP1,31.0,Esteban Ocon,,13.0,,,,,,,,0 days 00:01:16.497000,32.0
2026,Canadian Grand Prix,FP1,23.0,Alexander Albon,,14.0,,,,,,,,0 days 00:01:16.642000,15.0
2026,Canadian Grand Prix,FP1,55.0,Carlos Sainz,,15.0,,,,,,,,0 days 00:01:16.660000,36.0
2026,Canadian Grand Prix,FP1,10.0,Pierre Gasly,,16.0,,,,,,,,0 days 00:01:16.809000,29.0
2026,Canadian Grand Prix,FP1,18.0,Lance Stroll,,17.0,,,,,,,,0 days 00:01:16.978000,30.0
2026,Canadian Grand Prix,FP1,30.0,Liam Lawson,,18.0,,,,,,,,0 days 00:01:17.431000,5.0
2026,Canadian Grand Prix,FP1,87.0,Oliver Bearman,,19.0,,,,,,,,0 days 00:01:17.770000,26.0
2026,Canadian Grand Prix,FP1,77.0,Valtteri Bottas,,20.0,,,,,,,,0 days 00:01:17.868000,28.0
2026,Canadian Grand Prix,FP1,11.0,Sergio Perez,,21.0,,,,,,,,0 days 00:01:17.926000,28.0
2026,Canadian Grand Prix,FP1,43.0,Franco Colapinto,,22.0,,,,,,,,,1.0
2026,Canadian Grand Prix,Q,63.0,George Russell,Mercedes,1.0,,,,,0 days 00:01:13.953000,0 days 00:01:13.079000,0 days 00:01:12.578000,,
2026,Canadian Grand Prix,Q,12.0,Kimi Antonelli,Mercedes,2.0,,,,,0 days 00:01:13.380000,0 days 00:01:13.076000,0 days 00:01:12.646000,,
2026,Canadian Grand Prix,Q,1.0,Lando Norris,McLaren,3.0,,,,,0 days 00:01:13.503000,0 days 00:01:13.049000,0 days 00:01:12.729000,,
2026,Canadian Grand Prix,Q,81.0,Oscar Piastri,McLaren,4.0,,,,,0 days 00:01:13.559000,0 days 00:01:13.285000,0 days 00:01:12.781000,,
2026,Canadian Grand Prix,Q,44.0,Lewis Hamilton,Ferrari,5.0,,,,,0 days 00:01:13.767000,0 days 00:01:13.041000,0 days 00:01:12.868000,,
2026,Canadian Grand Prix,Q,3.0,Max Verstappen,Red Bull Racing,6.0,,,,,0 days 00:01:14.067000,0 days 00:01:13.479000,0 days 00:01:12.907000,,
2026,Canadian Grand Prix,Q,6.0,Isack Hadjar,Red Bull Racing,7.0,,,,,0 days 00:01:13.654000,0 days 00:01:12.975000,0 days 00:01:12.935000,,
2026,Canadian Grand Prix,Q,16.0,Charles Leclerc,Ferrari,8.0,,,,,0 days 00:01:13.825000,0 days 00:01:13.496000,0 days 00:01:12.976000,,
2026,Canadian Grand Prix,Q,41.0,Arvid Lindblad,Racing Bulls,9.0,,,,,0 days 00:01:13.895000,0 days 00:01:13.548000,0 days 00:01:13.280000,,
2026,Canadian Grand Prix,Q,43.0,Franco Colapinto,Alpine,10.0,,,,,0 days 00:01:14.466000,0 days 00:01:13.857000,0 days 00:01:13.697000,,
2026,Canadian Grand Prix,Q,27.0,Nico Hulkenberg,Audi,11.0,,,,,0 days 00:01:14.562000,0 days 00:01:13.886000,,,
2026,Canadian Grand Prix,Q,30.0,Liam Lawson,Racing Bulls,12.0,,,,,0 days 00:01:14.346000,0 days 00:01:13.897000,,,
2026,Canadian Grand Prix,Q,5.0,Gabriel Bortoleto,Audi,13.0,,,,,0 days 00:01:14.775000,0 days 00:01:14.071000,,,
2026,Canadian Grand Prix,Q,10.0,Pierre Gasly,Alpine,14.0,,,,,0 days 00:01:14.698000,0 days 00:01:14.187000,,,
2026,Canadian Grand Prix,Q,55.0,Carlos Sainz,Williams,15.0,,,,,0 days 00:01:14.276000,0 days 00:01:14.273000,,,
2026,Canadian Grand Prix,Q,87.0,Oliver Bearman,Haas F1 Team,16.0,,,,,0 days 00:01:14.449000,0 days 00:01:14.416000,,,
2026,Canadian Grand Prix,Q,31.0,Esteban Ocon,Haas F1 Team,17.0,,,,,0 days 00:01:14.845000,,,,
2026,Canadian Grand Prix,Q,23.0,Alexander Albon,Williams,18.0,,,,,0 days 00:01:14.851000,,,,
2026,Canadian Grand Prix,Q,14.0,Fernando Alonso,Aston Martin,19.0,,,,,0 days 00:01:15.196000,,,,
2026,Canadian Grand Prix,Q,11.0,Sergio Perez,Cadillac,20.0,,,,,0 days 00:01:15.429000,,,,
2026,Canadian Grand Prix,Q,18.0,Lance Stroll,Aston Martin,21.0,,,,,0 days 00:01:16.195000,,,,
2026,Canadian Grand Prix,Q,77.0,Valtteri Bottas,Cadillac,22.0,,,,,0 days 00:01:16.272000,,,,
2026,Canadian Grand Prix,Sprint Qualifying,63.0,George Russell,Mercedes,1.0,,,,,,,,0 days 00:01:12.965000,19.0
2026,Canadian Grand Prix,Sprint Qualifying,12.0,Kimi Antonelli,Mercedes,2.0,,,,,,,,0 days 00:01:13.033000,16.0
2026,Canadian Grand Prix,Sprint Qualifying,1.0,Lando Norris,McLaren,3.0,,,,,,,,0 days 00:01:13.280000,15.0
2026,Canadian Grand Prix,Sprint Qualifying,81.0,Oscar Piastri,McLaren,4.0,,,,,,,,0 days 00:01:13.299000,15.0
2026,Canadian Grand Prix,Sprint Qualifying,44.0,Lewis Hamilton,Ferrari,5.0,,,,,,,,0 days 00:01:13.326000,23.0
2026,Canadian Grand Prix,Sprint Qualifying,16.0,Charles Leclerc,Ferrari,6.0,,,,,,,,0 days 00:01:13.410000,19.0
2026,Canadian Grand Prix,Sprint Qualifying,3.0,Max Verstappen,Red Bull Racing,7.0,,,,,,,,0 days 00:01:13.504000,15.0
2026,Canadian Grand Prix,Sprint Qualifying,6.0,Isack Hadjar,Red Bull Racing,8.0,,,,,,,,0 days 00:01:13.605000,17.0
2026,Canadian Grand Prix,Sprint Qualifying,41.0,Arvid Lindblad,Racing Bulls,9.0,,,,,,,,0 days 00:01:13.737000,19.0
2026,Canadian Grand Prix,Sprint Qualifying,55.0,Carlos Sainz,Williams,10.0,,,,,,,,0 days 00:01:14.536000,24.0
2026,Canadian Grand Prix,Sprint Qualifying,27.0,Nico Hulkenberg,Audi,11.0,,,,,,,,0 days 00:01:14.595000,14.0
2026,Canadian Grand Prix,Sprint Qualifying,5.0,Gabriel Bortoleto,Audi,12.0,,,,,,,,0 days 00:01:14.627000,14.0
2026,Canadian Grand Prix,Sprint Qualifying,43.0,Franco Colapinto,Alpine,13.0,,,,,,,,0 days 00:01:14.702000,16.0
2026,Canadian Grand Prix,Sprint Qualifying,31.0,Esteban Ocon,Haas F1 Team,14.0,,,,,,,,0 days 00:01:14.928000,17.0
2026,Canadian Grand Prix,Sprint Qualifying,87.0,Oliver Bearman,Haas F1 Team,15.0,,,,,,,,0 days 00:01:15.197000,17.0
2026,Canadian Grand Prix,Sprint Qualifying,14.0,Fernando Alonso,Aston Martin,16.0,,,,,,,,0 days 00:01:15.760000,7.0
2026,Canadian Grand Prix,Sprint Qualifying,11.0,Sergio Perez,Cadillac,17.0,,,,,,,,0 days 00:01:16.002000,8.0
2026,Canadian Grand Prix,Sprint Qualifying,18.0,Lance Stroll,Aston Martin,18.0,,,,,,,,0 days 00:01:16.354000,9.0
2026,Canadian Grand Prix,Sprint Qualifying,10.0,Pierre Gasly,Alpine,19.0,,,,,,,,0 days 00:01:16.642000,8.0
2026,Canadian Grand Prix,Sprint Qualifying,77.0,Valtteri Bottas,Cadillac,20.0,,,,,,,,0 days 00:01:16.866000,8.0
2026,Canadian Grand Prix,Sprint,63.0,George Russell,Mercedes,1.0,1.0,Finished,0 days 01:13:15.821000,8.0,,,,,
2026,Canadian Grand Prix,Sprint,1.0,Lando Norris,McLaren,2.0,3.0,Finished,0 days 01:13:17.093000,7.0,,,,,
2026,Canadian Grand Prix,Sprint,12.0,Kimi Antonelli,Mercedes,3.0,2.0,Finished,0 days 01:13:17.664000,6.0,,,,,
2026,Canadian Grand Prix,Sprint,81.0,Oscar Piastri,McLaren,4.0,4.0,Finished,0 days 01:13:25.618000,5.0,,,,,
2026,Canadian Grand Prix,Sprint,16.0,Charles Leclerc,Ferrari,5.0,6.0,Finished,0 days 01:13:25.750000,4.0,,,,,
2026,Canadian Grand Prix,Sprint,44.0,Lewis Hamilton,Ferrari,6.0,5.0,Finished,0 days 01:13:26.366000,3.0,,,,,
2026,Canadian Grand Prix,Sprint,3.0,Max Verstappen,Red Bull Racing,7.0,7.0,Finished,0 days 01:13:31.756000,2.0,,,,,
2026,Canadian Grand Prix,Sprint,41.0,Arvid Lindblad,Racing Bulls,8.0,9.0,Finished,0 days 01:13:45.531000,1.0,,,,,
2026,Canadian Grand Prix,Sprint,43.0,Franco Colapinto,Alpine,9.0,13.0,Finished,0 days 01:13:47.442000,0.0,,,,,
2026,Canadian Grand Prix,Sprint,55.0,Carlos Sainz,Williams,10.0,10.0,Finished,0 days 01:13:52.614000,0.0,,,,,
2026,Canadian Grand Prix,Sprint,30.0,Liam Lawson,Racing Bulls,11.0,18.0,Finished,0 days 01:14:17.165000,0.0,,,,,
2026,Canadian Grand Prix,Sprint,5.0,Gabriel Bortoleto,Audi,12.0,12.0,Finished,0 days 01:14:17.635000,0.0,,,,,
2026,Canadian Grand Prix,Sprint,31.0,Esteban Ocon,Haas F1 Team,13.0,14.0,Finished,0 days 01:14:20.030000,0.0,,,,,
2026,Canadian Grand Prix,Sprint,11.0,Sergio Perez,Cadillac,14.0,16.0,Finished,0 days 01:14:16.223000,0.0,,,,,
2026,Canadian Grand Prix,Sprint,27.0,Nico Hulkenberg,Audi,15.0,11.0,Finished,0 days 01:14:17.979000,0.0,,,,,
2026,Canadian Grand Prix,Sprint,18.0,Lance Stroll,Aston Martin,16.0,17.0,Lapped,0 days 01:13:28.948000,0.0,,,,,
2026,Canadian Grand Prix,Sprint,77.0,Valtteri Bottas,Cadillac,17.0,21.0,Lapped,0 days 01:13:33.682000,0.0,,,,,
2026,Canadian Grand Prix,Sprint,87.0,Oliver Bearman,Haas F1 Team,18.0,19.0,Lapped,0 days 01:13:39.667000,0.0,,,,,
2026,Canadian Grand Prix,Sprint,23.0,Alexander Albon,Williams,19.0,22.0,Lapped,0 days 01:14:09.314000,0.0,,,,,
2026,Canadian Grand Prix,Sprint,10.0,Pierre Gasly,Alpine,20.0,20.0,Lapped,0 days 01:14:24.298000,0.0,,,,,
2026,Canadian Grand Prix,Sprint,6.0,Isack Hadjar,Red Bull Racing,21.0,8.0,Lapped,0 days 01:13:33.938000,0.0,,,,,
2026,Canadian Grand Prix,Sprint,14.0,Fernando Alonso,Aston Martin,22.0,15.0,Retired,0 days 01:05:58.836000,0.0,,,,,
2026,Canadian Grand Prix,R,12.0,Kimi Antonelli,Mercedes,1.0,2.0,Finished,0 days 02:30:48.302000,25.0,,,,,
2026,Canadian Grand Prix,R,44.0,Lewis Hamilton,Ferrari,2.0,5.0,Finished,0 days 02:30:59.070000,18.0,,,,,
2026,Canadian Grand Prix,R,3.0,Max Verstappen,Red Bull Racing,3.0,6.0,Finished,0 days 02:30:59.578000,15.0,,,,,
2026,Canadian Grand Prix,R,16.0,Charles Leclerc,Ferrari,4.0,8.0,Finished,0 days 02:31:32.453000,12.0,,,,,
2026,Canadian Grand Prix,R,6.0,Isack Hadjar,Red Bull Racing,5.0,7.0,Lapped,0 days 02:30:53.335000,10.0,,,,,
2026,Canadian Grand Prix,R,43.0,Franco Colapinto,Alpine,6.0,10.0,Lapped,0 days 02:31:07.812000,8.0,,,,,
2026,Canadian Grand Prix,R,30.0,Liam Lawson,Racing Bulls,7.0,12.0,Lapped,0 days 02:31:22.537000,6.0,,,,,
2026,Canadian Grand Prix,R,10.0,Pierre Gasly,Alpine,8.0,14.0,Lapped,0 days 02:31:22.874000,4.0,,,,,
2026,Canadian Grand Prix,R,55.0,Carlos Sainz,Williams,9.0,15.0,Lapped,0 days 02:31:46.316000,2.0,,,,,
2026,Canadian Grand Prix,R,87.0,Oliver Bearman,Haas F1 Team,10.0,16.0,Lapped,0 days 02:31:47.351000,1.0,,,,,
2026,Canadian Grand Prix,R,81.0,Oscar Piastri,McLaren,11.0,4.0,Lapped,0 days 02:31:01.001000,0.0,,,,,
2026,Canadian Grand Prix,R,27.0,Nico Hulkenberg,Audi,12.0,11.0,Lapped,0 days 02:31:02.484000,0.0,,,,,
2026,Canadian Grand Prix,R,5.0,Gabriel Bortoleto,Audi,13.0,13.0,Lapped,0 days 02:31:04.458000,0.0,,,,,
2026,Canadian Grand Prix,R,31.0,Esteban Ocon,Haas F1 Team,14.0,17.0,Lapped,0 days 02:31:56.937000,0.0,,,,,
2026,Canadian Grand Prix,R,18.0,Lance Stroll,Aston Martin,15.0,22.0,Lapped,0 days 02:31:06.699000,0.0,,,,,
2026,Canadian Grand Prix,R,77.0,Valtteri Bottas,Cadillac,16.0,21.0,Lapped,0 days 02:31:41.692000,0.0,,,,,
2026,Canadian Grand Prix,R,11.0,Sergio Perez,Cadillac,17.0,20.0,Retired,0 days 01:57:22.618000,0.0,,,,,
2026,Canadian Grand Prix,R,1.0,Lando Norris,McLaren,18.0,3.0,Retired,0 days 01:55:55.765000,0.0,,,,,
2026,Canadian Grand Prix,R,63.0,George Russell,Mercedes,19.0,1.0,Retired,0 days 01:42:13.598000,0.0,,,,,
2026,Canadian Grand Prix,R,14.0,Fernando Alonso,Aston Martin,20.0,19.0,Retired,0 days 01:35:18.616000,0.0,,,,,
2026,Canadian Grand Prix,R,23.0,Alexander Albon,Williams,21.0,18.0,Retired,0 days 01:19:59.197000,0.0,,,,,
2026,Canadian Grand Prix,R,41.0,Arvid Lindblad,Racing Bulls,22.0,9.0,Did not start,,0.0,,,,,
2026,Chinese Grand Prix,FP1,63.0,George Russell,Mercedes,1.0,,,,,,,,0 days 00:01:32.741000,29.0
2026,Chinese Grand Prix,FP1,12.0,Kimi Antonelli,Mercedes,2.0,,,,,,,,0 days 00:01:32.861000,30.0
2026,Chinese Grand Prix,FP1,1.0,Lando Norris,McLaren,3.0,,,,,,,,0 days 00:01:33.296000,29.0
2026,Chinese Grand Prix,FP1,81.0,Oscar Piastri,McLaren,4.0,,,,,,,,0 days 00:01:33.472000,28.0
2026,Chinese Grand Prix,FP1,16.0,Charles Leclerc,Ferrari,5.0,,,,,,,,0 days 00:01:33.599000,28.0
2026,Chinese Grand Prix,FP1,44.0,Lewis Hamilton,Ferrari,6.0,,,,,,,,0 days 00:01:34.129000,26.0
2026,Chinese Grand Prix,FP1,87.0,Oliver Bearman,Haas F1 Team,7.0,,,,,,,,0 days 00:01:34.426000,28.0
2026,Chinese Grand Prix,FP1,3.0,Max Verstappen,Red Bull Racing,8.0,,,,,,,,0 days 00:01:34.541000,24.0
2026,Chinese Grand Prix,FP1,27.0,Nico Hulkenberg,Audi,9.0,,,,,,,,0 days 00:01:34.639000,27.0
2026,Chinese Grand Prix,FP1,10.0,Pierre Gasly,Alpine,10.0,,,,,,,,0 days 00:01:34.676000,28.0
2026,Chinese Grand Prix,FP1,30.0,Liam Lawson,Racing Bulls,11.0,,,,,,,,0 days 00:01:34.773000,29.0
2026,Chinese Grand Prix,FP1,5.0,Gabriel Bortoleto,Audi,12.0,,,,,,,,0 days 00:01:34.828000,26.0
2026,Chinese Grand Prix,FP1,6.0,Isack Hadjar,Red Bull Racing,13.0,,,,,,,,0 days 00:01:34.856000,26.0
2026,Chinese Grand Prix,FP1,31.0,Esteban Ocon,Haas F1 Team,14.0,,,,,,,,0 days 00:01:34.877000,25.0
2026,Chinese Grand Prix,FP1,43.0,Franco Colapinto,Alpine,15.0,,,,,,,,0 days 00:01:34.947000,26.0
2026,Chinese Grand Prix,FP1,23.0,Alexander Albon,Williams,16.0,,,,,,,,0 days 00:01:35.480000,31.0
2026,Chinese Grand Prix,FP1,55.0,Carlos Sainz,Williams,17.0,,,,,,,,0 days 00:01:35.679000,18.0
2026,Chinese Grand Prix,FP1,14.0,Fernando Alonso,Aston Martin,18.0,,,,,,,,0 days 00:01:35.856000,18.0
2026,Chinese Grand Prix,FP1,77.0,Valtteri Bottas,Cadillac,19.0,,,,,,,,0 days 00:01:36.057000,25.0
2026,Chinese Grand Prix,FP1,18.0,Lance Stroll,Aston Martin,20.0,,,,,,,,0 days 00:01:37.224000,20.0
2026,Chinese Grand Prix,FP1,41.0,Arvid Lindblad,Racing Bulls,21.0,,,,,,,,0 days 00:01:37.896000,6.0
2026,Chinese Grand Prix,FP1,11.0,Sergio Perez,Cadillac,22.0,,,,,,,,0 days 00:01:39.200000,13.0
2026,Chinese Grand Prix,Q,12.0,Kimi Antonelli,Mercedes,1.0,,,,,0 days 00:01:33.305000,0 days 00:01:32.443000,0 days 00:01:32.064000,,
2026,Chinese Grand Prix,Q,63.0,George Russell,Mercedes,2.0,,,,,0 days 00:01:33.262000,0 days 00:01:32.523000,0 days 00:01:32.286000,,
2026,Chinese Grand Prix,Q,44.0,Lewis Hamilton,Ferrari,3.0,,,,,0 days 00:01:33.522000,0 days 00:01:32.567000,0 days 00:01:32.415000,,
2026,Chinese Grand Prix,Q,16.0,Charles Leclerc,Ferrari,4.0,,,,,0 days 00:01:33.175000,0 days 00:01:32.486000,0 days 00:01:32.428000,,
2026,Chinese Grand Prix,Q,81.0,Oscar Piastri,McLaren,5.0,,,,,0 days 00:01:33.590000,0 days 00:01:33.130000,0 days 00:01:32.550000,,
2026,Chinese Grand Prix,Q,1.0,Lando Norris,McLaren,6.0,,,,,0 days 00:01:33.535000,0 days 00:01:32.910000,0 days 00:01:32.608000,,
2026,Chinese Grand Prix,Q,10.0,Pierre Gasly,Alpine,7.0,,,,,0 days 00:01:33.788000,0 days 00:01:33.003000,0 days 00:01:32.873000,,
2026,Chinese Grand Prix,Q,3.0,Max Verstappen,Red Bull Racing,8.0,,,,,0 days 00:01:33.417000,0 days 00:01:33.098000,0 days 00:01:33.002000,,
2026,Chinese Grand Prix,Q,6.0,Isack Hadjar,Red Bull Racing,9.0,,,,,0 days 00:01:33.632000,0 days 00:01:33.352000,0 days 00:01:33.121000,,
2026,Chinese Grand Prix,Q,87.0,Oliver Bearman,Haas F1 Team,10.0,,,,,0 days 00:01:33.687000,0 days 00:01:33.197000,0 days 00:01:33.292000,,
2026,Chinese Grand Prix,Q,27.0,Nico Hulkenberg,Audi,11.0,,,,,0 days 00:01:34.116000,0 days 00:01:33.354000,,,
2026,Chinese Grand Prix,Q,43.0,Franco Colapinto,Alpine,12.0,,,,,0 days 00:01:33.634000,0 days 00:01:33.357000,,,
2026,Chinese Grand Prix,Q,31.0,Esteban Ocon,Haas F1 Team,13.0,,,,,0 days 00:01:33.974000,0 days 00:01:33.538000,,,
2026,Chinese Grand Prix,Q,30.0,Liam Lawson,Racing Bulls,14.0,,,,,0 days 00:01:34.139000,0 days 00:01:33.765000,,,
2026,Chinese Grand Prix,Q,41.0,Arvid Lindblad,Racing Bulls,15.0,,,,,0 days 00:01:33.906000,0 days 00:01:33.784000,,,
2026,Chinese Grand Prix,Q,5.0,Gabriel Bortoleto,Audi,16.0,,,,,0 days 00:01:33.549000,0 days 00:01:33.965000,,,
2026,Chinese Grand Prix,Q,55.0,Carlos Sainz,Williams,17.0,,,,,0 days 00:01:34.317000,,,,
2026,Chinese Grand Prix,Q,23.0,Alexander Albon,Williams,18.0,,,,,0 days 00:01:34.772000,,,,
2026,Chinese Grand Prix,Q,14.0,Fernando Alonso,Aston Martin,19.0,,,,,0 days 00:01:35.203000,,,,
2026,Chinese Grand Prix,Q,77.0,Valtteri Bottas,Cadillac,20.0,,,,,0 days 00:01:35.436000,,,,
2026,Chinese Grand Prix,Q,18.0,Lance Stroll,Aston Martin,21.0,,,,,0 days 00:01:35.995000,,,,
2026,Chinese Grand Prix,Q,11.0,Sergio Perez,Cadillac,22.0,,,,,0 days 00:01:36.906000,,,,
2026,Chinese Grand Prix,Sprint Qualifying,63.0,George Russell,Mercedes,1.0,,,,,,,,0 days 00:01:31.520000,13.0
2026,Chinese Grand Prix,Sprint Qualifying,12.0,Kimi Antonelli,Mercedes,2.0,,,,,,,,0 days 00:01:31.809000,13.0
2026,Chinese Grand Prix,Sprint Qualifying,1.0,Lando Norris,McLaren,3.0,,,,,,,,0 days 00:01:32.141000,13.0
2026,Chinese Grand Prix,Sprint Qualifying,44.0,Lewis Hamilton,Ferrari,4.0,,,,,,,,0 days 00:01:32.161000,15.0
2026,Chinese Grand Prix,Sprint Qualifying,81.0,Oscar Piastri,McLaren,5.0,,,,,,,,0 days 00:01:32.224000,13.0
2026,Chinese Grand Prix,Sprint Qualifying,16.0,Charles Leclerc,Ferrari,6.0,,,,,,,,0 days 00:01:32.528000,16.0
2026,Chinese Grand Prix,Sprint Qualifying,10.0,Pierre Gasly,Alpine,7.0,,,,,,,,0 days 00:01:32.888000,15.0
2026,Chinese Grand Prix,Sprint Qualifying,3.0,Max Verstappen,Red Bull Racing,8.0,,,,,,,,0 days 00:01:33.254000,17.0
2026,Chinese Grand Prix,Sprint Qualifying,87.0,Oliver Bearman,Haas F1 Team,9.0,,,,,,,,0 days 00:01:33.409000,16.0
2026,Chinese Grand Prix,Sprint Qualifying,6.0,Isack Hadjar,Red Bull Racing,10.0,,,,,,,,0 days 00:01:33.620000,15.0
2026,Chinese Grand Prix,Sprint Qualifying,27.0,Nico Hulkenberg,Audi,11.0,,,,,,,,0 days 00:01:33.635000,14.0
2026,Chinese Grand Prix,Sprint Qualifying,31.0,Esteban Ocon,Haas F1 Team,12.0,,,,,,,,0 days 00:01:33.639000,13.0
2026,Chinese Grand Prix,Sprint Qualifying,30.0,Liam Lawson,Racing Bulls,13.0,,,,,,,,0 days 00:01:33.714000,13.0
2026,Chinese Grand Prix,Sprint Qualifying,5.0,Gabriel Bortoleto,Audi,14.0,,,,,,,,0 days 00:01:33.774000,14.0
2026,Chinese Grand Prix,Sprint Qualifying,41.0,Arvid Lindblad,Racing Bulls,15.0,,,,,,,,0 days 00:01:34.048000,13.0
2026,Chinese Grand Prix,Sprint Qualifying,43.0,Franco Colapinto,Alpine,16.0,,,,,,,,0 days 00:01:34.327000,12.0
2026,Chinese Grand Prix,Sprint Qualifying,55.0,Carlos Sainz,Williams,17.0,,,,,,,,0 days 00:01:34.761000,6.0
2026,Chinese Grand Prix,Sprint Qualifying,23.0,Alexander Albon,Williams,18.0,,,,,,,,0 days 00:01:35.305000,6.0
2026,Chinese Grand Prix,Sprint Qualifying,14.0,Fernando Alonso,Aston Martin,19.0,,,,,,,,0 days 00:01:35.581000,5.0
2026,Chinese Grand Prix,Sprint Qualifying,18.0,Lance Stroll,Aston Martin,20.0,,,,,,,,0 days 00:01:36.151000,7.0
2026,Chinese Grand Prix,Sprint Qualifying,77.0,Valtteri Bottas,Cadillac,21.0,,,,,,,,0 days 00:01:37.378000,8.0
2026,Chinese Grand Prix,Sprint,63.0,George Russell,Mercedes,1.0,1.0,Finished,0 days 01:20:20.683000,8.0,,,,,
2026,Chinese Grand Prix,Sprint,16.0,Charles Leclerc,Ferrari,2.0,6.0,Finished,0 days 01:20:21.400000,7.0,,,,,
2026,Chinese Grand Prix,Sprint,44.0,Lewis Hamilton,Ferrari,3.0,4.0,Finished,0 days 01:20:23.265000,6.0,,,,,
2026,Chinese Grand Prix,Sprint,1.0,Lando Norris,McLaren,4.0,3.0,Finished,0 days 01:20:25.102000,5.0,,,,,
2026,Chinese Grand Prix,Sprint,12.0,Kimi Antonelli,Mercedes,5.0,2.0,Finished,0 days 01:20:26.524000,4.0,,,,,
2026,Chinese Grand Prix,Sprint,81.0,Oscar Piastri,McLaren,6.0,5.0,Finished,0 days 01:20:27.518000,3.0,,,,,
2026,Chinese Grand Prix,Sprint,30.0,Liam Lawson,Racing Bulls,7.0,13.0,Finished,0 days 01:20:31.579000,2.0,,,,,
2026,Chinese Grand Prix,Sprint,87.0,Oliver Bearman,Haas F1 Team,8.0,9.0,Finished,0 days 01:20:31.950000,1.0,,,,,
2026,Chinese Grand Prix,Sprint,3.0,Max Verstappen,Red Bull Racing,9.0,8.0,Finished,0 days 01:20:32.313000,0.0,,,,,
2026,Chinese Grand Prix,Sprint,31.0,Esteban Ocon,Haas F1 Team,10.0,12.0,Finished,0 days 01:20:34.566000,0.0,,,,,
2026,Chinese Grand Prix,Sprint,10.0,Pierre Gasly,Alpine,11.0,7.0,Finished,0 days 01:20:35.459000,0.0,,,,,
2026,Chinese Grand Prix,Sprint,55.0,Carlos Sainz,Williams,12.0,17.0,Finished,0 days 01:20:36.432000,0.0,,,,,
2026,Chinese Grand Prix,Sprint,5.0,Gabriel Bortoleto,Audi,13.0,14.0,Finished,0 days 01:20:36.499000,0.0,,,,,
2026,Chinese Grand Prix,Sprint,43.0,Franco Colapinto,Alpine,14.0,16.0,Finished,0 days 01:20:37.024000,0.0,,,,,
2026,Chinese Grand Prix,Sprint,6.0,Isack Hadjar,Red Bull Racing,15.0,10.0,Finished,0 days 01:20:37.173000,0.0,,,,,
2026,Chinese Grand Prix,Sprint,23.0,Alexander Albon,Williams,16.0,22.0,Finished,0 days 01:20:40.697000,0.0,,,,,
2026,Chinese Grand Prix,Sprint,14.0,Fernando Alonso,Aston Martin,17.0,18.0,Finished,0 days 01:20:42.278000,0.0,,,,,
2026,Chinese Grand Prix,Sprint,18.0,Lance Stroll,Aston Martin,18.0,19.0,Finished,0 days 01:20:42.682000,0.0,,,,,
2026,Chinese Grand Prix,Sprint,11.0,Sergio Perez,Cadillac,19.0,21.0,Finished,0 days 01:20:43.938000,0.0,,,,,
2026,Chinese Grand Prix,Sprint,27.0,Nico Hulkenberg,Audi,20.0,11.0,Retired,0 days 01:09:17.539000,0.0,,,,,
2026,Chinese Grand Prix,Sprint,77.0,Valtteri Bottas,Cadillac,21.0,20.0,Retired,0 days 01:07:40.633000,0.0,,,,,
2026,Chinese Grand Prix,Sprint,41.0,Arvid Lindblad,Racing Bulls,22.0,15.0,Retired,0 days 01:05:36.965000,0.0,,,,,
2026,Chinese Grand Prix,R,12.0,Kimi Antonelli,Mercedes,1.0,1.0,Finished,0 days 02:29:39.883000,25.0,,,,,
2026,Chinese Grand Prix,R,63.0,George Russell,Mercedes,2.0,2.0,Finished,0 days 02:29:45.487000,18.0,,,,,
2026,Chinese Grand Prix,R,44.0,Lewis Hamilton,Ferrari,3.0,3.0,Finished,0 days 02:30:05.171000,15.0,,,,,
2026,Chinese Grand Prix,R,16.0,Charles Leclerc,Ferrari,4.0,4.0,Finished,0 days 02:30:08.797000,12.0,,,,,
2026,Chinese Grand Prix,R,87.0,Oliver Bearman,Haas F1 Team,5.0,10.0,Finished,0 days 02:30:37.176000,10.0,,,,,
2026,Chinese Grand Prix,R,10.0,Pierre Gasly,Alpine,6.0,7.0,Finished,0 days 02:30:39.589000,8.0,,,,,
2026,Chinese Grand Prix,R,30.0,Liam Lawson,Racing Bulls,7.0,14.0,Finished,0 days 02:31:00.507000,6.0,,,,,
2026,Chinese Grand Prix,R,6.0,Isack Hadjar,Red Bull Racing,8.0,9.0,Finished,0 days 02:31:07.209000,4.0,,,,,
2026,Chinese Grand Prix,R,55.0,Carlos Sainz,Williams,9.0,17.0,Lapped,0 days 02:29:51.592000,2.0,,,,,
2026,Chinese Grand Prix,R,43.0,Franco Colapinto,Alpine,10.0,12.0,Lapped,0 days 02:29:52.382000,1.0,,,,,
2026,Chinese Grand Prix,R,27.0,Nico Hulkenberg,Audi,11.0,11.0,Lapped,0 days 02:30:01.089000,0.0,,,,,
2026,Chinese Grand Prix,R,41.0,Arvid Lindblad,Racing Bulls,12.0,15.0,Lapped,0 days 02:30:02.747000,0.0,,,,,
2026,Chinese Grand Prix,R,77.0,Valtteri Bottas,Cadillac,13.0,19.0,Lapped,0 days 02:30:36.076000,0.0,,,,,
2026,Chinese Grand Prix,R,31.0,Esteban Ocon,Haas F1 Team,14.0,13.0,Lapped,0 days 02:30:46.175000,0.0,,,,,
2026,Chinese Grand Prix,R,11.0,Sergio Perez,Cadillac,15.0,21.0,Lapped,0 days 02:30:54.560000,0.0,,,,,
2026,Chinese Grand Prix,R,3.0,Max Verstappen,Red Bull Racing,16.0,8.0,Retired,0 days 02:13:50.686000,0.0,,,,,
2026,Chinese Grand Prix,R,14.0,Fernando Alonso,Aston Martin,17.0,18.0,Retired,0 days 01:53:03.895000,0.0,,,,,
2026,Chinese Grand Prix,R,18.0,Lance Stroll,Aston Martin,18.0,20.0,Retired,0 days 01:14:14.241000,0.0,,,,,
2026,Chinese Grand Prix,R,81.0,Oscar Piastri,McLaren,19.0,5.0,Did not start,,0.0,,,,,
2026,Chinese Grand Prix,R,1.0,Lando Norris,McLaren,20.0,6.0,Did not start,,0.0,,,,,
2026,Chinese Grand Prix,R,5.0,Gabriel Bortoleto,Audi,21.0,16.0,Did not start,,0.0,,,,,
2026,Chinese Grand Prix,R,23.0,Alexander Albon,Williams,22.0,22.0,Did not start,,0.0,,,,,
2026,Hungarian Grand Prix,FP1,16.0,Charles Leclerc,Ferrari,1.0,,,,,,,,0 days 00:01:19.075000,19.0
2026,Hungarian Grand Prix,FP1,3.0,Max Verstappen,Red Bull Racing,2.0,,,,,,,,0 days 00:01:19.559000,25.0
2026,Hungarian Grand Prix,FP1,44.0,Lewis Hamilton,Ferrari,3.0,,,,,,,,0 days 00:01:19.618000,23.0
2026,Hungarian Grand Prix,FP1,6.0,Isack Hadjar,Red Bull Racing,4.0,,,,,,,,0 days 00:01:19.997000,25.0
2026,Hungarian Grand Prix,FP1,63.0,George Russell,Mercedes,5.0,,,,,,,,0 days 00:01:20.066000,21.0
2026,Hungarian Grand Prix,FP1,5.0,Gabriel Bortoleto,Audi,6.0,,,,,,,,0 days 00:01:20.360000,30.0
2026,Hungarian Grand Prix,FP1,72.0,Frederik Vesti,Mercedes,7.0,,,,,,,,0 days 00:01:20.467000,24.0
2026,Hungarian Grand Prix,FP1,27.0,Nico Hulkenberg,Audi,8.0,,,,,,,,0 days 00:01:20.623000,29.0
2026,Hungarian Grand Prix,FP1,41.0,Arvid Lindblad,Racing Bulls,9.0,,,,,,,,0 days 00:01:20.760000,28.0
2026,Hungarian Grand Prix,FP1,30.0,Liam Lawson,Racing Bulls,10.0,,,,,,,,0 days 00:01:20.866000,28.0
2026,Hungarian Grand Prix,FP1,1.0,Lando Norris,McLaren,11.0,,,,,,,,0 days 00:01:21.024000,26.0
2026,Hungarian Grand Prix,FP1,31.0,Esteban Ocon,Haas F1 Team,12.0,,,,,,,,0 days 00:01:21.051000,24.0
2026,Hungarian Grand Prix,FP1,14.0,Fernando Alonso,Aston Martin,13.0,,,,,,,,0 days 00:01:21.550000,20.0
2026,Hungarian Grand Prix,FP1,10.0,Pierre Gasly,Alpine,14.0,,,,,,,,0 days 00:01:21.704000,29.0
2026,Hungarian Grand Prix,FP1,23.0,Alexander Albon,Williams,15.0,,,,,,,,0 days 00:01:21.819000,28.0
2026,Hungarian Grand Prix,FP1,67.0,Leonardo Fornaroli,McLaren,16.0,,,,,,,,0 days 00:01:21.890000,29.0
2026,Hungarian Grand Prix,FP1,50.0,Ryo Hirakawa,Haas F1 Team,17.0,,,,,,,,0 days 00:01:22.001000,25.0
2026,Hungarian Grand Prix,FP1,11.0,Sergio Perez,Cadillac,18.0,,,,,,,,0 days 00:01:22.089000,22.0
2026,Hungarian Grand Prix,FP1,61.0,Paul Aron,Alpine,19.0,,,,,,,,0 days 00:01:22.168000,28.0
2026,Hungarian Grand Prix,FP1,25.0,Colton Herta,Cadillac,20.0,,,,,,,,0 days 00:01:23.118000,28.0
2026,Hungarian Grand Prix,FP1,18.0,Lance Stroll,Aston Martin,21.0,,,,,,,,0 days 00:01:23.471000,11.0
2026,Hungarian Grand Prix,FP1,55.0,Carlos Sainz,Williams,22.0,,,,,,,,0 days 00:01:23.734000,23.0
2026,Hungarian Grand Prix,FP2,44.0,Lewis Hamilton,Ferrari,1.0,,,,,,,,0 days 00:01:18.729000,26.0
2026,Hungarian Grand Prix,FP2,16.0,Charles Leclerc,Ferrari,2.0,,,,,,,,0 days 00:01:18.877000,30.0
2026,Hungarian Grand Prix,FP2,1.0,Lando Norris,McLaren,3.0,,,,,,,,0 days 00:01:19.228000,30.0
2026,Hungarian Grand Prix,FP2,3.0,Max Verstappen,Red Bull Racing,4.0,,,,,,,,0 days 00:01:19.421000,27.0
2026,Hungarian Grand Prix,FP2,63.0,George Russell,Mercedes,5.0,,,,,,,,0 days 00:01:19.662000,30.0
2026,Hungarian Grand Prix,FP2,6.0,Isack Hadjar,Red Bull Racing,6.0,,,,,,,,0 days 00:01:19.800000,20.0
2026,Hungarian Grand Prix,FP2,30.0,Liam Lawson,Racing Bulls,7.0,,,,,,,,0 days 00:01:20.041000,29.0
2026,Hungarian Grand Prix,FP2,81.0,Oscar Piastri,McLaren,8.0,,,,,,,,0 days 00:01:20.101000,28.0
2026,Hungarian Grand Prix,FP2,27.0,Nico Hulkenberg,Audi,9.0,,,,,,,,0 days 00:01:20.125000,30.0
2026,Hungarian Grand Prix,FP2,41.0,Arvid Lindblad,Racing Bulls,10.0,,,,,,,,0 days 00:01:20.253000,29.0
2026,Hungarian Grand Prix,FP2,5.0,Gabriel Bortoleto,Audi,11.0,,,,,,,,0 days 00:01:20.474000,27.0
2026,Hungarian Grand Prix,FP2,31.0,Esteban Ocon,Haas F1 Team,12.0,,,,,,,,0 days 00:01:20.557000,26.0
2026,Hungarian Grand Prix,FP2,12.0,Kimi Antonelli,Mercedes,13.0,,,,,,,,0 days 00:01:20.693000,30.0
2026,Hungarian Grand Prix,FP2,10.0,Pierre Gasly,Alpine,14.0,,,,,,,,0 days 00:01:20.816000,24.0
2026,Hungarian Grand Prix,FP2,87.0,Oliver Bearman,Haas F1 Team,15.0,,,,,,,,0 days 00:01:20.950000,28.0
2026,Hungarian Grand Prix,FP2,23.0,Alexander Albon,Williams,16.0,,,,,,,,0 days 00:01:20.973000,33.0
2026,Hungarian Grand Prix,FP2,14.0,Fernando Alonso,Aston Martin,17.0,,,,,,,,0 days 00:01:21.348000,24.0
2026,Hungarian Grand Prix,FP2,55.0,Carlos Sainz,Williams,18.0,,,,,,,,0 days 00:01:21.426000,31.0
2026,Hungarian Grand Prix,FP2,77.0,Valtteri Bottas,Cadillac,19.0,,,,,,,,0 days 00:01:21.442000,31.0
2026,Hungarian Grand Prix,FP2,11.0,Sergio Perez,Cadillac,20.0,,,,,,,,0 days 00:01:21.792000,28.0
2026,Hungarian Grand Prix,FP2,43.0,Franco Colapinto,Alpine,21.0,,,,,,,,0 days 00:01:22.105000,11.0
2026,Hungarian Grand Prix,FP3,1.0,Lando Norris,McLaren,1.0,,,,,,,,0 days 00:01:17.939000,20.0
2026,Hungarian Grand Prix,FP3,44.0,Lewis Hamilton,Ferrari,2.0,,,,,,,,0 days 00:01:18.056000,22.0
2026,Hungarian Grand Prix,FP3,12.0,Kimi Antonelli,Mercedes,3.0,,,,,,,,0 days 00:01:18.068000,16.0
2026,Hungarian Grand Prix,FP3,16.0,Charles Leclerc,Ferrari,4.0,,,,,,,,0 days 00:01:18.291000,24.0
2026,Hungarian Grand Prix,FP3,81.0,Oscar Piastri,McLaren,5.0,,,,,,,,0 days 00:01:18.438000,22.0
2026,Hungarian Grand Prix,FP3,63.0,George Russell,Mercedes,6.0,,,,,,,,0 days 00:01:18.541000,18.0
2026,Hungarian Grand Prix,FP3,3.0,Max Verstappen,Red Bull Racing,7.0,,,,,,,,0 days 00:01:18.656000,14.0
2026,Hungarian Grand Prix,FP3,6.0,Isack Hadjar,Red Bull Racing,8.0,,,,,,,,0 days 00:01:18.943000,17.0
2026,Hungarian Grand Prix,FP3,30.0,Liam Lawson,Racing Bulls,9.0,,,,,,,,0 days 00:01:19.088000,23.0
2026,Hungarian Grand Prix,FP3,27.0,Nico Hulkenberg,Audi,10.0,,,,,,,,0 days 00:01:19.160000,24.0
2026,Hungarian Grand Prix,FP3,5.0,Gabriel Bortoleto,Audi,11.0,,,,,,,,0 days 00:01:19.338000,22.0
2026,Hungarian Grand Prix,FP3,10.0,Pierre Gasly,Alpine,12.0,,,,,,,,0 days 00:01:19.723000,20.0
2026,Hungarian Grand Prix,FP3,41.0,Arvid Lindblad,Racing Bulls,13.0,,,,,,,,0 days 00:01:19.895000,6.0
2026,Hungarian Grand Prix,FP3,43.0,Franco Colapinto,Alpine,14.0,,,,,,,,0 days 00:01:20.055000,30.0
2026,Hungarian Grand Prix,FP3,31.0,Esteban Ocon,Haas F1 Team,15.0,,,,,,,,0 days 00:01:20.295000,18.0
2026,Hungarian Grand Prix,FP3,87.0,Oliver Bearman,Haas F1 Team,16.0,,,,,,,,0 days 00:01:20.312000,14.0
2026,Hungarian Grand Prix,FP3,14.0,Fernando Alonso,Aston Martin,17.0,,,,,,,,0 days 00:01:20.393000,17.0
2026,Hungarian Grand Prix,FP3,23.0,Alexander Albon,Williams,18.0,,,,,,,,0 days 00:01:20.623000,13.0
2026,Hungarian Grand Prix,FP3,55.0,Carlos Sainz,Williams,19.0,,,,,,,,0 days 00:01:20.660000,17.0
2026,Hungarian Grand Prix,FP3,18.0,Lance Stroll,Aston Martin,20.0,,,,,,,,0 days 00:01:20.933000,20.0
2026,Hungarian Grand Prix,FP3,77.0,Valtteri Bottas,Cadillac,21.0,,,,,,,,0 days 00:01:21.299000,15.0
2026,Hungarian Grand Prix,Q,1.0,Lando Norris,McLaren,1.0,,,,,0 days 00:01:18.277000,0 days 00:01:17.456000,0 days 00:01:17.207000,,
2026,Hungarian Grand Prix,Q,44.0,Lewis Hamilton,Ferrari,2.0,,,,,0 days 00:01:18.730000,0 days 00:01:17.803000,0 days 00:01:17.219000,,
2026,Hungarian Grand Prix,Q,16.0,Charles Leclerc,Ferrari,3.0,,,,,0 days 00:01:18.984000,0 days 00:01:17.626000,0 days 00:01:17.445000,,
2026,Hungarian Grand Prix,Q,12.0,Kimi Antonelli,Mercedes,4.0,,,,,0 days 00:01:18.726000,0 days 00:01:18.393000,0 days 00:01:17.479000,,
2026,Hungarian Grand Prix,Q,81.0,Oscar Piastri,McLaren,5.0,,,,,0 days 00:01:18.891000,0 days 00:01:17.928000,0 days 00:01:17.684000,,
2026,Hungarian Grand Prix,Q,3.0,Max Verstappen,Red Bull Racing,6.0,,,,,0 days 00:01:18.656000,0 days 00:01:18.249000,0 days 00:01:17.725000,,
2026,Hungarian Grand Prix,Q,63.0,George Russell,Mercedes,7.0,,,,,0 days 00:01:18.856000,0 days 00:01:18.445000,0 days 00:01:17.760000,,
2026,Hungarian Grand Prix,Q,6.0,Isack Hadjar,Red Bull Racing,8.0,,,,,0 days 00:01:18.754000,0 days 00:01:17.872000,0 days 00:01:17.856000,,
2026,Hungarian Grand Prix,Q,41.0,Arvid Lindblad,Racing Bulls,9.0,,,,,0 days 00:01:19.233000,0 days 00:01:18.360000,0 days 00:01:18.281000,,
2026,Hungarian Grand Prix,Q,27.0,Nico Hulkenberg,Audi,10.0,,,,,0 days 00:01:18.796000,0 days 00:01:18.639000,0 days 00:01:18.686000,,
2026,Hungarian Grand Prix,Q,30.0,Liam Lawson,Racing Bulls,11.0,,,,,0 days 00:01:19.161000,0 days 00:01:18.765000,,,
2026,Hungarian Grand Prix,Q,10.0,Pierre Gasly,Alpine,12.0,,,,,0 days 00:01:19.741000,0 days 00:01:18.844000,,,
2026,Hungarian Grand Prix,Q,43.0,Franco Colapinto,Alpine,13.0,,,,,0 days 00:01:19.771000,0 days 00:01:19.027000,,,
2026,Hungarian Grand Prix,Q,5.0,Gabriel Bortoleto,Audi,14.0,,,,,0 days 00:01:19.069000,0 days 00:01:19.105000,,,
2026,Hungarian Grand Prix,Q,31.0,Esteban Ocon,Haas F1 Team,15.0,,,,,0 days 00:01:20.010000,0 days 00:01:19.734000,,,
2026,Hungarian Grand Prix,Q,14.0,Fernando Alonso,Aston Martin,16.0,,,,,0 days 00:01:20.126000,0 days 00:01:19.808000,,,
2026,Hungarian Grand Prix,Q,87.0,Oliver Bearman,Haas F1 Team,17.0,,,,,0 days 00:01:20.233000,,,,
2026,Hungarian Grand Prix,Q,55.0,Carlos Sainz,Williams,18.0,,,,,0 days 00:01:20.621000,,,,
2026,Hungarian Grand Prix,Q,23.0,Alexander Albon,Williams,19.0,,,,,0 days 00:01:20.658000,,,,
2026,Hungarian Grand Prix,Q,18.0,Lance Stroll,Aston Martin,20.0,,,,,0 days 00:01:20.659000,,,,
2026,Hungarian Grand Prix,Q,77.0,Valtteri Bottas,Cadillac,21.0,,,,,0 days 00:01:20.886000,,,,
2026,Hungarian Grand Prix,Q,11.0,Sergio Perez,Cadillac,22.0,,,,,0 days 00:01:21.322000,,,,
2026,Hungarian Grand Prix,R,1.0,Lando Norris,McLaren,1.0,1.0,Finished,0 days 02:34:04.424000,25.0,,,,,
2026,Hungarian Grand Prix,R,3.0,Max Verstappen,Red Bull Racing,2.0,4.0,Finished,0 days 02:34:19.504000,18.0,,,,,
2026,Hungarian Grand Prix,R,12.0,Kimi Antonelli,Mercedes,3.0,7.0,Finished,0 days 02:34:23.152000,15.0,,,,,
2026,Hungarian Grand Prix,R,16.0,Charles Leclerc,Ferrari,4.0,2.0,Finished,0 days 02:34:28.264000,12.0,,,,,
2026,Hungarian Grand Prix,R,44.0,Lewis Hamilton,Ferrari,5.0,5.0,Finished,0 days 02:34:23.964000,10.0,,,,,
2026,Hungarian Grand Prix,R,6.0,Isack Hadjar,Red Bull Racing,6.0,8.0,Finished,0 days 02:34:59.912000,8.0,,,,,
2026,Hungarian Grand Prix,R,63.0,George Russell,Mercedes,7.0,6.0,Finished,0 days 02:35:01.927000,6.0,,,,,
2026,Hungarian Grand Prix,R,30.0,Liam Lawson,Racing Bulls,8.0,11.0,Lapped,0 days 02:34:32.457000,4.0,,,,,
2026,Hungarian Grand Prix,R,27.0,Nico Hulkenberg,Audi,9.0,10.0,Lapped,0 days 02:34:34.806000,2.0,,,,,
2026,Hungarian Grand Prix,R,41.0,Arvid Lindblad,Racing Bulls,10.0,9.0,Lapped,0 days 02:34:55.474000,1.0,,,,,
2026,Hungarian Grand Prix,R,5.0,Gabriel Bortoleto,Audi,11.0,14.0,Lapped,0 days 02:34:56.452000,0.0,,,,,
2026,Hungarian Grand Prix,R,10.0,Pierre Gasly,Alpine,12.0,12.0,Lapped,0 days 02:34:57.853000,0.0,,,,,
2026,Hungarian Grand Prix,R,18.0,Lance Stroll,Aston Martin,13.0,20.0,Lapped,0 days 02:35:08.252000,0.0,,,,,
2026,Hungarian Grand Prix,R,14.0,Fernando Alonso,Aston Martin,14.0,16.0,Lapped,0 days 02:35:10.476000,0.0,,,,,
2026,Hungarian Grand Prix,R,43.0,Franco Colapinto,Alpine,15.0,13.0,Lapped,0 days 02:34:08.300000,0.0,,,,,
2026,Hungarian Grand Prix,R,31.0,Esteban Ocon,Haas F1 Team,16.0,15.0,Lapped,0 days 02:34:17.283000,0.0,,,,,
2026,Hungarian Grand Prix,R,23.0,Alexander Albon,Williams,17.0,19.0,Lapped,0 days 02:34:57.153000,0.0,,,,,
2026,Hungarian Grand Prix,R,55.0,Carlos Sainz,Williams,18.0,18.0,Lapped,0 days 02:34:57.397000,0.0,,,,,
2026,Hungarian Grand Prix,R,87.0,Oliver Bearman,Haas F1 Team,19.0,17.0,Lapped,0 days 02:34:56.622000,0.0,,,,,
2026,Hungarian Grand Prix,R,81.0,Oscar Piastri,McLaren,20.0,3.0,Retired,0 days 02:15:24.377000,0.0,,,,,
2026,Hungarian Grand Prix,R,11.0,Sergio Perez,Cadillac,21.0,22.0,Retired,0 days 02:07:09.186000,0.0,,,,,
2026,Hungarian Grand Prix,R,77.0,Valtteri Bottas,Cadillac,22.0,21.0,Retired,0 days 01:15:52.490000,0.0,,,,,
2026,Japanese Grand Prix,FP1,63.0,George Russell,Mercedes,1.0,,,,,,,,0 days 00:01:31.666000,27.0
2026,Japanese Grand Prix,FP1,12.0,Kimi Antonelli,Mercedes,2.0,,,,,,,,0 days 00:01:31.692000,26.0
2026,Japanese Grand Prix,FP1,1.0,Lando Norris,McLaren,3.0,,,,,,,,0 days 00:01:31.798000,20.0
2026,Japanese Grand Prix,FP1,81.0,Oscar Piastri,McLaren,4.0,,,,,,,,0 days 00:01:31.865000,23.0
2026,Japanese Grand Prix,FP1,16.0,Charles Leclerc,Ferrari,5.0,,,,,,,,0 days 00:01:31.955000,25.0
2026,Japanese Grand Prix,FP1,44.0,Lewis Hamilton,Ferrari,6.0,,,,,,,,0 days 00:01:32.040000,23.0
2026,Japanese Grand Prix,FP1,3.0,Max Verstappen,Red Bull Racing,7.0,,,,,,,,0 days 00:01:32.457000,27.0
2026,Japanese Grand Prix,FP1,30.0,Liam Lawson,Racing Bulls,8.0,,,,,,,,0 days 00:01:32.529000,27.0
2026,Japanese Grand Prix,FP1,31.0,Esteban Ocon,Haas F1 Team,9.0,,,,,,,,0 days 00:01:32.601000,23.0
2026,Japanese Grand Prix,FP1,41.0,Arvid Lindblad,Racing Bulls,10.0,,,,,,,,0 days 00:01:32.665000,29.0
2026,Japanese Grand Prix,FP1,5.0,Gabriel Bortoleto,Audi,11.0,,,,,,,,0 days 00:01:32.759000,27.0
2026,Japanese Grand Prix,FP1,27.0,Nico Hulkenberg,Audi,12.0,,,,,,,,0 days 00:01:32.798000,26.0
2026,Japanese Grand Prix,FP1,6.0,Isack Hadjar,Red Bull Racing,13.0,,,,,,,,0 days 00:01:32.803000,27.0
2026,Japanese Grand Prix,FP1,87.0,Oliver Bearman,Haas F1 Team,14.0,,,,,,,,0 days 00:01:32.900000,27.0
2026,Japanese Grand Prix,FP1,10.0,Pierre Gasly,Alpine,15.0,,,,,,,,0 days 00:01:32.978000,25.0
2026,Japanese Grand Prix,FP1,43.0,Franco Colapinto,Alpine,16.0,,,,,,,,0 days 00:01:33.361000,24.0
2026,Japanese Grand Prix,FP1,55.0,Carlos Sainz,Williams,17.0,,,,,,,,0 days 00:01:33.383000,26.0
2026,Japanese Grand Prix,FP1,23.0,Alexander Albon,Williams,18.0,,,,,,,,0 days 00:01:33.697000,22.0
2026,Japanese Grand Prix,FP1,11.0,Sergio Perez,Cadillac,19.0,,,,,,,,0 days 00:01:34.221000,18.0
2026,Japanese Grand Prix,FP1,77.0,Valtteri Bottas,Cadillac,20.0,,,,,,,,0 days 00:01:34.490000,24.0
2026,Japanese Grand Prix,FP1,18.0,Lance Stroll,Aston Martin,21.0,,,,,,,,0 days 00:01:35.294000,22.0
2026,Japanese Grand Prix,FP1,34.0,Jak Crawford,Aston Martin,22.0,,,,,,,,0 days 00:01:36.362000,11.0
2026,Japanese Grand Prix,FP2,81.0,Oscar Piastri,McLaren,1.0,,,,,,,,0 days 00:01:30.133000,29.0
2026,Japanese Grand Prix,FP2,12.0,Kimi Antonelli,Mercedes,2.0,,,,,,,,0 days 00:01:30.225000,28.0
2026,Japanese Grand Prix,FP2,63.0,George Russell,Mercedes,3.0,,,,,,,,0 days 00:01:30.338000,29.0
2026,Japanese Grand Prix,FP2,1.0,Lando Norris,McLaren,4.0,,,,,,,,0 days 00:01:30.649000,17.0
2026,Japanese Grand Prix,FP2,16.0,Charles Leclerc,Ferrari,5.0,,,,,,,,0 days 00:01:30.846000,28.0
2026,Japanese Grand Prix,FP2,44.0,Lewis Hamilton,Ferrari,6.0,,,,,,,,0 days 00:01:30.980000,27.0
2026,Japanese Grand Prix,FP2,27.0,Nico Hulkenberg,Audi,7.0,,,,,,,,0 days 00:01:31.441000,27.0
2026,Japanese Grand Prix,FP2,23.0,Alexander Albon,Williams,8.0,,,,,,,,0 days 00:01:31.496000,30.0
2026,Japanese Grand Prix,FP2,87.0,Oliver Bearman,Haas F1 Team,9.0,,,,,,,,0 days 00:01:31.498000,28.0
2026,Japanese Grand Prix,FP2,3.0,Max Verstappen,Red Bull Racing,10.0,,,,,,,,0 days 00:01:31.509000,29.0
2026,Japanese Grand Prix,FP2,31.0,Esteban Ocon,Haas F1 Team,11.0,,,,,,,,0 days 00:01:31.532000,30.0
2026,Japanese Grand Prix,FP2,30.0,Liam Lawson,Racing Bulls,12.0,,,,,,,,0 days 00:01:31.590000,30.0
2026,Japanese Grand Prix,FP2,55.0,Carlos Sainz,Williams,13.0,,,,,,,,0 days 00:01:31.608000,30.0
2026,Japanese Grand Prix,FP2,10.0,Pierre Gasly,Alpine,14.0,,,,,,,,0 days 00:01:31.734000,29.0
2026,Japanese Grand Prix,FP2,6.0,Isack Hadjar,Red Bull Racing,15.0,,,,,,,,0 days 00:01:31.759000,29.0
2026,Japanese Grand Prix,FP2,5.0,Gabriel Bortoleto,Audi,16.0,,,,,,,,0 days 00:01:31.933000,11.0
2026,Japanese Grand Prix,FP2,43.0,Franco Colapinto,Alpine,17.0,,,,,,,,0 days 00:01:32.438000,28.0
2026,Japanese Grand Prix,FP2,77.0,Valtteri Bottas,Cadillac,18.0,,,,,,,,0 days 00:01:32.615000,28.0
2026,Japanese Grand Prix,FP2,14.0,Fernando Alonso,Aston Martin,19.0,,,,,,,,0 days 00:01:33.596000,24.0
2026,Japanese Grand Prix,FP2,11.0,Sergio Perez,Cadillac,20.0,,,,,,,,0 days 00:01:33.689000,14.0
2026,Japanese Grand Prix,FP2,18.0,Lance Stroll,Aston Martin,21.0,,,,,,,,0 days 00:01:33.951000,21.0
2026,Japanese Grand Prix,FP2,41.0,Arvid Lindblad,Racing Bulls,22.0,,,,,,,,,1.0
2026,Japanese Grand Prix,FP3,12.0,Kimi Antonelli,Mercedes,1.0,,,,,,,,0 days 00:01:29.362000,18.0
2026,Japanese Grand Prix,FP3,63.0,George Russell,Mercedes,2.0,,,,,,,,0 days 00:01:29.616000,18.0
2026,Japanese Grand Prix,FP3,16.0,Charles Leclerc,Ferrari,3.0,,,,,,,,0 days 00:01:30.229000,20.0
2026,Japanese Grand Prix,FP3,81.0,Oscar Piastri,McLaren,4.0,,,,,,,,0 days 00:01:30.364000,19.0
2026,Japanese Grand Prix,FP3,44.0,Lewis Hamilton,Ferrari,5.0,,,,,,,,0 days 00:01:30.383000,23.0
2026,Japanese Grand Prix,FP3,1.0,Lando Norris,McLaren,6.0,,,,,,,,0 days 00:01:30.600000,13.0
2026,Japanese Grand Prix,FP3,27.0,Nico Hulkenberg,Audi,7.0,,,,,,,,0 days 00:01:30.658000,21.0
2026,Japanese Grand Prix,FP3,3.0,Max Verstappen,Red Bull Racing,8.0,,,,,,,,0 days 00:01:30.910000,22.0
2026,Japanese Grand Prix,FP3,5.0,Gabriel Bortoleto,Audi,9.0,,,,,,,,0 days 00:01:31,21.0
2026,Japanese Grand Prix,FP3,10.0,Pierre Gasly,Alpine,10.0,,,,,,,,0 days 00:01:31.082000,20.0
2026,Japanese Grand Prix,FP3,6.0,Isack Hadjar,Red Bull Racing,11.0,,,,,,,,0 days 00:01:31.094000,21.0
2026,Japanese Grand Prix,FP3,30.0,Liam Lawson,Racing Bulls,12.0,,,,,,,,0 days 00:01:31.097000,21.0
2026,Japanese Grand Prix,FP3,41.0,Arvid Lindblad,Racing Bulls,13.0,,,,,,,,0 days 00:01:31.288000,17.0
2026,Japanese Grand Prix,FP3,31.0,Esteban Ocon,Haas F1 Team,14.0,,,,,,,,0 days 00:01:31.326000,22.0
2026,Japanese Grand Prix,FP3,87.0,Oliver Bearman,Haas F1 Team,15.0,,,,,,,,0 days 00:01:31.558000,18.0
2026,Japanese Grand Prix,FP3,23.0,Alexander Albon,Williams,16.0,,,,,,,,0 days 00:01:31.733000,20.0
2026,Japanese Grand Prix,FP3,43.0,Franco Colapinto,Alpine,17.0,,,,,,,,0 days 00:01:31.759000,25.0
2026,Japanese Grand Prix,FP3,55.0,Carlos Sainz,Williams,18.0,,,,,,,,0 days 00:01:31.829000,26.0
2026,Japanese Grand Prix,FP3,77.0,Valtteri Bottas,Cadillac,19.0,,,,,,,,0 days 00:01:32.503000,20.0
2026,Japanese Grand Prix,FP3,11.0,Sergio Perez,Cadillac,20.0,,,,,,,,0 days 00:01:32.540000,18.0
2026,Japanese Grand Prix,FP3,18.0,Lance Stroll,Aston Martin,21.0,,,,,,,,0 days 00:01:33.485000,19.0
2026,Japanese Grand Prix,FP3,14.0,Fernando Alonso,Aston Martin,22.0,,,,,,,,0 days 00:01:33.529000,14.0
2026,Japanese Grand Prix,Q,12.0,Kimi Antonelli,Mercedes,1.0,,,,,0 days 00:01:30.035000,0 days 00:01:29.048000,0 days 00:01:28.778000,,
2026,Japanese Grand Prix,Q,63.0,George Russell,Mercedes,2.0,,,,,0 days 00:01:29.967000,0 days 00:01:29.686000,0 days 00:01:29.076000,,
2026,Japanese Grand Prix,Q,81.0,Oscar Piastri,McLaren,3.0,,,,,0 days 00:01:30.200000,0 days 00:01:29.451000,0 days 00:01:29.132000,,
2026,Japanese Grand Prix,Q,16.0,Charles Leclerc,Ferrari,4.0,,,,,0 days 00:01:29.915000,0 days 00:01:29.303000,0 days 00:01:29.405000,,
2026,Japanese Grand Prix,Q,1.0,Lando Norris,McLaren,5.0,,,,,0 days 00:01:30.401000,0 days 00:01:29.795000,0 days 00:01:29.409000,,
2026,Japanese Grand Prix,Q,44.0,Lewis Hamilton,Ferrari,6.0,,,,,0 days 00:01:30.309000,0 days 00:01:29.589000,0 days 00:01:29.567000,,
2026,Japanese Grand Prix,Q,10.0,Pierre Gasly,Alpine,7.0,,,,,0 days 00:01:30.584000,0 days 00:01:29.874000,0 days 00:01:29.691000,,
2026,Japanese Grand Prix,Q,6.0,Isack Hadjar,Red Bull Racing,8.0,,,,,0 days 00:01:30.662000,0 days 00:01:30.104000,0 days 00:01:29.978000,,
2026,Japanese Grand Prix,Q,5.0,Gabriel Bortoleto,Audi,9.0,,,,,0 days 00:01:30.359000,0 days 00:01:29.990000,0 days 00:01:30.274000,,
2026,Japanese Grand Prix,Q,41.0,Arvid Lindblad,Racing Bulls,10.0,,,,,0 days 00:01:30.781000,0 days 00:01:30.109000,0 days 00:01:30.319000,,
2026,Japanese Grand Prix,Q,3.0,Max Verstappen,Red Bull Racing,11.0,,,,,0 days 00:01:30.519000,0 days 00:01:30.262000,,,
2026,Japanese Grand Prix,Q,31.0,Esteban Ocon,Haas F1 Team,12.0,,,,,0 days 00:01:30.915000,0 days 00:01:30.309000,,,
2026,Japanese Grand Prix,Q,27.0,Nico Hulkenberg,Audi,13.0,,,,,0 days 00:01:30.358000,0 days 00:01:30.387000,,,
2026,Japanese Grand Prix,Q,30.0,Liam Lawson,Racing Bulls,14.0,,,,,0 days 00:01:30.657000,0 days 00:01:30.495000,,,
2026,Japanese Grand Prix,Q,43.0,Franco Colapinto,Alpine,15.0,,,,,0 days 00:01:30.931000,0 days 00:01:30.627000,,,
2026,Japanese Grand Prix,Q,55.0,Carlos Sainz,Williams,16.0,,,,,0 days 00:01:30.927000,0 days 00:01:31.033000,,,
2026,Japanese Grand Prix,Q,23.0,Alexander Albon,Williams,17.0,,,,,0 days 00:01:31.088000,,,,
2026,Japanese Grand Prix,Q,87.0,Oliver Bearman,Haas F1 Team,18.0,,,,,0 days 00:01:31.090000,,,,
2026,Japanese Grand Prix,Q,11.0,Sergio Perez,Cadillac,19.0,,,,,0 days 00:01:32.206000,,,,
2026,Japanese Grand Prix,Q,77.0,Valtteri Bottas,Cadillac,20.0,,,,,0 days 00:01:32.330000,,,,
2026,Japanese Grand Prix,Q,14.0,Fernando Alonso,Aston Martin,21.0,,,,,0 days 00:01:32.646000,,,,
2026,Japanese Grand Prix,Q,18.0,Lance Stroll,Aston Martin,22.0,,,,,0 days 00:01:32.920000,,,,
2026,Japanese Grand Prix,R,12.0,Kimi Antonelli,Mercedes,1.0,1.0,Finished,0 days 02:31:48.406000,25.0,,,,,
2026,Japanese Grand Prix,R,81.0,Oscar Piastri,McLaren,2.0,3.0,Finished,0 days 02:32:02.086000,18.0,,,,,
2026,Japanese Grand Prix,R,16.0,Charles Leclerc,Ferrari,3.0,4.0,Finished,0 days 02:32:03.613000,15.0,,,,,
2026,Japanese Grand Prix,R,63.0,George Russell,Mercedes,4.0,2.0,Finished,0 days 02:32:04.104000,12.0,,,,,
2026,Japanese Grand Prix,R,1.0,Lando Norris,McLaren,5.0,5.0,Finished,0 days 02:32:11.842000,10.0,,,,,
2026,Japanese Grand Prix,R,44.0,Lewis Hamilton,Ferrari,6.0,6.0,Finished,0 days 02:32:13.436000,8.0,,,,,
2026,Japanese Grand Prix,R,10.0,Pierre Gasly,Alpine,7.0,7.0,Finished,0 days 02:32:20.700000,6.0,,,,,
2026,Japanese Grand Prix,R,3.0,Max Verstappen,Red Bull Racing,8.0,11.0,Finished,0 days 02:32:21.040000,4.0,,,,,
2026,Japanese Grand Prix,R,30.0,Liam Lawson,Racing Bulls,9.0,14.0,Finished,0 days 02:32:38.522000,2.0,,,,,
2026,Japanese Grand Prix,R,31.0,Esteban Ocon,Haas F1 Team,10.0,12.0,Finished,0 days 02:32:39.601000,1.0,,,,,
2026,Japanese Grand Prix,R,27.0,Nico Hulkenberg,Audi,11.0,13.0,Finished,0 days 02:32:40.657000,0.0,,,,,
2026,Japanese Grand Prix,R,6.0,Isack Hadjar,Red Bull Racing,12.0,8.0,Finished,0 days 02:32:44.497000,0.0,,,,,
2026,Japanese Grand Prix,R,5.0,Gabriel Bortoleto,Audi,13.0,9.0,Finished,0 days 02:32:47.487000,0.0,,,,,
2026,Japanese Grand Prix,R,41.0,Arvid Lindblad,Racing Bulls,14.0,10.0,Finished,0 days 02:32:48.208000,0.0,,,,,
2026,Japanese Grand Prix,R,55.0,Carlos Sainz,Williams,15.0,16.0,Finished,0 days 02:32:53.370000,0.0,,,,,
2026,Japanese Grand Prix,R,43.0,Franco Colapinto,Alpine,16.0,15.0,Finished,0 days 02:32:54.127000,0.0,,,,,
2026,Japanese Grand Prix,R,11.0,Sergio Perez,Cadillac,17.0,19.0,Finished,0 days 02:33:20.820000,0.0,,,,,
2026,Japanese Grand Prix,R,14.0,Fernando Alonso,Aston Martin,18.0,21.0,Lapped,0 days 02:32:14.915000,0.0,,,,,
2026,Japanese Grand Prix,R,77.0,Valtteri Bottas,Cadillac,19.0,20.0,Lapped,0 days 02:32:31.031000,0.0,,,,,
2026,Japanese Grand Prix,R,23.0,Alexander Albon,Williams,20.0,17.0,Lapped,0 days 02:31:53.434000,0.0,,,,,
2026,Japanese Grand Prix,R,18.0,Lance Stroll,Aston Martin,21.0,22.0,Retired,0 days 01:56:34.394000,0.0,,,,,
2026,Japanese Grand Prix,R,87.0,Oliver Bearman,Haas F1 Team,22.0,18.0,Retired,0 days 01:38:59.334000,0.0,,,,,
2026,Miami Grand Prix,FP1,16.0,Charles Leclerc,Ferrari,1.0,,,,,,,,0 days 00:01:29.310000,41.0
2026,Miami Grand Prix,FP1,3.0,Max Verstappen,Red Bull Racing,2.0,,,,,,,,0 days 00:01:29.607000,41.0
2026,Miami Grand Prix,FP1,81.0,Oscar Piastri,McLaren,3.0,,,,,,,,0 days 00:01:29.758000,35.0
2026,Miami Grand Prix,FP1,44.0,Lewis Hamilton,Ferrari,4.0,,,,,,,,0 days 00:01:29.777000,35.0
2026,Miami Grand Prix,FP1,12.0,Kimi Antonelli,Mercedes,5.0,,,,,,,,0 days 00:01:30.079000,24.0
2026,Miami Grand Prix,FP1,63.0,George Russell,Mercedes,6.0,,,,,,,,0 days 00:01:30.100000,34.0
2026,Miami Grand Prix,FP1,1.0,Lando Norris,McLaren,7.0,,,,,,,,0 days 00:01:30.208000,35.0
2026,Miami Grand Prix,FP1,10.0,Pierre Gasly,Alpine,8.0,,,,,,,,0 days 00:01:30.587000,34.0
2026,Miami Grand Prix,FP1,6.0,Isack Hadjar,Red Bull Racing,9.0,,,,,,,,0 days 00:01:30.873000,40.0
2026,Miami Grand Prix,FP1,55.0,Carlos Sainz,Williams,10.0,,,,,,,,0 days 00:01:30.930000,37.0
2026,Miami Grand Prix,FP1,43.0,Franco Colapinto,Alpine,11.0,,,,,,,,0 days 00:01:31.015000,33.0
2026,Miami Grand Prix,FP1,23.0,Alexander Albon,Williams,12.0,,,,,,,,0 days 00:01:31.024000,39.0
2026,Miami Grand Prix,FP1,87.0,Oliver Bearman,Haas F1 Team,13.0,,,,,,,,0 days 00:01:31.091000,35.0
2026,Miami Grand Prix,FP1,5.0,Gabriel Bortoleto,Audi,14.0,,,,,,,,0 days 00:01:31.111000,28.0
2026,Miami Grand Prix,FP1,27.0,Nico Hulkenberg,Audi,15.0,,,,,,,,0 days 00:01:31.595000,33.0
2026,Miami Grand Prix,FP1,31.0,Esteban Ocon,Haas F1 Team,16.0,,,,,,,,0 days 00:01:31.635000,36.0
2026,Miami Grand Prix,FP1,30.0,Liam Lawson,Racing Bulls,17.0,,,,,,,,0 days 00:01:31.648000,41.0
2026,Miami Grand Prix,FP1,11.0,Sergio Perez,Cadillac,18.0,,,,,,,,0 days 00:01:32.047000,25.0
2026,Miami Grand Prix,FP1,14.0,Fernando Alonso,Aston Martin,19.0,,,,,,,,0 days 00:01:32.593000,29.0
2026,Miami Grand Prix,FP1,77.0,Valtteri Bottas,Cadillac,20.0,,,,,,,,0 days 00:01:32.762000,33.0
2026,Miami Grand Prix,FP1,41.0,Arvid Lindblad,Racing Bulls,21.0,,,,,,,,0 days 00:01:32.862000,41.0
2026,Miami Grand Prix,FP1,18.0,Lance Stroll,Aston Martin,22.0,,,,,,,,0 days 00:01:32.959000,28.0
2026,Miami Grand Prix,Q,12.0,Kimi Antonelli,Mercedes,1.0,,,,,0 days 00:01:28.653000,0 days 00:01:28.289000,0 days 00:01:27.798000,,
2026,Miami Grand Prix,Q,3.0,Max Verstappen,Red Bull Racing,2.0,,,,,0 days 00:01:29.099000,0 days 00:01:28.116000,0 days 00:01:27.964000,,
2026,Miami Grand Prix,Q,16.0,Charles Leclerc,Ferrari,3.0,,,,,0 days 00:01:28.938000,0 days 00:01:28.315000,0 days 00:01:28.143000,,
2026,Miami Grand Prix,Q,1.0,Lando Norris,McLaren,4.0,,,,,0 days 00:01:29.183000,0 days 00:01:28.920000,0 days 00:01:28.183000,,
2026,Miami Grand Prix,Q,63.0,George Russell,Mercedes,5.0,,,,,0 days 00:01:29.492000,0 days 00:01:28.477000,0 days 00:01:28.197000,,
2026,Miami Grand Prix,Q,44.0,Lewis Hamilton,Ferrari,6.0,,,,,0 days 00:01:29.483000,0 days 00:01:28.477000,0 days 00:01:28.319000,,
2026,Miami Grand Prix,Q,81.0,Oscar Piastri,McLaren,7.0,,,,,0 days 00:01:29.920000,0 days 00:01:28.332000,0 days 00:01:28.500000,,
2026,Miami Grand Prix,Q,43.0,Franco Colapinto,Alpine,8.0,,,,,0 days 00:01:29.584000,0 days 00:01:28.975000,0 days 00:01:28.762000,,
2026,Miami Grand Prix,Q,10.0,Pierre Gasly,Alpine,9.0,,,,,0 days 00:01:29.914000,0 days 00:01:29.070000,0 days 00:01:28.810000,,
2026,Miami Grand Prix,Q,27.0,Nico Hulkenberg,Audi,10.0,,,,,0 days 00:01:29.645000,0 days 00:01:29.439000,,,
2026,Miami Grand Prix,Q,30.0,Liam Lawson,Racing Bulls,11.0,,,,,0 days 00:01:29.595000,0 days 00:01:29.499000,,,
2026,Miami Grand Prix,Q,87.0,Oliver Bearman,Haas F1 Team,12.0,,,,,0 days 00:01:29.340000,0 days 00:01:29.567000,,,
2026,Miami Grand Prix,Q,55.0,Carlos Sainz,Williams,13.0,,,,,0 days 00:01:29.540000,0 days 00:01:29.568000,,,
2026,Miami Grand Prix,Q,31.0,Esteban Ocon,Haas F1 Team,14.0,,,,,0 days 00:01:29.838000,0 days 00:01:29.772000,,,
2026,Miami Grand Prix,Q,23.0,Alexander Albon,Williams,15.0,,,,,0 days 00:01:29.720000,0 days 00:01:29.946000,,,
2026,Miami Grand Prix,Q,41.0,Arvid Lindblad,Racing Bulls,16.0,,,,,0 days 00:01:30.133000,,,,
2026,Miami Grand Prix,Q,14.0,Fernando Alonso,Aston Martin,17.0,,,,,0 days 00:01:31.098000,,,,
2026,Miami Grand Prix,Q,18.0,Lance Stroll,Aston Martin,18.0,,,,,0 days 00:01:31.164000,,,,
2026,Miami Grand Prix,Q,77.0,Valtteri Bottas,Cadillac,19.0,,,,,0 days 00:01:31.629000,,,,
2026,Miami Grand Prix,Q,11.0,Sergio Perez,Cadillac,20.0,,,,,0 days 00:01:31.967000,,,,
2026,Miami Grand Prix,Q,5.0,Gabriel Bortoleto,Audi,21.0,,,,,0 days 00:01:33.737000,,,,
2026,Miami Grand Prix,Q,6.0,Isack Hadjar,Red Bull Racing,22.0,,,,,,,,,
2026,Miami Grand Prix,Sprint Qualifying,1.0,Lando Norris,McLaren,1.0,,,,,,,,0 days 00:01:27.869000,15.0
2026,Miami Grand Prix,Sprint Qualifying,12.0,Kimi Antonelli,Mercedes,2.0,,,,,,,,0 days 00:01:28.091000,14.0
2026,Miami Grand Prix,Sprint Qualifying,81.0,Oscar Piastri,McLaren,3.0,,,,,,,,0 days 00:01:28.108000,11.0
2026,Miami Grand Prix,Sprint Qualifying,16.0,Charles Leclerc,Ferrari,4.0,,,,,,,,0 days 00:01:28.239000,15.0
2026,Miami Grand Prix,Sprint Qualifying,3.0,Max Verstappen,Red Bull Racing,5.0,,,,,,,,0 days 00:01:28.461000,12.0
2026,Miami Grand Prix,Sprint Qualifying,63.0,George Russell,Mercedes,6.0,,,,,,,,0 days 00:01:28.493000,15.0
2026,Miami Grand Prix,Sprint Qualifying,44.0,Lewis Hamilton,Ferrari,7.0,,,,,,,,0 days 00:01:28.618000,15.0
2026,Miami Grand Prix,Sprint Qualifying,43.0,Franco Colapinto,Alpine,8.0,,,,,,,,0 days 00:01:29.320000,15.0
2026,Miami Grand Prix,Sprint Qualifying,6.0,Isack Hadjar,Red Bull Racing,9.0,,,,,,,,0 days 00:01:29.422000,15.0
2026,Miami Grand Prix,Sprint Qualifying,10.0,Pierre Gasly,Alpine,10.0,,,,,,,,0 days 00:01:29.474000,15.0
2026,Miami Grand Prix,Sprint Qualifying,5.0,Gabriel Bortoleto,Audi,11.0,,,,,,,,0 days 00:01:29.994000,12.0
2026,Miami Grand Prix,Sprint Qualifying,27.0,Nico Hulkenberg,Audi,12.0,,,,,,,,0 days 00:01:30.019000,12.0
2026,Miami Grand Prix,Sprint Qualifying,87.0,Oliver Bearman,Haas F1 Team,13.0,,,,,,,,0 days 00:01:30.116000,9.0
2026,Miami Grand Prix,Sprint Qualifying,23.0,Alexander Albon,Williams,14.0,,,,,,,,0 days 00:01:30.216000,12.0
2026,Miami Grand Prix,Sprint Qualifying,55.0,Carlos Sainz,Williams,15.0,,,,,,,,0 days 00:01:30.224000,12.0
2026,Miami Grand Prix,Sprint Qualifying,41.0,Arvid Lindblad,Racing Bulls,16.0,,,,,,,,0 days 00:01:30.573000,9.0
2026,Miami Grand Prix,Sprint Qualifying,30.0,Liam Lawson,Racing Bulls,17.0,,,,,,,,0 days 00:01:31.043000,5.0
2026,Miami Grand Prix,Sprint Qualifying,31.0,Esteban Ocon,Haas F1 Team,18.0,,,,,,,,0 days 00:01:31.245000,6.0
2026,Miami Grand Prix,Sprint Qualifying,11.0,Sergio Perez,Cadillac,19.0,,,,,,,,0 days 00:01:31.255000,3.0
2026,Miami Grand Prix,Sprint Qualifying,77.0,Valtteri Bottas,Cadillac,20.0,,,,,,,,0 days 00:01:31.826000,6.0
2026,Miami Grand Prix,Sprint Qualifying,14.0,Fernando Alonso,Aston Martin,21.0,,,,,,,,0 days 00:01:32.490000,6.0
2026,Miami Grand Prix,Sprint Qualifying,18.0,Lance Stroll,Aston Martin,22.0,,,,,,,,0 days 00:02:01.708000,3.0
2026,Miami Grand Prix,Sprint,1.0,Lando Norris,McLaren,1.0,1.0,Finished,0 days 01:13:26.743000,8.0,,,,,
2026,Miami Grand Prix,Sprint,81.0,Oscar Piastri,McLaren,2.0,3.0,Finished,0 days 01:13:30.509000,7.0,,,,,
2026,Miami Grand Prix,Sprint,16.0,Charles Leclerc,Ferrari,3.0,4.0,Finished,0 days 01:13:32.994000,6.0,,,,,
2026,Miami Grand Prix,Sprint,63.0,George Russell,Mercedes,4.0,6.0,Finished,0 days 01:13:39.694000,5.0,,,,,
2026,Miami Grand Prix,Sprint,3.0,Max Verstappen,Red Bull Racing,5.0,5.0,Finished,0 days 01:13:40.382000,4.0,,,,,
2026,Miami Grand Prix,Sprint,12.0,Kimi Antonelli,Mercedes,6.0,2.0,Finished,0 days 01:13:35.520000,3.0,,,,,
2026,Miami Grand Prix,Sprint,44.0,Lewis Hamilton,Ferrari,7.0,7.0,Finished,0 days 01:13:48.408000,2.0,,,,,
2026,Miami Grand Prix,Sprint,10.0,Pierre Gasly,Alpine,8.0,10.0,Finished,0 days 01:13:57.268000,1.0,,,,,
2026,Miami Grand Prix,Sprint,6.0,Isack Hadjar,Red Bull Racing,9.0,9.0,Finished,0 days 01:14:02.089000,0.0,,,,,
2026,Miami Grand Prix,Sprint,43.0,Franco Colapinto,Alpine,10.0,8.0,Finished,0 days 01:14:03.713000,0.0,,,,,
2026,Miami Grand Prix,Sprint,31.0,Esteban Ocon,Haas F1 Team,11.0,16.0,Finished,0 days 01:14:23.715000,0.0,,,,,
2026,Miami Grand Prix,Sprint,87.0,Oliver Bearman,Haas F1 Team,12.0,13.0,Finished,0 days 01:14:24.108000,0.0,,,,,
2026,Miami Grand Prix,Sprint,55.0,Carlos Sainz,Williams,13.0,14.0,Finished,0 days 01:14:25.247000,0.0,,,,,
2026,Miami Grand Prix,Sprint,30.0,Liam Lawson,Racing Bulls,14.0,15.0,Finished,0 days 01:14:26.101000,0.0,,,,,
2026,Miami Grand Prix,Sprint,14.0,Fernando Alonso,Aston Martin,15.0,20.0,Finished,0 days 01:14:42.810000,0.0,,,,,
2026,Miami Grand Prix,Sprint,11.0,Sergio Perez,Cadillac,16.0,17.0,Finished,0 days 01:14:43.434000,0.0,,,,,
2026,Miami Grand Prix,Sprint,18.0,Lance Stroll,Aston Martin,17.0,21.0,Finished,0 days 01:14:44.369000,0.0,,,,,
2026,Miami Grand Prix,Sprint,23.0,Alexander Albon,Williams,18.0,18.0,Finished,0 days 01:14:54.916000,0.0,,,,,
2026,Miami Grand Prix,Sprint,77.0,Valtteri Bottas,Cadillac,19.0,19.0,Finished,0 days 01:14:56.340000,0.0,,,,,
2026,Miami Grand Prix,Sprint,27.0,Nico Hulkenberg,Audi,20.0,12.0,Did not start,,0.0,,,,,
2026,Miami Grand Prix,Sprint,41.0,Arvid Lindblad,Racing Bulls,21.0,22.0,Did not start,,0.0,,,,,
2026,Miami Grand Prix,Sprint,5.0,Gabriel Bortoleto,Audi,22.0,11.0,Disqualified,0 days 01:14:15.181000,0.0,,,,,
2026,Miami Grand Prix,R,12.0,Kimi Antonelli,Mercedes,1.0,1.0,Finished,0 days 02:30:41.262000,25.0,,,,,
2026,Miami Grand Prix,R,1.0,Lando Norris,McLaren,2.0,4.0,Finished,0 days 02:30:44.499000,18.0,,,,,
2026,Miami Grand Prix,R,81.0,Oscar Piastri,McLaren,3.0,7.0,Finished,0 days 02:31:08.358000,15.0,,,,,
2026,Miami Grand Prix,R,63.0,George Russell,Mercedes,4.0,5.0,Finished,0 days 02:31:24.317000,12.0,,,,,
2026,Miami Grand Prix,R,3.0,Max Verstappen,Red Bull Racing,5.0,2.0,Finished,0 days 02:31:25.215000,10.0,,,,,
2026,Miami Grand Prix,R,44.0,Lewis Hamilton,Ferrari,6.0,6.0,Finished,0 days 02:31:35.019000,8.0,,,,,
2026,Miami Grand Prix,R,43.0,Franco Colapinto,Alpine,7.0,8.0,Finished,0 days 02:31:43.137000,6.0,,,,,
2026,Miami Grand Prix,R,16.0,Charles Leclerc,Ferrari,8.0,3.0,Finished,0 days 02:31:25.480000,4.0,,,,,
2026,Miami Grand Prix,R,55.0,Carlos Sainz,Williams,9.0,13.0,Finished,0 days 02:32:03.338000,2.0,,,,,
2026,Miami Grand Prix,R,23.0,Alexander Albon,Williams,10.0,15.0,Finished,0 days 02:32:12.238000,1.0,,,,,
2026,Miami Grand Prix,R,87.0,Oliver Bearman,Haas F1 Team,11.0,12.0,Lapped,0 days 02:30:47.666000,0.0,,,,,
2026,Miami Grand Prix,R,5.0,Gabriel Bortoleto,Audi,12.0,21.0,Lapped,0 days 02:30:50.619000,0.0,,,,,
2026,Miami Grand Prix,R,31.0,Esteban Ocon,Haas F1 Team,13.0,14.0,Lapped,0 days 02:30:55.139000,0.0,,,,,
2026,Miami Grand Prix,R,41.0,Arvid Lindblad,Racing Bulls,14.0,16.0,Lapped,0 days 02:31:26.047000,0.0,,,,,
2026,Miami Grand Prix,R,14.0,Fernando Alonso,Aston Martin,15.0,17.0,Lapped,0 days 02:31:56.230000,0.0,,,,,
2026,Miami Grand Prix,R,11.0,Sergio Perez,Cadillac,16.0,20.0,Lapped,0 days 02:31:58.779000,0.0,,,,,
2026,Miami Grand Prix,R,18.0,Lance Stroll,Aston Martin,17.0,18.0,Lapped,0 days 02:32:03.897000,0.0,,,,,
2026,Miami Grand Prix,R,77.0,Valtteri Bottas,Cadillac,18.0,19.0,Lapped,0 days 02:31:49.521000,0.0,,,,,
2026,Miami Grand Prix,R,27.0,Nico Hulkenberg,Audi,19.0,10.0,Retired,0 days 01:11:22.019000,0.0,,,,,
2026,Miami Grand Prix,R,30.0,Liam Lawson,Racing Bulls,20.0,11.0,Retired,0 days 01:08:37.851000,0.0,,,,,
2026,Miami Grand Prix,R,10.0,Pierre Gasly,Alpine,21.0,9.0,Retired,0 days 01:06:22.714000,0.0,,,,,
2026,Miami Grand Prix,R,6.0,Isack Hadjar,Red Bull Racing,22.0,22.0,Retired,0 days 01:06:27.709000,0.0,,,,,
2026,Monaco Grand Prix,FP1,16.0,Charles Leclerc,Ferrari,1.0,,,,,,,,0 days 00:01:13.978000,31.0
2026,Monaco Grand Prix,FP1,44.0,Lewis Hamilton,Ferrari,2.0,,,,,,,,0 days 00:01:14.204000,28.0
2026,Monaco Grand Prix,FP1,3.0,Max Verstappen,Red Bull Racing,3.0,,,,,,,,0 days 00:01:14.491000,26.0
2026,Monaco Grand Prix,FP1,12.0,Kimi Antonelli,Mercedes,4.0,,,,,,,,0 days 00:01:14.537000,31.0
2026,Monaco Grand Prix,FP1,63.0,George Russell,Mercedes,5.0,,,,,,,,0 days 00:01:14.983000,29.0
2026,Monaco Grand Prix,FP1,1.0,Lando Norris,McLaren,6.0,,,,,,,,0 days 00:01:15.291000,27.0
2026,Monaco Grand Prix,FP1,27.0,Nico Hulkenberg,Audi,7.0,,,,,,,,0 days 00:01:15.343000,27.0
2026,Monaco Grand Prix,FP1,81.0,Oscar Piastri,McLaren,8.0,,,,,,,,0 days 00:01:15.565000,29.0
2026,Monaco Grand Prix,FP1,5.0,Gabriel Bortoleto,Audi,9.0,,,,,,,,0 days 00:01:15.750000,31.0
2026,Monaco Grand Prix,FP1,10.0,Pierre Gasly,Alpine,10.0,,,,,,,,0 days 00:01:15.828000,32.0
2026,Monaco Grand Prix,FP1,23.0,Alexander Albon,Williams,11.0,,,,,,,,0 days 00:01:15.989000,33.0
2026,Monaco Grand Prix,FP1,55.0,Carlos Sainz,Williams,12.0,,,,,,,,0 days 00:01:16.041000,31.0
2026,Monaco Grand Prix,FP1,6.0,Isack Hadjar,Red Bull Racing,13.0,,,,,,,,0 days 00:01:16.148000,14.0
2026,Monaco Grand Prix,FP1,11.0,Sergio Perez,Cadillac,14.0,,,,,,,,0 days 00:01:16.170000,28.0
2026,Monaco Grand Prix,FP1,43.0,Franco Colapinto,Alpine,15.0,,,,,,,,0 days 00:01:16.189000,32.0
2026,Monaco Grand Prix,FP1,87.0,Oliver Bearman,Haas F1 Team,16.0,,,,,,,,0 days 00:01:16.292000,31.0
2026,Monaco Grand Prix,FP1,31.0,Esteban Ocon,Haas F1 Team,17.0,,,,,,,,0 days 00:01:16.333000,31.0
2026,Monaco Grand Prix,FP1,41.0,Arvid Lindblad,Racing Bulls,18.0,,,,,,,,0 days 00:01:16.389000,34.0
2026,Monaco Grand Prix,FP1,30.0,Liam Lawson,Racing Bulls,19.0,,,,,,,,0 days 00:01:16.431000,31.0
2026,Monaco Grand Prix,FP1,14.0,Fernando Alonso,Aston Martin,20.0,,,,,,,,0 days 00:01:16.678000,21.0
2026,Monaco Grand Prix,FP1,77.0,Valtteri Bottas,Cadillac,21.0,,,,,,,,0 days 00:01:17.460000,27.0
2026,Monaco Grand Prix,FP1,18.0,Lance Stroll,Aston Martin,22.0,,,,,,,,0 days 00:01:17.556000,16.0
2026,Monaco Grand Prix,FP2,44.0,Lewis Hamilton,Ferrari,1.0,,,,,,,,0 days 00:01:13.026000,36.0
2026,Monaco Grand Prix,FP2,16.0,Charles Leclerc,Ferrari,2.0,,,,,,,,0 days 00:01:13.137000,36.0
2026,Monaco Grand Prix,FP2,3.0,Max Verstappen,Red Bull Racing,3.0,,,,,,,,0 days 00:01:13.194000,35.0
2026,Monaco Grand Prix,FP2,63.0,George Russell,Mercedes,4.0,,,,,,,,0 days 00:01:13.405000,35.0
2026,Monaco Grand Prix,FP2,12.0,Kimi Antonelli,Mercedes,5.0,,,,,,,,0 days 00:01:13.529000,35.0
2026,Monaco Grand Prix,FP2,6.0,Isack Hadjar,Red Bull Racing,6.0,,,,,,,,0 days 00:01:14.087000,24.0
2026,Monaco Grand Prix,FP2,81.0,Oscar Piastri,McLaren,7.0,,,,,,,,0 days 00:01:14.088000,31.0
2026,Monaco Grand Prix,FP2,27.0,Nico Hulkenberg,Audi,8.0,,,,,,,,0 days 00:01:14.094000,34.0
2026,Monaco Grand Prix,FP2,5.0,Gabriel Bortoleto,Audi,9.0,,,,,,,,0 days 00:01:14.359000,35.0
2026,Monaco Grand Prix,FP2,87.0,Oliver Bearman,Haas F1 Team,10.0,,,,,,,,0 days 00:01:14.456000,37.0
2026,Monaco Grand Prix,FP2,10.0,Pierre Gasly,Alpine,11.0,,,,,,,,0 days 00:01:14.497000,37.0
2026,Monaco Grand Prix,FP2,55.0,Carlos Sainz,Williams,12.0,,,,,,,,0 days 00:01:14.512000,34.0
2026,Monaco Grand Prix,FP2,23.0,Alexander Albon,Williams,13.0,,,,,,,,0 days 00:01:14.600000,39.0
2026,Monaco Grand Prix,FP2,41.0,Arvid Lindblad,Racing Bulls,14.0,,,,,,,,0 days 00:01:14.748000,37.0
2026,Monaco Grand Prix,FP2,43.0,Franco Colapinto,Alpine,15.0,,,,,,,,0 days 00:01:14.758000,31.0
2026,Monaco Grand Prix,FP2,30.0,Liam Lawson,Racing Bulls,16.0,,,,,,,,0 days 00:01:14.785000,36.0
2026,Monaco Grand Prix,FP2,31.0,Esteban Ocon,Haas F1 Team,17.0,,,,,,,,0 days 00:01:14.845000,35.0
2026,Monaco Grand Prix,FP2,11.0,Sergio Perez,Cadillac,18.0,,,,,,,,0 days 00:01:15.116000,31.0
2026,Monaco Grand Prix,FP2,1.0,Lando Norris,McLaren,19.0,,,,,,,,0 days 00:01:15.274000,8.0
2026,Monaco Grand Prix,FP2,14.0,Fernando Alonso,Aston Martin,20.0,,,,,,,,0 days 00:01:15.294000,30.0
2026,Monaco Grand Prix,FP2,77.0,Valtteri Bottas,Cadillac,21.0,,,,,,,,0 days 00:01:15.759000,28.0
2026,Monaco Grand Prix,FP2,18.0,Lance Stroll,Aston Martin,22.0,,,,,,,,0 days 00:01:16.174000,27.0
2026,Monaco Grand Prix,FP3,12.0,Kimi Antonelli,Mercedes,1.0,,,,,,,,0 days 00:01:12.720000,22.0
2026,Monaco Grand Prix,FP3,16.0,Charles Leclerc,Ferrari,2.0,,,,,,,,0 days 00:01:13.047000,32.0
2026,Monaco Grand Prix,FP3,44.0,Lewis Hamilton,Ferrari,3.0,,,,,,,,0 days 00:01:13.051000,30.0
2026,Monaco Grand Prix,FP3,63.0,George Russell,Mercedes,4.0,,,,,,,,0 days 00:01:13.483000,23.0
2026,Monaco Grand Prix,FP3,3.0,Max Verstappen,Red Bull Racing,5.0,,,,,,,,0 days 00:01:13.662000,23.0
2026,Monaco Grand Prix,FP3,81.0,Oscar Piastri,McLaren,6.0,,,,,,,,0 days 00:01:13.698000,20.0
2026,Monaco Grand Prix,FP3,5.0,Gabriel Bortoleto,Audi,7.0,,,,,,,,0 days 00:01:13.820000,27.0
2026,Monaco Grand Prix,FP3,6.0,Isack Hadjar,Red Bull Racing,8.0,,,,,,,,0 days 00:01:13.877000,25.0
2026,Monaco Grand Prix,FP3,1.0,Lando Norris,McLaren,9.0,,,,,,,,0 days 00:01:14.006000,24.0
2026,Monaco Grand Prix,FP3,27.0,Nico Hulkenberg,Audi,10.0,,,,,,,,0 days 00:01:14.050000,22.0
2026,Monaco Grand Prix,FP3,31.0,Esteban Ocon,Haas F1 Team,11.0,,,,,,,,0 days 00:01:14.278000,24.0
2026,Monaco Grand Prix,FP3,55.0,Carlos Sainz,Williams,12.0,,,,,,,,0 days 00:01:14.336000,26.0
2026,Monaco Grand Prix,FP3,10.0,Pierre Gasly,Alpine,13.0,,,,,,,,0 days 00:01:14.480000,22.0
2026,Monaco Grand Prix,FP3,87.0,Oliver Bearman,Haas F1 Team,14.0,,,,,,,,0 days 00:01:14.487000,18.0
2026,Monaco Grand Prix,FP3,30.0,Liam Lawson,Racing Bulls,15.0,,,,,,,,0 days 00:01:14.587000,27.0
2026,Monaco Grand Prix,FP3,23.0,Alexander Albon,Williams,16.0,,,,,,,,0 days 00:01:14.801000,24.0
2026,Monaco Grand Prix,FP3,41.0,Arvid Lindblad,Racing Bulls,17.0,,,,,,,,0 days 00:01:14.918000,24.0
2026,Monaco Grand Prix,FP3,11.0,Sergio Perez,Cadillac,18.0,,,,,,,,0 days 00:01:14.945000,19.0
2026,Monaco Grand Prix,FP3,43.0,Franco Colapinto,Alpine,19.0,,,,,,,,0 days 00:01:15.179000,21.0
2026,Monaco Grand Prix,FP3,77.0,Valtteri Bottas,Cadillac,20.0,,,,,,,,0 days 00:01:15.451000,17.0
2026,Monaco Grand Prix,FP3,14.0,Fernando Alonso,Aston Martin,21.0,,,,,,,,0 days 00:01:15.567000,26.0
2026,Monaco Grand Prix,FP3,18.0,Lance Stroll,Aston Martin,22.0,,,,,,,,0 days 00:01:15.921000,22.0
2026,Monaco Grand Prix,Q,12.0,Kimi Antonelli,Mercedes,1.0,,,,,0 days 00:01:13.599000,0 days 00:01:12.704000,0 days 00:01:12.051000,,
2026,Monaco Grand Prix,Q,3.0,Max Verstappen,Red Bull Racing,2.0,,,,,0 days 00:01:13.490000,0 days 00:01:12.499000,0 days 00:01:12.094000,,
2026,Monaco Grand Prix,Q,44.0,Lewis Hamilton,Ferrari,3.0,,,,,0 days 00:01:13.777000,0 days 00:01:12.934000,0 days 00:01:12.279000,,
2026,Monaco Grand Prix,Q,16.0,Charles Leclerc,Ferrari,4.0,,,,,0 days 00:01:13.293000,0 days 00:01:12.774000,0 days 00:01:12.351000,,
2026,Monaco Grand Prix,Q,6.0,Isack Hadjar,Red Bull Racing,5.0,,,,,0 days 00:01:14.408000,0 days 00:01:12.722000,0 days 00:01:12.434000,,
2026,Monaco Grand Prix,Q,63.0,George Russell,Mercedes,6.0,,,,,0 days 00:01:14.214000,0 days 00:01:13.238000,0 days 00:01:12.445000,,
2026,Monaco Grand Prix,Q,81.0,Oscar Piastri,McLaren,7.0,,,,,0 days 00:01:14.159000,0 days 00:01:12.983000,0 days 00:01:12.624000,,
2026,Monaco Grand Prix,Q,1.0,Lando Norris,McLaren,8.0,,,,,0 days 00:01:13.630000,0 days 00:01:12.919000,0 days 00:01:12.765000,,
2026,Monaco Grand Prix,Q,10.0,Pierre Gasly,Alpine,9.0,,,,,0 days 00:01:14.469000,0 days 00:01:13.762000,0 days 00:01:13.226000,,
2026,Monaco Grand Prix,Q,30.0,Liam Lawson,Racing Bulls,10.0,,,,,0 days 00:01:14.498000,0 days 00:01:13.471000,0 days 00:01:13.412000,,
2026,Monaco Grand Prix,Q,23.0,Alexander Albon,Williams,11.0,,,,,0 days 00:01:14.321000,0 days 00:01:13.787000,,,
2026,Monaco Grand Prix,Q,55.0,Carlos Sainz,Williams,12.0,,,,,0 days 00:01:14.348000,0 days 00:01:13.815000,,,
2026,Monaco Grand Prix,Q,27.0,Nico Hulkenberg,Audi,13.0,,,,,0 days 00:01:13.923000,0 days 00:01:13.902000,,,
2026,Monaco Grand Prix,Q,43.0,Franco Colapinto,Alpine,14.0,,,,,0 days 00:01:14.573000,0 days 00:01:13.995000,,,
2026,Monaco Grand Prix,Q,41.0,Arvid Lindblad,Racing Bulls,15.0,,,,,0 days 00:01:14.685000,0 days 00:01:14.248000,,,
2026,Monaco Grand Prix,Q,5.0,Gabriel Bortoleto,Audi,16.0,,,,,0 days 00:01:14.683000,,,,
2026,Monaco Grand Prix,Q,31.0,Esteban Ocon,Haas F1 Team,17.0,,,,,0 days 00:01:14.722000,,,,
2026,Monaco Grand Prix,Q,11.0,Sergio Perez,Cadillac,18.0,,,,,0 days 00:01:14.747000,,,,
2026,Monaco Grand Prix,Q,87.0,Oliver Bearman,Haas F1 Team,19.0,,,,,0 days 00:01:14.814000,,,,
2026,Monaco Grand Prix,Q,77.0,Valtteri Bottas,Cadillac,20.0,,,,,0 days 00:01:15.283000,,,,
2026,Monaco Grand Prix,Q,14.0,Fernando Alonso,Aston Martin,21.0,,,,,0 days 00:01:15.349000,,,,
2026,Monaco Grand Prix,Q,18.0,Lance Stroll,Aston Martin,22.0,,,,,0 days 00:01:16.061000,,,,
2026,Monaco Grand Prix,R,12.0,Kimi Antonelli,Mercedes,1.0,1.0,Finished,0 days 03:18:51.182000,25.0,,,,,
2026,Monaco Grand Prix,R,44.0,Lewis Hamilton,Ferrari,2.0,3.0,Finished,0 days 03:18:57.470000,18.0,,,,,
2026,Monaco Grand Prix,R,10.0,Pierre Gasly,Alpine,3.0,9.0,Finished,0 days 03:19:11.487000,15.0,,,,,
2026,Monaco Grand Prix,R,6.0,Isack Hadjar,Red Bull Racing,4.0,5.0,Finished,0 days 03:19:14.604000,12.0,,,,,
2026,Monaco Grand Prix,R,81.0,Oscar Piastri,McLaren,5.0,7.0,Finished,0 days 03:19:15.390000,10.0,,,,,
2026,Monaco Grand Prix,R,30.0,Liam Lawson,Racing Bulls,6.0,10.0,Finished,0 days 03:19:17.705000,8.0,,,,,
2026,Monaco Grand Prix,R,41.0,Arvid Lindblad,Racing Bulls,7.0,15.0,Finished,0 days 03:19:20.123000,6.0,,,,,
2026,Monaco Grand Prix,R,23.0,Alexander Albon,Williams,8.0,11.0,Finished,0 days 03:19:24.576000,4.0,,,,,
2026,Monaco Grand Prix,R,31.0,Esteban Ocon,Haas F1 Team,9.0,17.0,Finished,0 days 03:19:28.314000,2.0,,,,,
2026,Monaco Grand Prix,R,14.0,Fernando Alonso,Aston Martin,10.0,21.0,Finished,0 days 03:19:33.014000,1.0,,,,,
2026,Monaco Grand Prix,R,5.0,Gabriel Bortoleto,Audi,11.0,16.0,Finished,0 days 03:19:33.885000,0.0,,,,,
2026,Monaco Grand Prix,R,63.0,George Russell,Mercedes,12.0,6.0,Finished,0 days 03:19:34.510000,0.0,,,,,
2026,Monaco Grand Prix,R,27.0,Nico Hulkenberg,Audi,13.0,13.0,Finished,0 days 03:19:25.216000,0.0,,,,,
2026,Monaco Grand Prix,R,43.0,Franco Colapinto,Alpine,14.0,14.0,Finished,0 days 03:19:35.129000,0.0,,,,,
2026,Monaco Grand Prix,R,11.0,Sergio Perez,Cadillac,15.0,18.0,Finished,0 days 03:19:30.337000,0.0,,,,,
2026,Monaco Grand Prix,R,55.0,Carlos Sainz,Williams,16.0,12.0,Retired,0 days 03:11:22.821000,0.0,,,,,
2026,Monaco Grand Prix,R,16.0,Charles Leclerc,Ferrari,17.0,4.0,Retired,0 days 02:27:14.713000,0.0,,,,,
2026,Monaco Grand Prix,R,18.0,Lance Stroll,Aston Martin,18.0,22.0,Retired,0 days 02:27:14.713000,0.0,,,,,
2026,Monaco Grand Prix,R,1.0,Lando Norris,McLaren,19.0,8.0,Retired,0 days 01:53:14.519000,0.0,,,,,
2026,Monaco Grand Prix,R,87.0,Oliver Bearman,Haas F1 Team,20.0,19.0,Retired,0 days 01:33:35.421000,0.0,,,,,
2026,Monaco Grand Prix,R,77.0,Valtteri Bottas,Cadillac,21.0,20.0,Retired,0 days 01:17:40.643000,0.0,,,,,
2026,Monaco Grand Prix,R,3.0,Max Verstappen,Red Bull Racing,22.0,2.0,Retired,0 days 00:56:42.391000,0.0,,,,,
2026,Dutch Grand Prix,Q,1.0,Lando Norris,McLaren,1.0,,,,,0 days 00:01:12.695000,0 days 00:01:11.628000,0 days 00:01:11.163000,,
2026,Dutch Grand Prix,Q,63.0,George Russell,Mercedes,2.0,,,,,0 days 00:01:12.924000,0 days 00:01:11.959000,0 days 00:01:11.265000,,
2026,Dutch Grand Prix,Q,12.0,Kimi Antonelli,Mercedes,3.0,,,,,0 days 00:01:13.022000,0 days 00:01:11.915000,0 days 00:01:11.296000,,
2026,Dutch Grand Prix,Q,81.0,Oscar Piastri,McLaren,4.0,,,,,0 days 00:01:12.610000,0 days 00:01:11.641000,0 days 00:01:11.305000,,
2026,Dutch Grand Prix,Q,44.0,Lewis Hamilton,Ferrari,5.0,,,,,0 days 00:01:12.673000,0 days 00:01:11.970000,0 days 00:01:11.494000,,
2026,Dutch Grand Prix,Q,16.0,Charles Leclerc,Ferrari,6.0,,,,,0 days 00:01:13.064000,0 days 00:01:11.910000,0 days 00:01:11.558000,,
2026,Dutch Grand Prix,Q,3.0,Max Verstappen,Red Bull,7.0,,,,,0 days 00:01:13.290000,0 days 00:01:11.874000,0 days 00:01:11.618000,,
2026,Dutch Grand Prix,Q,30.0,Liam Lawson,Red Bull,8.0,,,,,0 days 00:01:13.392000,0 days 00:01:12.301000,0 days 00:01:11.733000,,
2026,Dutch Grand Prix,Q,5.0,Gabriel Bortoleto,Audi,9.0,,,,,0 days 00:01:13.142000,0 days 00:01:12.433000,0 days 00:01:12.079000,,
2026,Dutch Grand Prix,Q,41.0,Arvid Lindblad,RB F1 Team,10.0,,,,,0 days 00:01:13.074000,0 days 00:01:12.525000,0 days 00:01:12.185000,,
2026,Dutch Grand Prix,Q,10.0,Pierre Gasly,Alpine F1 Team,11.0,,,,,0 days 00:01:13.115000,0 days 00:01:12.616000,,,
2026,Dutch Grand Prix,Q,22.0,Yuki Tsunoda,RB F1 Team,12.0,,,,,0 days 00:01:13.085000,0 days 00:01:12.627000,,,
2026,Dutch Grand Prix,Q,27.0,Nico Hulkenberg,Audi,13.0,,,,,0 days 00:01:13.188000,0 days 00:01:12.797000,,,
2026,Dutch Grand Prix,Q,43.0,Franco Colapinto,Alpine F1 Team,14.0,,,,,0 days 00:01:13.322000,0 days 00:01:12.800000,,,
2026,Dutch Grand Prix,Q,31.0,Esteban Ocon,Haas F1 Team,15.0,,,,,0 days 00:01:13.544000,0 days 00:01:13.137000,,,
2026,Dutch Grand Prix,Q,23.0,Alexander Albon,Williams,16.0,,,,,0 days 00:01:13.552000,0 days 00:01:13.182000,,,
2026,Dutch Grand Prix,Q,55.0,Carlos Sainz,Williams,17.0,,,,,0 days 00:01:13.574000,,,,
2026,Dutch Grand Prix,Q,14.0,Fernando Alonso,Aston Martin,18.0,,,,,0 days 00:01:13.650000,,,,
2026,Dutch Grand Prix,Q,18.0,Lance Stroll,Aston Martin,19.0,,,,,0 days 00:01:13.818000,,,,
2026,Dutch Grand Prix,Q,87.0,Oliver Bearman,Haas F1 Team,20.0,,,,,0 days 00:01:13.826000,,,,
2026,Dutch Grand Prix,Q,77.0,Valtteri Bottas,Cadillac F1 Team,21.0,,,,,0 days 00:01:14.371000,,,,
2026,Dutch Grand Prix,Q,11.0,Sergio Perez,Cadillac F1 Team,22.0,,,,,0 days 00:01:14.600000,,,,
2026,Dutch Grand Prix,Sprint,63.0,George Russell,Mercedes,1.0,1.0,Finished,0 days 01:15:32.070000,8.0,,,,,
2026,Dutch Grand Prix,Sprint,16.0,Charles Leclerc,Ferrari,2.0,3.0,Finished,0 days 01:15:33.430000,7.0,,,,,
2026,Dutch Grand Prix,Sprint,1.0,Lando Norris,McLaren,3.0,2.0,Finished,0 days 01:15:37.266000,6.0,,,,,
2026,Dutch Grand Prix,Sprint,12.0,Kimi Antonelli,Mercedes,4.0,5.0,Finished,0 days 01:15:37.651000,5.0,,,,,
2026,Dutch Grand Prix,Sprint,81.0,Oscar Piastri,McLaren,5.0,4.0,Finished,0 days 01:15:42.255000,4.0,,,,,
2026,Dutch Grand Prix,Sprint,3.0,Max Verstappen,Red Bull,6.0,6.0,Finished,0 days 01:15:42.599000,3.0,,,,,
2026,Dutch Grand Prix,Sprint,44.0,Lewis Hamilton,Ferrari,7.0,7.0,Finished,0 days 01:15:44.258000,2.0,,,,,
2026,Dutch Grand Prix,Sprint,10.0,Pierre Gasly,Alpine F1 Team,8.0,8.0,Finished,0 days 01:16:14.580000,1.0,,,,,
2026,Dutch Grand Prix,Sprint,5.0,Gabriel Bortoleto,Audi,9.0,9.0,Finished,0 days 01:16:16.507000,0.0,,,,,
2026,Dutch Grand Prix,Sprint,41.0,Arvid Lindblad,RB F1 Team,10.0,10.0,Finished,0 days 01:16:17.041000,0.0,,,,,
2026,Dutch Grand Prix,Sprint,30.0,Liam Lawson,Red Bull,11.0,11.0,Finished,0 days 01:16:19.541000,0.0,,,,,
2026,Dutch Grand Prix,Sprint,43.0,Franco Colapinto,Alpine F1 Team,12.0,13.0,Finished,0 days 01:16:26.536000,0.0,,,,,
2026,Dutch Grand Prix,Sprint,22.0,Yuki Tsunoda,RB F1 Team,13.0,12.0,Finished,0 days 01:16:28.553000,0.0,,,,,
2026,Dutch Grand Prix,Sprint,31.0,Esteban Ocon,Haas F1 Team,14.0,15.0,Finished,0 days 01:16:38.168000,0.0,,,,,
2026,Dutch Grand Prix,Sprint,87.0,Oliver Bearman,Haas F1 Team,15.0,17.0,Finished,0 days 01:16:38.658000,0.0,,,,,
2026,Dutch Grand Prix,Sprint,23.0,Alexander Albon,Williams,16.0,16.0,Finished,0 days 01:16:46.702000,0.0,,,,,
2026,Dutch Grand Prix,Sprint,18.0,Lance Stroll,Aston Martin,17.0,18.0,Finished,0 days 01:16:46.720000,0.0,,,,,
2026,Dutch Grand Prix,Sprint,14.0,Fernando Alonso,Aston Martin,18.0,22.0,Finished,0 days 01:16:47.354000,0.0,,,,,
2026,Dutch Grand Prix,Sprint,77.0,Valtteri Bottas,Cadillac F1 Team,19.0,19.0,Lapped,0 days 01:15:35.979000,0.0,,,,,
2026,Dutch Grand Prix,Sprint,55.0,Carlos Sainz,Williams,20.0,21.0,Lapped,0 days 01:16:09.793000,0.0,,,,,
2026,Dutch Grand Prix,Sprint,11.0,Sergio Perez,Cadillac F1 Team,21.0,20.0,Lapped,0 days 01:16:34.571000,0.0,,,,,
2026,Dutch Grand Prix,Sprint,27.0,Nico Hulkenberg,Audi,22.0,14.0,Lapped,0 days 01:15:50.372000,0.0,,,,,
2026,Dutch Grand Prix,R,1.0,Lando Norris,McLaren,1.0,1.0,Finished,0 days 03:01:29.313000,25.0,,,,,
2026,Dutch Grand Prix,R,12.0,Kimi Antonelli,Mercedes,2.0,3.0,Finished,0 days 03:01:40.849000,18.0,,,,,
2026,Dutch Grand Prix,R,63.0,George Russell,Mercedes,3.0,2.0,Finished,0 days 03:01:45.219000,15.0,,,,,
2026,Dutch Grand Prix,R,44.0,Lewis Hamilton,Ferrari,4.0,5.0,Finished,0 days 03:01:46.068000,12.0,,,,,
2026,Dutch Grand Prix,R,16.0,Charles Leclerc,Ferrari,5.0,6.0,Finished,0 days 03:01:46.571000,10.0,,,,,
2026,Dutch Grand Prix,R,81.0,Oscar Piastri,McLaren,6.0,4.0,Finished,0 days 03:02:01.645000,8.0,,,,,
2026,Dutch Grand Prix,R,30.0,Liam Lawson,Red Bull,7.0,8.0,Finished,0 days 03:02:39.228000,6.0,,,,,
2026,Dutch Grand Prix,R,27.0,Nico Hulkenberg,Audi,8.0,13.0,Lapped,0 days 03:02:05.362000,4.0,,,,,
2026,Dutch Grand Prix,R,14.0,Fernando Alonso,Aston Martin,9.0,18.0,Lapped,0 days 03:02:17.706000,2.0,,,,,
2026,Dutch Grand Prix,R,10.0,Pierre Gasly,Alpine F1 Team,10.0,11.0,Lapped,0 days 03:02:18.953000,1.0,,,,,
2026,Dutch Grand Prix,R,22.0,Yuki Tsunoda,RB F1 Team,11.0,12.0,Lapped,0 days 03:02:23.635000,0.0,,,,,
2026,Dutch Grand Prix,R,41.0,Arvid Lindblad,RB F1 Team,12.0,10.0,Lapped,0 days 03:02:34.993000,0.0,,,,,
2026,Dutch Grand Prix,R,5.0,Gabriel Bortoleto,Audi,13.0,9.0,Lapped,0 days 03:02:35.548000,0.0,,,,,
2026,Dutch Grand Prix,R,43.0,Franco Colapinto,Alpine F1 Team,14.0,14.0,Lapped,0 days 03:01:39.847000,0.0,,,,,
2026,Dutch Grand Prix,R,11.0,Sergio Perez,Cadillac F1 Team,15.0,22.0,Lapped,0 days 03:02:27.895000,0.0,,,,,
2026,Dutch Grand Prix,R,55.0,Carlos Sainz,Williams,16.0,17.0,Lapped,0 days 03:02:31.148000,0.0,,,,,
2026,Dutch Grand Prix,R,23.0,Alexander Albon,Williams,17.0,16.0,Retired,0 days 02:56:53.783000,0.0,,,,,
2026,Dutch Grand Prix,R,77.0,Valtteri Bottas,Cadillac F1 Team,18.0,21.0,Retired,0 days 02:51:03.132000,0.0,,,,,
2026,Dutch Grand Prix,R,31.0,Esteban Ocon,Haas F1 Team,19.0,15.0,Retired,0 days 02:39:20.389000,0.0,,,,,
2026,Dutch Grand Prix,R,18.0,Lance Stroll,Aston Martin,20.0,19.0,Retired,0 days 02:27:56.651000,0.0,,,,,
2026,Dutch Grand Prix,R,87.0,Oliver Bearman,Haas F1 Team,21.0,20.0,Retired,0 days 01:00:57.668000,0.0,,,,,
2026,Dutch Grand Prix,R,3.0,Max Verstappen,Red Bull,22.0,7.0,Retired,0 days 00:58:08.742000,0.0,,,,,
2026,Dutch Grand Prix,FP1,12.0,Kimi Antonelli,Mercedes,1.0,,,,,,,,0 days 00:01:12.949000,36.0
2026,Dutch Grand Prix,FP1,1.0,Lando Norris,McLaren,2.0,,,,,,,,0 days 00:01:13.070000,30.0
2026,Dutch Grand Prix,FP1,63.0,George Russell,Mercedes,3.0,,,,,,,,0 days 00:01:13.074000,37.0
2026,Dutch Grand Prix,FP1,44.0,Lewis Hamilton,Ferrari,4.0,,,,,,,,0 days 00:01:13.139000,34.0
2026,Dutch Grand Prix,FP1,16.0,Charles Leclerc,Ferrari,5.0,,,,,,,,0 days 00:01:13.238000,39.0
2026,Dutch Grand Prix,FP1,81.0,Oscar Piastri,McLaren,6.0,,,,,,,,0 days 00:01:13.608000,35.0
2026,Dutch Grand Prix,FP1,27.0,Nico Hulkenberg,Audi,7.0,,,,,,,,0 days 00:01:13.784000,34.0
2026,Dutch Grand Prix,FP1,10.0,Pierre Gasly,Alpine,8.0,,,,,,,,0 days 00:01:13.911000,28.0
2026,Dutch Grand Prix,FP1,5.0,Gabriel Bortoleto,Audi,9.0,,,,,,,,0 days 00:01:13.992000,29.0
2026,Dutch Grand Prix,FP1,41.0,Arvid Lindblad,Racing Bulls,10.0,,,,,,,,0 days 00:01:14.285000,37.0
2026,Dutch Grand Prix,FP1,3.0,Max Verstappen,Red Bull Racing,11.0,,,,,,,,0 days 00:01:14.325000,25.0
2026,Dutch Grand Prix,FP1,14.0,Fernando Alonso,Aston Martin,12.0,,,,,,,,0 days 00:01:14.511000,25.0
2026,Dutch Grand Prix,FP1,43.0,Franco Colapinto,Alpine,13.0,,,,,,,,0 days 00:01:14.826000,31.0
2026,Dutch Grand Prix,FP1,30.0,Liam Lawson,Red Bull Racing,14.0,,,,,,,,0 days 00:01:14.861000,30.0
2026,Dutch Grand Prix,FP1,87.0,Oliver Bearman,Haas F1 Team,15.0,,,,,,,,0 days 00:01:14.874000,32.0
2026,Dutch Grand Prix,FP1,31.0,Esteban Ocon,Haas F1 Team,16.0,,,,,,,,0 days 00:01:14.897000,31.0
2026,Dutch Grand Prix,FP1,22.0,Yuki Tsunoda,Racing Bulls,17.0,,,,,,,,0 days 00:01:15.110000,35.0
2026,Dutch Grand Prix,FP1,18.0,Lance Stroll,Aston Martin,18.0,,,,,,,,0 days 00:01:15.199000,24.0
2026,Dutch Grand Prix,FP1,23.0,Alexander Albon,Williams,19.0,,,,,,,,0 days 00:01:15.357000,33.0
2026,Dutch Grand Prix,FP1,77.0,Valtteri Bottas,Cadillac,20.0,,,,,,,,0 days 00:01:15.580000,28.0
2026,Dutch Grand Prix,FP1,11.0,Sergio Perez,Cadillac,21.0,,,,,,,,0 days 00:01:15.700000,28.0
2026,Dutch Grand Prix,FP1,55.0,Carlos Sainz,Williams,22.0,,,,,,,,0 days 00:01:16.345000,32.0
2026,Dutch Grand Prix,Sprint Qualifying,63.0,George Russell,Mercedes,1.0,,,,,,,,0 days 00:01:11.567000,17.0
2026,Dutch Grand Prix,Sprint Qualifying,1.0,Lando Norris,McLaren,2.0,,,,,,,,0 days 00:01:11.608000,15.0
2026,Dutch Grand Prix,Sprint Qualifying,16.0,Charles Leclerc,Ferrari,3.0,,,,,,,,0 days 00:01:11.622000,16.0
2026,Dutch Grand Prix,Sprint Qualifying,81.0,Oscar Piastri,McLaren,4.0,,,,,,,,0 days 00:01:11.666000,15.0
2026,Dutch Grand Prix,Sprint Qualifying,12.0,Kimi Antonelli,Mercedes,5.0,,,,,,,,0 days 00:01:11.794000,15.0
2026,Dutch Grand Prix,Sprint Qualifying,3.0,Max Verstappen,Red Bull Racing,6.0,,,,,,,,0 days 00:01:12.094000,15.0
2026,Dutch Grand Prix,Sprint Qualifying,44.0,Lewis Hamilton,Ferrari,7.0,,,,,,,,0 days 00:01:12.191000,15.0
2026,Dutch Grand Prix,Sprint Qualifying,10.0,Pierre Gasly,Alpine,8.0,,,,,,,,0 days 00:01:12.578000,12.0
2026,Dutch Grand Prix,Sprint Qualifying,5.0,Gabriel Bortoleto,Audi,9.0,,,,,,,,0 days 00:01:12.583000,12.0
2026,Dutch Grand Prix,Sprint Qualifying,41.0,Arvid Lindblad,Racing Bulls,10.0,,,,,,,,0 days 00:01:12.737000,15.0
2026,Dutch Grand Prix,Sprint Qualifying,30.0,Liam Lawson,Red Bull Racing,11.0,,,,,,,,0 days 00:01:13.136000,13.0
2026,Dutch Grand Prix,Sprint Qualifying,22.0,Yuki Tsunoda,Racing Bulls,12.0,,,,,,,,0 days 00:01:13.145000,11.0
2026,Dutch Grand Prix,Sprint Qualifying,43.0,Franco Colapinto,Alpine,13.0,,,,,,,,0 days 00:01:13.439000,9.0
2026,Dutch Grand Prix,Sprint Qualifying,27.0,Nico Hulkenberg,Audi,14.0,,,,,,,,0 days 00:01:13.616000,13.0
2026,Dutch Grand Prix,Sprint Qualifying,31.0,Esteban Ocon,Haas F1 Team,15.0,,,,,,,,0 days 00:01:13.893000,12.0
2026,Dutch Grand Prix,Sprint Qualifying,23.0,Alexander Albon,Williams,16.0,,,,,,,,0 days 00:01:14.294000,12.0
2026,Dutch Grand Prix,Sprint Qualifying,87.0,Oliver Bearman,Haas F1 Team,17.0,,,,,,,,0 days 00:01:14.728000,6.0
2026,Dutch Grand Prix,Sprint Qualifying,55.0,Carlos Sainz,Williams,18.0,,,,,,,,0 days 00:01:14.738000,7.0
2026,Dutch Grand Prix,Sprint Qualifying,18.0,Lance Stroll,Aston Martin,19.0,,,,,,,,0 days 00:01:15.391000,5.0
2026,Dutch Grand Prix,Sprint Qualifying,77.0,Valtteri Bottas,Cadillac,20.0,,,,,,,,0 days 00:01:15.472000,7.0
2026,Dutch Grand Prix,Sprint Qualifying,11.0,Sergio Perez,Cadillac,21.0,,,,,,,,0 days 00:01:15.545000,7.0
2026,Dutch Grand Prix,Sprint Qualifying,14.0,Fernando Alonso,Aston Martin,22.0,,,,,,,,0 days 00:01:16.014000,5.0
2024,Austrian Grand Prix,R,,Alexander Albon,Williams,7.0,,Finished,,,,,,70.364,64.0
2024,Austrian Grand Prix,R,,Fernando Alonso,Aston Martin,2.0,,Finished,,,,,,67.694,62.0
2024,Austrian Grand Prix,R,,Valtteri Bottas,Kick Sauber,4.0,,Finished,,,,,,70.449,63.0
2024,Austrian Grand Prix,R,,Pierre Gasly,Alpine,9.0,,Finished,,,,,,69.609,65.0
2024,Austrian Grand Prix,R,,Lewis Hamilton,Mercedes,16.0,,Finished,,,,,,69.562,64.0
2024,Austrian Grand Prix,R,,Nico Hulkenberg,Haas F1 Team,8.0,,Finished,,,,,,70.215,64.0
2024,Austrian Grand Prix,R,,Charles Leclerc,Ferrari,2.0,,Finished,,,,,,69.584,62.0
2024,Austrian Grand Prix,R,,Kevin Magnussen,Haas F1 Team,12.0,,Finished,,,,,,70.125,65.0
2024,Austrian Grand Prix,R,,Lando Norris,McLaren,19.0,,Finished,,,,,,68.016,58.0
2024,Austrian Grand Prix,R,,Esteban Ocon,Alpine,12.0,,Finished,,,,,,69.649,64.0
2024,Austrian Grand Prix,R,,Sergio Perez,Red Bull Racing,14.0,,Finished,,,,,,69.694,64.0
2024,Austrian Grand Prix,R,,Oscar Piastri,McLaren,17.0,,Finished,,,,,,68.697,66.0
2024,Austrian Grand Prix,R,,Daniel Ricciardo,RB,11.0,,Finished,,,,,,70.426,65.0
2024,Austrian Grand Prix,R,,George Russell,Mercedes,18.0,,Finished,,,,,,69.164,65.0
2024,Austrian Grand Prix,R,,Carlos Sainz,Ferrari,17.0,,Finished,,,,,,69.282,65.0
2024,Austrian Grand Prix,R,,Sarah (unknown),Williams,1.0,,Finished,,,,,,70.406,56.0
2024,Austrian Grand Prix,R,,Lance Stroll,Aston Martin,8.0,,Finished,,,,,,70.143,64.0
2024,Austrian Grand Prix,R,,Yuki Tsunoda,RB,6.0,,Finished,,,,,,70.318,63.0
2024,Austrian Grand Prix,R,,Max Verstappen,Red Bull Racing,20.0,,Finished,,,,,,67.719,64.0
2024,Austrian Grand Prix,R,,Zhou Guanyu,Kick Sauber,6.0,,Finished,,,,,,70.47,59.0
2024,Dutch Grand Prix,R,,Alexander Albon,Williams,4.0,,Finished,,,,,,74.434,65.0
2024,Dutch Grand Prix,R,,Fernando Alonso,Aston Martin,11.0,,Finished,,,,,,74.758,68.0
2024,Dutch Grand Prix,R,,Valtteri Bottas,Kick Sauber,6.0,,Finished,,,,,,75.822,65.0
2024,Dutch Grand Prix,R,,Pierre Gasly,Alpine,13.0,,Finished,,,,,,74.855,68.0
2024,Dutch Grand Prix,R,,Lewis Hamilton,Mercedes,13.0,,Finished,,,,,,73.878,68.0
2024,Dutch Grand Prix,R,,Nico Hulkenberg,Haas F1 Team,11.0,,Finished,,,,,,75.657,68.0
2024,Dutch Grand Prix,R,,Charles Leclerc,Ferrari,16.0,,Finished,,,,,,74.585,69.0
2024,Dutch Grand Prix,R,,Kevin Magnussen,Haas F1 Team,2.0,,Finished,,,,,,74.954,66.0
2024,Dutch Grand Prix,R,,Lando Norris,McLaren,20.0,,Finished,,,,,,73.817,70.0
2024,Dutch Grand Prix,R,,Esteban Ocon,Alpine,4.0,,Finished,,,,,,75.39,67.0
2024,Dutch Grand Prix,R,,Sergio Perez,Red Bull Racing,15.0,,Finished,,,,,,74.587,69.0
2024,Dutch Grand Prix,R,,Oscar Piastri,McLaren,19.0,,Finished,,,,,,74.237,70.0
2024,Dutch Grand Prix,R,,Daniel Ricciardo,RB,6.0,,Finished,,,,,,75.222,68.0
2024,Dutch Grand Prix,R,,George Russell,Mercedes,17.0,,Finished,,,,,,73.927,68.0
2024,Dutch Grand Prix,R,,Carlos Sainz,Ferrari,14.0,,Finished,,,,,,74.117,69.0
2024,Dutch Grand Prix,R,,Sarah (unknown),Williams,6.0,,Finished,,,,,,75.539,67.0
2024,Dutch Grand Prix,R,,Lance Stroll,Aston Martin,10.0,,Finished,,,,,,75.255,68.0
2024,Dutch Grand Prix,R,,Yuki Tsunoda,RB,8.0,,Finished,,,,,,75.552,66.0
2024,Dutch Grand Prix,R,,Max Verstappen,Red Bull Racing,19.0,,Finished,,,,,,74.752,69.0
2024,Dutch Grand Prix,R,,Zhou Guanyu,Kick Sauber,1.0,,Finished,,,,,,75.724,62.0
2024,Monaco Grand Prix,R,,Alexander Albon,Williams,9.0,,Finished,,,,,,77.06,23.0
2024,Monaco Grand Prix,R,,Fernando Alonso,Aston Martin,6.0,,Finished,,,,,,77.939,34.0
2024,Monaco Grand Prix,R,,Valtteri Bottas,Kick Sauber,4.0,,Finished,,,,,,76.561,26.0
2024,Monaco Grand Prix,R,,Pierre Gasly,Alpine,8.0,,Finished,,,,,,75.625,44.0
2024,Monaco Grand Prix,R,,Lewis Hamilton,Mercedes,12.0,,Finished,,,,,,74.165,60.0
2024,Monaco Grand Prix,R,,Charles Leclerc,Ferrari,19.0,,Finished,,,,,,75.162,60.0
2024,Monaco Grand Prix,R,,Lando Norris,McLaren,16.0,,Finished,,,,,,75.742,57.0
2024,Monaco Grand Prix,R,,Oscar Piastri,McLaren,18.0,,Finished,,,,,,76.281,59.0
2024,Monaco Grand Prix,R,,Daniel Ricciardo,RB,6.0,,Finished,,,,,,77.172,22.0
2024,Monaco Grand Prix,R,,George Russell,Mercedes,14.0,,Finished,,,,,,75.228,65.0
2024,Monaco Grand Prix,R,,Carlos Sainz,Ferrari,17.0,,Finished,,,,,,74.726,55.0
2024,Monaco Grand Prix,R,,Sarah (unknown),Williams,1.0,,Finished,,,,,,75.525,18.0
2024,Monaco Grand Prix,R,,Lance Stroll,Aston Martin,7.0,,Finished,,,,,,76.71,43.0
2024,Monaco Grand Prix,R,,Yuki Tsunoda,RB,11.0,,Finished,,,,,,74.72,20.0
2024,Monaco Grand Prix,R,,Max Verstappen,Red Bull Racing,13.0,,Finished,,,,,,74.569,65.0
2024,Monaco Grand Prix,R,,Zhou Guanyu,Kick Sauber,2.0,,Finished,,,,,,74.718,10.0
2024,Canadian Grand Prix,R,,Alexander Albon,Williams,10.0,,Finished,,,,,,79.359,21.0
2024,Canadian Grand Prix,R,,Fernando Alonso,Aston Martin,15.0,,Finished,,,,,,76.303,37.0
2024,Canadian Grand Prix,R,,Valtteri Bottas,Kick Sauber,4.0,,Finished,,,,,,77.25,26.0
2024,Canadian Grand Prix,R,,Pierre Gasly,Alpine,7.0,,Finished,,,,,,77.013,28.0
2024,Canadian Grand Prix,R,,Lewis Hamilton,Mercedes,15.0,,Finished,,,,,,74.856,40.0
2024,Canadian Grand Prix,R,,Nico Hulkenberg,Haas F1 Team,11.0,,Finished,,,,,,76.683,40.0
2024,Canadian Grand Prix,R,,Charles Leclerc,Ferrari,12.0,,Finished,,,,,,86.012,16.0
2024,Canadian Grand Prix,R,,Kevin Magnussen,Haas F1 Team,16.0,,Finished,,,,,,76.499,33.0
2024,Canadian Grand Prix,R,,Lando Norris,McLaren,18.0,,Finished,,,,,,75.558,45.0
2024,Canadian Grand Prix,R,,Esteban Ocon,Alpine,11.0,,Finished,,,,,,77.012,32.0
2024,Canadian Grand Prix,R,,Sergio Perez,Red Bull Racing,6.0,,Finished,,,,,,78.819,19.0
2024,Canadian Grand Prix,R,,Oscar Piastri,McLaren,17.0,,Finished,,,,,,76.247,42.0
2024,Canadian Grand Prix,R,,Daniel Ricciardo,RB,14.0,,Finished,,,,,,77.076,33.0
2024,Canadian Grand Prix,R,,George Russell,Mercedes,20.0,,Finished,,,,,,74.895,40.0
2024,Canadian Grand Prix,R,,Carlos Sainz,Ferrari,9.0,,Finished,,,,,,78.957,21.0
2024,Canadian Grand Prix,R,,Sarah (unknown),Williams,1.0,,Finished,,,,,,86.484,5.0
2024,Canadian Grand Prix,R,,Lance Stroll,Aston Martin,13.0,,Finished,,,,,,76.762,33.0
2024,Canadian Grand Prix,R,,Yuki Tsunoda,RB,14.0,,Finished,,,,,,77.309,30.0
2024,Canadian Grand Prix,R,,Max Verstappen,Red Bull Racing,19.0,,Finished,,,,,,75.569,41.0
2024,Canadian Grand Prix,R,,Zhou Guanyu,Kick Sauber,2.0,,Finished,,,,,,77.325,24.0
2024,Mexico City Grand Prix,R,,Fernando Alonso,Aston Martin,6.0,,Finished,,,,,,82.722,7.0
2024,Mexico City Grand Prix,R,,Valtteri Bottas,Kick Sauber,7.0,,Finished,,,,,,81.085,62.0
2024,Mexico City Grand Prix,R,,Franco Colapinto,Williams,6.0,,Finished,,,,,,80.09,62.0
2024,Mexico City Grand Prix,R,,Pierre Gasly,Alpine,12.0,,Finished,,,,,,81.274,62.0
2024,Mexico City Grand Prix,R,,Lewis Hamilton,Mercedes,14.0,,Finished,,,,,,80.371,63.0
2024,Mexico City Grand Prix,R,,Nico Hulkenberg,Haas F1 Team,12.0,,Finished,,,,,,80.748,61.0
2024,Mexico City Grand Prix,R,,Liam Lawson,RB,9.0,,Finished,,,,,,79.502,58.0
2024,Mexico City Grand Prix,R,,Charles Leclerc,Ferrari,17.0,,Finished,,,,,,78.336,62.0
2024,Mexico City Grand Prix,R,,Kevin Magnussen,Haas F1 Team,14.0,,Finished,,,,,,80.637,63.0
2024,Mexico City Grand Prix,R,,Lando Norris,McLaren,16.0,,Finished,,,,,,79.691,63.0
2024,Mexico City Grand Prix,R,,Esteban Ocon,Alpine,5.0,,Finished,,,,,,80.659,61.0
2024,Mexico City Grand Prix,R,,Sergio Perez,Red Bull Racing,3.0,,Finished,,,,,,79.209,56.0
2024,Mexico City Grand Prix,R,,Oscar Piastri,McLaren,13.0,,Finished,,,,,,80.064,64.0
2024,Mexico City Grand Prix,R,,George Russell,Mercedes,14.0,,Finished,,,,,,80.731,63.0
2024,Mexico City Grand Prix,R,,Carlos Sainz,Ferrari,19.0,,Finished,,,,,,80.137,64.0
2024,Mexico City Grand Prix,R,,Lance Stroll,Aston Martin,7.0,,Finished,,,,,,81.311,62.0
2024,Mexico City Grand Prix,R,,Max Verstappen,Red Bull Racing,16.0,,Finished,,,,,,80.872,64.0
2024,Mexico City Grand Prix,R,,Zhou Guanyu,Kick Sauber,5.0,,Finished,,,,,,81.553,60.0
2024,Emilia Romagna Grand Prix,R,,Alexander Albon,Williams,1.0,,Finished,,,,,,81.274,41.0
2024,Emilia Romagna Grand Prix,R,,Fernando Alonso,Aston Martin,2.0,,Finished,,,,,,79.004,55.0
2024,Emilia Romagna Grand Prix,R,,Valtteri Bottas,Kick Sauber,6.0,,Finished,,,,,,81.455,56.0
2024,Emilia Romagna Grand Prix,R,,Pierre Gasly,Alpine,4.0,,Finished,,,,,,81.371,57.0
2024,Emilia Romagna Grand Prix,R,,Lewis Hamilton,Mercedes,13.0,,Finished,,,,,,80.331,59.0
2024,Emilia Romagna Grand Prix,R,,Nico Hulkenberg,Haas F1 Team,10.0,,Finished,,,,,,81.7,59.0
2024,Emilia Romagna Grand Prix,R,,Charles Leclerc,Ferrari,19.0,,Finished,,,,,,79.935,60.0
2024,Emilia Romagna Grand Prix,R,,Kevin Magnussen,Haas F1 Team,4.0,,Finished,,,,,,81.009,59.0
2024,Emilia Romagna Grand Prix,R,,Lando Norris,McLaren,19.0,,Finished,,,,,,79.994,60.0
2024,Emilia Romagna Grand Prix,R,,Esteban Ocon,Alpine,7.0,,Finished,,,,,,81.304,58.0
2024,Emilia Romagna Grand Prix,R,,Sergio Perez,Red Bull Racing,14.0,,Finished,,,,,,79.686,59.0
2024,Emilia Romagna Grand Prix,R,,Oscar Piastri,McLaren,16.0,,Finished,,,,,,79.907,60.0
2024,Emilia Romagna Grand Prix,R,,Daniel Ricciardo,RB,9.0,,Finished,,,,,,81.569,58.0
2024,Emilia Romagna Grand Prix,R,,George Russell,Mercedes,15.0,,Finished,,,,,,78.589,58.0
2024,Emilia Romagna Grand Prix,R,,Carlos Sainz,Ferrari,17.0,,Finished,,,,,,80.22,60.0
2024,Emilia Romagna Grand Prix,R,,Sarah (unknown),Williams,7.0,,Finished,,,,,,81.229,57.0
2024,Emilia Romagna Grand Prix,R,,Lance Stroll,Aston Martin,12.0,,Finished,,,,,,80.57,60.0
2024,Emilia Romagna Grand Prix,R,,Yuki Tsunoda,RB,11.0,,Finished,,,,,,80.936,58.0
2024,Emilia Romagna Grand Prix,R,,Max Verstappen,Red Bull Racing,20.0,,Finished,,,,,,80.366,60.0
2024,Emilia Romagna Grand Prix,R,,Zhou Guanyu,Kick Sauber,4.0,,Finished,,,,,,81.016,57.0
2024,Australian Grand Prix,R,,Alexander Albon,Williams,6.0,,Finished,,,,,,81.618,50.0
2024,Australian Grand Prix,R,,Fernando Alonso,Aston Martin,15.0,,Finished,,,,,,80.493,51.0
2024,Australian Grand Prix,R,,Valtteri Bottas,Kick Sauber,5.0,,Finished,,,,,,81.422,48.0
2024,Australian Grand Prix,R,,Pierre Gasly,Alpine,12.0,,Finished,,,,,,81.09,50.0
2024,Australian Grand Prix,R,,Lewis Hamilton,Mercedes,9.0,,Finished,,,,,,82.444,12.0
2024,Australian Grand Prix,R,,Nico Hulkenberg,Haas F1 Team,14.0,,Finished,,,,,,81.145,51.0
2024,Australian Grand Prix,R,,Charles Leclerc,Ferrari,16.0,,Finished,,,,,,79.813,50.0
2024,Australian Grand Prix,R,,Kevin Magnussen,Haas F1 Team,9.0,,Finished,,,,,,81.082,50.0
2024,Australian Grand Prix,R,,Lando Norris,McLaren,17.0,,Finished,,,,,,79.915,50.0
2024,Australian Grand Prix,R,,Esteban Ocon,Alpine,6.0,,Finished,,,,,,81.354,47.0
2024,Australian Grand Prix,R,,Sergio Perez,Red Bull Racing,10.0,,Finished,,,,,,80.388,50.0
2024,Australian Grand Prix,R,,Oscar Piastri,McLaren,17.0,,Finished,,,,,,80.199,50.0
2024,Australian Grand Prix,R,,Daniel Ricciardo,RB,5.0,,Finished,,,,,,81.239,50.0
2024,Australian Grand Prix,R,,George Russell,Mercedes,12.0,,Finished,,,,,,80.284,49.0
2024,Australian Grand Prix,R,,Carlos Sainz,Ferrari,19.0,,Finished,,,,,,80.031,51.0
2024,Australian Grand Prix,R,,Lance Stroll,Aston Martin,11.0,,Finished,,,,,,80.93,49.0
2024,Australian Grand Prix,R,,Yuki Tsunoda,RB,11.0,,Finished,,,,,,81.134,50.0
2024,Australian Grand Prix,R,,Max Verstappen,Red Bull Racing,18.0,,DNF,,,,,,83.115,2.0
2024,Australian Grand Prix,R,,Zhou Guanyu,Kick Sauber,6.0,,Finished,,,,,,81.327,49.0
2024,Hungarian Grand Prix,R,,Alexander Albon,Williams,12.0,,Finished,,,,,,83.93,56.0
2024,Hungarian Grand Prix,R,,Fernando Alonso,Aston Martin,11.0,,Finished,,,,,,83.063,65.0
2024,Hungarian Grand Prix,R,,Valtteri Bottas,Kick Sauber,8.0,,Finished,,,,,,82.792,55.0
2024,Hungarian Grand Prix,R,,Pierre Gasly,Alpine,8.0,,Finished,,,,,,83.34,19.0
2024,Hungarian Grand Prix,R,,Lewis Hamilton,Mercedes,18.0,,Finished,,,,,,82.153,65.0
2024,Hungarian Grand Prix,R,,Nico Hulkenberg,Haas F1 Team,9.0,,Finished,,,,,,83.461,53.0
2024,Hungarian Grand Prix,R,,Charles Leclerc,Ferrari,16.0,,Finished,,,,,,82.182,65.0
2024,Hungarian Grand Prix,R,,Kevin Magnussen,Haas F1 Team,11.0,,Finished,,,,,,83.553,54.0
2024,Hungarian Grand Prix,R,,Lando Norris,McLaren,19.0,,Finished,,,,,,81.712,65.0
2024,Hungarian Grand Prix,R,,Esteban Ocon,Alpine,7.0,,Finished,,,,,,81.61,55.0
2024,Hungarian Grand Prix,R,,Sergio Perez,Red Bull Racing,10.0,,Finished,,,,,,81.096,60.0
2024,Hungarian Grand Prix,R,,Oscar Piastri,McLaren,20.0,,Finished,,,,,,81.716,66.0
2024,Hungarian Grand Prix,R,,Daniel Ricciardo,RB,10.0,,Finished,,,,,,82.64,59.0
2024,Hungarian Grand Prix,R,,George Russell,Mercedes,13.0,,Finished,,,,,,80.305,59.0
2024,Hungarian Grand Prix,R,,Carlos Sainz,Ferrari,14.0,,Finished,,,,,,81.441,65.0
2024,Hungarian Grand Prix,R,,Sarah (unknown),Williams,4.0,,Finished,,,,,,80.561,56.0
2024,Hungarian Grand Prix,R,,Lance Stroll,Aston Martin,8.0,,Finished,,,,,,82.338,63.0
2024,Hungarian Grand Prix,R,,Yuki Tsunoda,RB,9.0,,Finished,,,,,,83.533,65.0
2024,Hungarian Grand Prix,R,,Max Verstappen,Red Bull Racing,18.0,,Finished,,,,,,80.908,64.0
2024,Hungarian Grand Prix,R,,Zhou Guanyu,Kick Sauber,2.0,,Finished,,,,,,83.487,52.0
2024,São Paulo Grand Prix,R,,Fernando Alonso,Aston Martin,12.0,,Finished,,,,,,82.293,45.0
2024,São Paulo Grand Prix,R,,Oliver Bearman,Haas F1 Team,4.0,,Finished,,,,,,82.494,45.0
2024,São Paulo Grand Prix,R,,Valtteri Bottas,Kick Sauber,6.0,,Finished,,,,,,82.877,41.0
2024,São Paulo Grand Prix,R,,Franco Colapinto,Williams,6.0,,Finished,,,,,,84.296,18.0
2024,São Paulo Grand Prix,R,,Pierre Gasly,Alpine,9.0,,Finished,,,,,,81.645,48.0
2024,São Paulo Grand Prix,R,,Lewis Hamilton,Mercedes,8.0,,Finished,,,,,,82.041,45.0
2024,São Paulo Grand Prix,R,,Nico Hulkenberg,Haas F1 Team,8.0,,Finished,,,,,,83.764,20.0
2024,São Paulo Grand Prix,R,,Liam Lawson,RB,14.0,,Finished,,,,,,82.123,46.0
2024,São Paulo Grand Prix,R,,Charles Leclerc,Ferrari,14.0,,Finished,,,,,,81.631,47.0
2024,São Paulo Grand Prix,R,,Lando Norris,McLaren,18.0,,Finished,,,,,,81.517,52.0
2024,São Paulo Grand Prix,R,,Esteban Ocon,Alpine,16.0,,Finished,,,,,,81.771,53.0
2024,São Paulo Grand Prix,R,,Sergio Perez,Red Bull Racing,5.0,,Finished,,,,,,82.143,47.0
2024,São Paulo Grand Prix,R,,Oscar Piastri,McLaren,13.0,,Finished,,,,,,81.532,48.0
2024,São Paulo Grand Prix,R,,George Russell,Mercedes,16.0,,Finished,,,,,,81.645,53.0
2024,São Paulo Grand Prix,R,,Carlos Sainz,Ferrari,5.0,,Finished,,,,,,84.201,17.0
2024,São Paulo Grand Prix,R,,Yuki Tsunoda,RB,17.0,,Finished,,,,,,81.828,50.0
2024,São Paulo Grand Prix,R,,Max Verstappen,Red Bull Racing,11.0,,Finished,,,,,,80.472,52.0
2024,São Paulo Grand Prix,R,,Zhou Guanyu,Kick Sauber,1.0,,Finished,,,,,,83.058,34.0
2024,Italian Grand Prix,R,,Alexander Albon,Williams,12.0,,Finished,,,,,,83.918,50.0
2024,Italian Grand Prix,R,,Fernando Alonso,Aston Martin,11.0,,Finished,,,,,,82.944,48.0
2024,Italian Grand Prix,R,,Valtteri Bottas,Kick Sauber,10.0,,Finished,,,,,,83.609,44.0
2024,Italian Grand Prix,R,,Franco Colapinto,Williams,4.0,,Finished,,,,,,83.728,49.0
2024,Italian Grand Prix,R,,Pierre Gasly,Alpine,7.0,,Finished,,,,,,83.755,46.0
2024,Italian Grand Prix,R,,Lewis Hamilton,Mercedes,16.0,,Finished,,,,,,81.512,48.0
2024,Italian Grand Prix,R,,Nico Hulkenberg,Haas F1 Team,2.0,,Finished,,,,,,83.275,45.0
2024,Italian Grand Prix,R,,Charles Leclerc,Ferrari,19.0,,Finished,,,,,,83.226,50.0
2024,Italian Grand Prix,R,,Kevin Magnussen,Haas F1 Team,9.0,,Finished,,,,,,83.437,50.0
2024,Italian Grand Prix,R,,Lando Norris,McLaren,16.0,,Finished,,,,,,81.432,48.0
2024,Italian Grand Prix,R,,Esteban Ocon,Alpine,7.0,,Finished,,,,,,84.343,47.0
2024,Italian Grand Prix,R,,Sergio Perez,Red Bull Racing,13.0,,Finished,,,,,,82.971,48.0
2024,Italian Grand Prix,R,,Oscar Piastri,McLaren,20.0,,Finished,,,,,,81.943,48.0
2024,Italian Grand Prix,R,,Daniel Ricciardo,RB,10.0,,Finished,,,,,,84.219,50.0
2024,Italian Grand Prix,R,,George Russell,Mercedes,14.0,,Finished,,,,,,82.036,48.0
2024,Italian Grand Prix,R,,Carlos Sainz,Ferrari,17.0,,Finished,,,,,,83.219,50.0
2024,Italian Grand Prix,R,,Lance Stroll,Aston Martin,11.0,,Finished,,,,,,82.232,42.0
2024,Italian Grand Prix,R,,Yuki Tsunoda,RB,6.0,,DNF,,,,,,86.198,2.0
2024,Italian Grand Prix,R,,Max Verstappen,Red Bull Racing,15.0,,Finished,,,,,,81.745,48.0
2024,Italian Grand Prix,R,,Zhou Guanyu,Kick Sauber,7.0,,Finished,,,,,,85.092,44.0
2024,Qatar Grand Prix,R,,Alexander Albon,Williams,7.0,,Finished,,,,,,85.559,40.0
2024,Qatar Grand Prix,R,,Fernando Alonso,Aston Martin,7.0,,Finished,,,,,,83.667,44.0
2024,Qatar Grand Prix,R,,Valtteri Bottas,Kick Sauber,5.0,,Finished,,,,,,85.533,39.0
2024,Qatar Grand Prix,R,,Pierre Gasly,Alpine,8.0,,Finished,,,,,,83.705,44.0
2024,Qatar Grand Prix,R,,Lewis Hamilton,Mercedes,12.0,,Finished,,,,,,83.865,42.0
2024,Qatar Grand Prix,R,,Nico Hulkenberg,Haas F1 Team,3.0,,Finished,,,,,,85.767,21.0
2024,Qatar Grand Prix,R,,Liam Lawson,RB,4.0,,Finished,,,,,,86.076,43.0
2024,Qatar Grand Prix,R,,Charles Leclerc,Ferrari,15.0,,Finished,,,,,,83.242,45.0
2024,Qatar Grand Prix,R,,Kevin Magnussen,Haas F1 Team,9.0,,Finished,,,,,,84.259,41.0
2024,Qatar Grand Prix,R,,Lando Norris,McLaren,16.0,,Finished,,,,,,82.384,44.0
2024,Qatar Grand Prix,R,,Sergio Perez,Red Bull Racing,13.0,,Finished,,,,,,85.288,29.0
2024,Qatar Grand Prix,R,,Oscar Piastri,McLaren,16.0,,Finished,,,,,,83.218,45.0
2024,Qatar Grand Prix,R,,George Russell,Mercedes,17.0,,Finished,,,,,,83.355,43.0
2024,Qatar Grand Prix,R,,Carlos Sainz,Ferrari,13.0,,Finished,,,,,,83.465,44.0
2024,Qatar Grand Prix,R,,Yuki Tsunoda,RB,9.0,,Finished,,,,,,86.144,44.0
2024,Qatar Grand Prix,R,,Max Verstappen,Red Bull Racing,19.0,,Finished,,,,,,82.905,45.0
2024,Qatar Grand Prix,R,,Zhou Guanyu,Kick Sauber,6.0,,Finished,,,,,,83.889,44.0
2024,Abu Dhabi Grand Prix,R,,Alexander Albon,Williams,6.0,,Finished,,,,,,89.438,53.0
2024,Abu Dhabi Grand Prix,R,,Fernando Alonso,Aston Martin,12.0,,Finished,,,,,,87.948,53.0
2024,Abu Dhabi Grand Prix,R,,Valtteri Bottas,Kick Sauber,3.0,,Finished,,,,,,89.482,24.0
2024,Abu Dhabi Grand Prix,R,,Franco Colapinto,Williams,1.0,,Finished,,,,,,89.411,21.0
2024,Abu Dhabi Grand Prix,R,,Jack Doohan,Alpine,7.0,,Finished,,,,,,89.121,53.0
2024,Abu Dhabi Grand Prix,R,,Pierre Gasly,Alpine,16.0,,Finished,,,,,,89.212,54.0
2024,Abu Dhabi Grand Prix,R,,Lewis Hamilton,Mercedes,16.0,,Finished,,,,,,87.278,54.0
2024,Abu Dhabi Grand Prix,R,,Nico Hulkenberg,Haas F1 Team,13.0,,Finished,,,,,,89.152,54.0
2024,Abu Dhabi Grand Prix,R,,Liam Lawson,RB,2.0,,Finished,,,,,,88.751,48.0
2024,Abu Dhabi Grand Prix,R,,Charles Leclerc,Ferrari,16.0,,Finished,,,,,,88.018,54.0
2024,Abu Dhabi Grand Prix,R,,Kevin Magnussen,Haas F1 Team,11.0,,Finished,,,,,,85.637,49.0
2024,Abu Dhabi Grand Prix,R,,Lando Norris,McLaren,19.0,,Finished,,,,,,87.438,54.0
2024,Abu Dhabi Grand Prix,R,,Oscar Piastri,McLaren,2.0,,Finished,,,,,,87.69,53.0
2024,Abu Dhabi Grand Prix,R,,George Russell,Mercedes,17.0,,Finished,,,,,,88.195,54.0
2024,Abu Dhabi Grand Prix,R,,Carlos Sainz,Ferrari,18.0,,Finished,,,,,,87.765,54.0
2024,Abu Dhabi Grand Prix,R,,Lance Stroll,Aston Martin,9.0,,Finished,,,,,,88.604,52.0
2024,Abu Dhabi Grand Prix,R,,Yuki Tsunoda,RB,10.0,,Finished,,,,,,89.2,53.0
2024,Abu Dhabi Grand Prix,R,,Max Verstappen,Red Bull Racing,17.0,,Finished,,,,,,87.765,54.0
2024,Abu Dhabi Grand Prix,R,,Zhou Guanyu,Kick Sauber,8.0,,Finished,,,,,,87.982,52.0
2024,British Grand Prix,R,,Alexander Albon,Williams,9.0,,Finished,,,,,,89.718,36.0
2024,British Grand Prix,R,,Fernando Alonso,Aston Martin,11.0,,Finished,,,,,,89.71,36.0
2024,British Grand Prix,R,,Valtteri Bottas,Kick Sauber,5.0,,Finished,,,,,,91.277,30.0
2024,British Grand Prix,R,,Lewis Hamilton,Mercedes,18.0,,Finished,,,,,,89.438,42.0
2024,British Grand Prix,R,,Nico Hulkenberg,Haas F1 Team,13.0,,Finished,,,,,,89.836,36.0
2024,British Grand Prix,R,,Charles Leclerc,Ferrari,5.0,,Finished,,,,,,89.748,33.0
2024,British Grand Prix,R,,Kevin Magnussen,Haas F1 Team,8.0,,Finished,,,,,,90.093,37.0
2024,British Grand Prix,R,,Lando Norris,McLaren,19.0,,Finished,,,,,,89.262,43.0
2024,British Grand Prix,R,,Esteban Ocon,Alpine,2.0,,Finished,,,,,,90.875,26.0
2024,British Grand Prix,R,,Sergio Perez,Red Bull Racing,3.0,,Finished,,,,,,89.707,31.0
2024,British Grand Prix,R,,Oscar Piastri,McLaren,15.0,,Finished,,,,,,88.748,40.0
2024,British Grand Prix,R,,Daniel Ricciardo,RB,8.0,,Finished,,,,,,90.735,31.0
2024,British Grand Prix,R,,George Russell,Mercedes,16.0,,Finished,,,,,,91.298,24.0
2024,British Grand Prix,R,,Carlos Sainz,Ferrari,14.0,,Finished,,,,,,88.293,37.0
2024,British Grand Prix,R,,Sarah (unknown),Williams,7.0,,Finished,,,,,,89.972,37.0
2024,British Grand Prix,R,,Lance Stroll,Aston Martin,12.0,,Finished,,,,,,89.897,35.0
2024,British Grand Prix,R,,Yuki Tsunoda,RB,11.0,,Finished,,,,,,90.229,35.0
2024,British Grand Prix,R,,Max Verstappen,Red Bull Racing,17.0,,Finished,,,,,,88.952,42.0
2024,British Grand Prix,R,,Zhou Guanyu,Kick Sauber,2.0,,Finished,,,,,,91.014,24.0
2024,Miami Grand Prix,R,,Alexander Albon,Williams,6.0,,Finished,,,,,,90.849,45.0
2024,Miami Grand Prix,R,,Fernando Alonso,Aston Martin,8.0,,Finished,,,,,,91.727,49.0
2024,Miami Grand Prix,R,,Valtteri Bottas,Kick Sauber,2.0,,Finished,,,,,,92.098,48.0
2024,Miami Grand Prix,R,,Pierre Gasly,Alpine,10.0,,Finished,,,,,,92.055,47.0
2024,Miami Grand Prix,R,,Lewis Hamilton,Mercedes,13.0,,Finished,,,,,,91.233,48.0
2024,Miami Grand Prix,R,,Nico Hulkenberg,Haas F1 Team,13.0,,Finished,,,,,,91.941,47.0
2024,Miami Grand Prix,R,,Charles Leclerc,Ferrari,18.0,,Finished,,,,,,91.084,48.0
2024,Miami Grand Prix,R,,Kevin Magnussen,Haas F1 Team,2.0,,Finished,,,,,,91.774,49.0
2024,Miami Grand Prix,R,,Lando Norris,McLaren,15.0,,Finished,,,,,,90.98,51.0
2024,Miami Grand Prix,R,,Esteban Ocon,Alpine,6.0,,Finished,,,,,,92.037,49.0
2024,Miami Grand Prix,R,,Sergio Perez,Red Bull Racing,16.0,,Finished,,,,,,90.855,48.0
2024,Miami Grand Prix,R,,Oscar Piastri,McLaren,4.0,,Finished,,,,,,90.634,47.0
2024,Miami Grand Prix,R,,Daniel Ricciardo,RB,1.0,,Finished,,,,,,92.122,49.0
2024,Miami Grand Prix,R,,George Russell,Mercedes,12.0,,Finished,,,,,,91.921,48.0
2024,Miami Grand Prix,R,,Carlos Sainz,Ferrari,17.0,,Finished,,,,,,90.928,49.0
2024,Miami Grand Prix,R,,Sarah (unknown),Williams,4.0,,Finished,,,,,,93.452,22.0
2024,Miami Grand Prix,R,,Lance Stroll,Aston Martin,10.0,,Finished,,,,,,91.588,47.0
2024,Miami Grand Prix,R,,Yuki Tsunoda,RB,11.0,,Finished,,,,,,91.682,50.0
2024,Miami Grand Prix,R,,Max Verstappen,Red Bull Racing,20.0,,Finished,,,,,,91.261,49.0
2024,Miami Grand Prix,R,,Zhou Guanyu,Kick Sauber,4.0,,Finished,,,,,,91.991,49.0
2024,Saudi Arabian Grand Prix,R,,Alexander Albon,Williams,8.0,,Finished,,,,,,92.307,45.0
2024,Saudi Arabian Grand Prix,R,,Fernando Alonso,Aston Martin,14.0,,Finished,,,,,,92.387,46.0
2024,Saudi Arabian Grand Prix,R,,Oliver Bearman,Haas F1 Team,10.0,,Finished,,,,,,92.186,45.0
2024,Saudi Arabian Grand Prix,R,,Valtteri Bottas,Kick Sauber,2.0,,Finished,,,,,,92.706,42.0
2024,Saudi Arabian Grand Prix,R,,Lewis Hamilton,Mercedes,15.0,,Finished,,,,,,91.746,45.0
2024,Saudi Arabian Grand Prix,R,,Nico Hulkenberg,Haas F1 Team,7.0,,Finished,,,,,,92.366,45.0
2024,Saudi Arabian Grand Prix,R,,Charles Leclerc,Ferrari,16.0,,Finished,,,,,,91.632,46.0
2024,Saudi Arabian Grand Prix,R,,Kevin Magnussen,Haas F1 Team,9.0,,Finished,,,,,,92.338,45.0
2024,Saudi Arabian Grand Prix,R,,Lando Norris,McLaren,17.0,,Finished,,,,,,91.944,45.0
2024,Saudi Arabian Grand Prix,R,,Esteban Ocon,Alpine,4.0,,Finished,,,,,,93.481,44.0
2024,Saudi Arabian Grand Prix,R,,Sergio Perez,Red Bull Racing,17.0,,Finished,,,,,,92.273,46.0
2024,Saudi Arabian Grand Prix,R,,Oscar Piastri,McLaren,15.0,,Finished,,,,,,92.31,46.0
2024,Saudi Arabian Grand Prix,R,,Daniel Ricciardo,RB,6.0,,Finished,,,,,,93.323,43.0
2024,Saudi Arabian Grand Prix,R,,George Russell,Mercedes,12.0,,Finished,,,,,,92.254,46.0
2024,Saudi Arabian Grand Prix,R,,Sarah (unknown),Williams,2.0,,Finished,,,,,,93.026,44.0
2024,Saudi Arabian Grand Prix,R,,Lance Stroll,Aston Martin,12.0,,DNF,,,,,,95.56,4.0
2024,Saudi Arabian Grand Prix,R,,Yuki Tsunoda,RB,8.0,,Finished,,,,,,93.523,44.0
2024,Saudi Arabian Grand Prix,R,,Max Verstappen,Red Bull Racing,19.0,,Finished,,,,,,91.773,46.0
2024,Saudi Arabian Grand Prix,R,,Zhou Guanyu,Kick Sauber,2.0,,Finished,,,,,,92.208,44.0
2024,Bahrain Grand Prix,R,,Alexander Albon,Williams,11.0,,Finished,,,,,,95.723,52.0
2024,Bahrain Grand Prix,R,,Fernando Alonso,Aston Martin,12.0,,Finished,,,,,,94.199,51.0
2024,Bahrain Grand Prix,R,,Valtteri Bottas,Kick Sauber,2.0,,Finished,,,,,,96.202,46.0
2024,Bahrain Grand Prix,R,,Pierre Gasly,Alpine,4.0,,Finished,,,,,,94.805,48.0
2024,Bahrain Grand Prix,R,,Lewis Hamilton,Mercedes,14.0,,Finished,,,,,,94.722,53.0
2024,Bahrain Grand Prix,R,,Nico Hulkenberg,Haas F1 Team,7.0,,Finished,,,,,,94.834,51.0
2024,Bahrain Grand Prix,R,,Charles Leclerc,Ferrari,17.0,,Finished,,,,,,94.09,53.0
2024,Bahrain Grand Prix,R,,Kevin Magnussen,Haas F1 Team,8.0,,Finished,,,,,,95.57,50.0
2024,Bahrain Grand Prix,R,,Lando Norris,McLaren,16.0,,Finished,,,,,,94.476,53.0
2024,Bahrain Grand Prix,R,,Esteban Ocon,Alpine,4.0,,Finished,,,,,,96.226,47.0
2024,Bahrain Grand Prix,R,,Sergio Perez,Red Bull Racing,19.0,,Finished,,,,,,94.364,53.0
2024,Bahrain Grand Prix,R,,Oscar Piastri,McLaren,16.0,,Finished,,,,,,94.774,53.0
2024,Bahrain Grand Prix,R,,Daniel Ricciardo,RB,10.0,,Finished,,,,,,95.163,48.0
2024,Bahrain Grand Prix,R,,George Russell,Mercedes,16.0,,Finished,,,,,,95.065,53.0
2024,Bahrain Grand Prix,R,,Carlos Sainz,Ferrari,18.0,,Finished,,,,,,94.507,53.0
2024,Bahrain Grand Prix,R,,Sarah (unknown),Williams,1.0,,Finished,,,,,,94.735,43.0
2024,Bahrain Grand Prix,R,,Lance Stroll,Aston Martin,2.0,,Finished,,,,,,95.632,52.0
2024,Bahrain Grand Prix,R,,Yuki Tsunoda,RB,7.0,,Finished,,,,,,95.833,51.0
2024,Bahrain Grand Prix,R,,Max Verstappen,Red Bull Racing,20.0,,Finished,,,,,,92.608,53.0
2024,Bahrain Grand Prix,R,,Zhou Guanyu,Kick Sauber,10.0,,Finished,,,,,,95.458,50.0
2024,Japanese Grand Prix,R,,Fernando Alonso,Aston Martin,15.0,,Finished,,,,,,94.726,48.0
2024,Japanese Grand Prix,R,,Valtteri Bottas,Kick Sauber,7.0,,Finished,,,,,,96.608,44.0
2024,Japanese Grand Prix,R,,Pierre Gasly,Alpine,5.0,,Finished,,,,,,96.642,36.0
2024,Japanese Grand Prix,R,,Lewis Hamilton,Mercedes,13.0,,Finished,,,,,,93.952,46.0
2024,Japanese Grand Prix,R,,Nico Hulkenberg,Haas F1 Team,1.0,,Finished,,,,,,95.325,45.0
2024,Japanese Grand Prix,R,,Charles Leclerc,Ferrari,13.0,,Finished,,,,,,95.044,48.0
2024,Japanese Grand Prix,R,,Kevin Magnussen,Haas F1 Team,5.0,,Finished,,,,,,96.654,46.0
2024,Japanese Grand Prix,R,,Lando Norris,McLaren,16.0,,Finished,,,,,,95.186,46.0
2024,Japanese Grand Prix,R,,Esteban Ocon,Alpine,7.0,,Finished,,,,,,96.232,33.0
2024,Japanese Grand Prix,R,,Sergio Perez,Red Bull Racing,18.0,,Finished,,,,,,93.945,47.0
2024,Japanese Grand Prix,R,,Oscar Piastri,McLaren,14.0,,Finished,,,,,,94.802,47.0
2024,Japanese Grand Prix,R,,George Russell,Mercedes,14.0,,Finished,,,,,,94.404,46.0
2024,Japanese Grand Prix,R,,Carlos Sainz,Ferrari,17.0,,Finished,,,,,,93.841,48.0
2024,Japanese Grand Prix,R,,Sarah (unknown),Williams,7.0,,Finished,,,,,,94.9,39.0
2024,Japanese Grand Prix,R,,Lance Stroll,Aston Martin,7.0,,Finished,,,,,,95.798,44.0
2024,Japanese Grand Prix,R,,Yuki Tsunoda,RB,9.0,,Finished,,,,,,96.342,46.0
2024,Japanese Grand Prix,R,,Max Verstappen,Red Bull Racing,19.0,,Finished,,,,,,93.706,48.0
2024,Japanese Grand Prix,R,,Zhou Guanyu,Kick Sauber,3.0,,Finished,,,,,,97.16,5.0
2024,Singapore Grand Prix,R,,Alexander Albon,Williams,6.0,,Finished,,,,,,96.888,11.0
2024,Singapore Grand Prix,R,,Fernando Alonso,Aston Martin,13.0,,Finished,,,,,,97.741,58.0
2024,Singapore Grand Prix,R,,Valtteri Bottas,Kick Sauber,2.0,,Finished,,,,,,97.524,55.0
2024,Singapore Grand Prix,R,,Franco Colapinto,Williams,10.0,,Finished,,,,,,97.262,58.0
2024,Singapore Grand Prix,R,,Pierre Gasly,Alpine,8.0,,Finished,,,,,,96.927,58.0
2024,Singapore Grand Prix,R,,Lewis Hamilton,Mercedes,15.0,,Finished,,,,,,97.393,59.0
2024,Singapore Grand Prix,R,,Nico Hulkenberg,Haas F1 Team,16.0,,Finished,,,,,,97.47,58.0
2024,Singapore Grand Prix,R,,Charles Leclerc,Ferrari,15.0,,Finished,,,,,,95.371,59.0
2024,Singapore Grand Prix,R,,Kevin Magnussen,Haas F1 Team,8.0,,Finished,,,,,,94.754,50.0
2024,Singapore Grand Prix,R,,Lando Norris,McLaren,20.0,,Finished,,,,,,94.925,59.0
2024,Singapore Grand Prix,R,,Esteban Ocon,Alpine,9.0,,Finished,,,,,,97.964,58.0
2024,Singapore Grand Prix,R,,Sergio Perez,Red Bull Racing,11.0,,Finished,,,,,,97.477,58.0
2024,Singapore Grand Prix,R,,Oscar Piastri,McLaren,16.0,,Finished,,,,,,95.745,59.0
2024,Singapore Grand Prix,R,,Daniel Ricciardo,RB,8.0,,Finished,,,,,,94.486,53.0
2024,Singapore Grand Prix,R,,George Russell,Mercedes,17.0,,Finished,,,,,,97.047,59.0
2024,Singapore Grand Prix,R,,Carlos Sainz,Ferrari,9.0,,Finished,,,,,,96.561,59.0
2024,Singapore Grand Prix,R,,Lance Stroll,Aston Martin,4.0,,Finished,,,,,,97.851,58.0
2024,Singapore Grand Prix,R,,Yuki Tsunoda,RB,11.0,,Finished,,,,,,96.393,58.0
2024,Singapore Grand Prix,R,,Max Verstappen,Red Bull Racing,19.0,,Finished,,,,,,95.967,59.0
2024,Singapore Grand Prix,R,,Zhou Guanyu,Kick Sauber,6.0,,Finished,,,,,,97.461,56.0
2024,Las Vegas Grand Prix,R,,Alexander Albon,Williams,4.0,,Finished,,,,,,98.008,21.0
2024,Las Vegas Grand Prix,R,,Fernando Alonso,Aston Martin,9.0,,Finished,,,,,,96.553,44.0
2024,Las Vegas Grand Prix,R,,Valtteri Bottas,Kick Sauber,14.0,,Finished,,,,,,96.601,39.0
2024,Las Vegas Grand Prix,R,,Franco Colapinto,Williams,6.0,,Finished,,,,,,96.867,42.0
2024,Las Vegas Grand Prix,R,,Pierre Gasly,Alpine,17.0,,Finished,,,,,,98.314,11.0
2024,Las Vegas Grand Prix,R,,Lewis Hamilton,Mercedes,20.0,,Finished,,,,,,95.48,46.0
2024,Las Vegas Grand Prix,R,,Nico Hulkenberg,Haas F1 Team,17.0,,Finished,,,,,,96.585,45.0
2024,Las Vegas Grand Prix,R,,Liam Lawson,RB,7.0,,Finished,,,,,,96.98,45.0
2024,Las Vegas Grand Prix,R,,Charles Leclerc,Ferrari,17.0,,Finished,,,,,,95.674,45.0
2024,Las Vegas Grand Prix,R,,Kevin Magnussen,Haas F1 Team,12.0,,Finished,,,,,,96.557,47.0
2024,Las Vegas Grand Prix,R,,Lando Norris,McLaren,15.0,,Finished,,,,,,94.876,44.0
2024,Las Vegas Grand Prix,R,,Esteban Ocon,Alpine,15.0,,Finished,,,,,,96.511,43.0
2024,Las Vegas Grand Prix,R,,Sergio Perez,Red Bull Racing,13.0,,Finished,,,,,,96.326,46.0
2024,Las Vegas Grand Prix,R,,Oscar Piastri,McLaren,13.0,,Finished,,,,,,96.598,45.0
2024,Las Vegas Grand Prix,R,,George Russell,Mercedes,20.0,,Finished,,,,,,95.717,46.0
2024,Las Vegas Grand Prix,R,,Carlos Sainz,Ferrari,17.0,,Finished,,,,,,95.875,45.0
2024,Las Vegas Grand Prix,R,,Lance Stroll,Aston Martin,2.0,,Finished,,,,,,97.179,45.0
2024,Las Vegas Grand Prix,R,,Yuki Tsunoda,RB,15.0,,Finished,,,,,,96.957,45.0
2024,Las Vegas Grand Prix,R,,Max Verstappen,Red Bull Racing,19.0,,Finished,,,,,,96.248,46.0
2024,Las Vegas Grand Prix,R,,Zhou Guanyu,Kick Sauber,14.0,,Finished,,,,,,96.324,45.0
2024,United States Grand Prix,R,,Alexander Albon,Williams,6.0,,Finished,,,,,,99.084,48.0
2024,United States Grand Prix,R,,Fernando Alonso,Aston Martin,9.0,,Finished,,,,,,99.261,50.0
2024,United States Grand Prix,R,,Valtteri Bottas,Kick Sauber,6.0,,Finished,,,,,,100.575,49.0
2024,United States Grand Prix,R,,Franco Colapinto,Williams,7.0,,Finished,,,,,,97.611,51.0
2024,United States Grand Prix,R,,Pierre Gasly,Alpine,7.0,,Finished,,,,,,98.311,51.0
2024,United States Grand Prix,R,,Nico Hulkenberg,Haas F1 Team,10.0,,Finished,,,,,,98.404,51.0
2024,United States Grand Prix,R,,Liam Lawson,RB,9.0,,Finished,,,,,,98.091,51.0
2024,United States Grand Prix,R,,Charles Leclerc,Ferrari,20.0,,Finished,,,,,,97.834,51.0
2024,United States Grand Prix,R,,Kevin Magnussen,Haas F1 Team,14.0,,Finished,,,,,,98.21,50.0
2024,United States Grand Prix,R,,Lando Norris,McLaren,20.0,,Finished,,,,,,97.679,51.0
2024,United States Grand Prix,R,,Esteban Ocon,Alpine,4.0,,Finished,,,,,,97.33,49.0
2024,United States Grand Prix,R,,Sergio Perez,Red Bull Racing,12.0,,Finished,,,,,,98.514,51.0
2024,United States Grand Prix,R,,Oscar Piastri,McLaren,16.0,,Finished,,,,,,97.883,51.0
2024,United States Grand Prix,R,,George Russell,Mercedes,4.0,,Finished,,,,,,97.656,51.0
2024,United States Grand Prix,R,,Carlos Sainz,Ferrari,19.0,,Finished,,,,,,97.763,51.0
2024,United States Grand Prix,R,,Lance Stroll,Aston Martin,6.0,,Finished,,,,,,99.214,49.0
2024,United States Grand Prix,R,,Yuki Tsunoda,RB,12.0,,Finished,,,,,,99.193,49.0
2024,United States Grand Prix,R,,Max Verstappen,Red Bull Racing,17.0,,Finished,,,,,,98.117,51.0
2024,United States Grand Prix,R,,Zhou Guanyu,Kick Sauber,8.0,,Finished,,,,,,99.272,48.0
2024,Chinese Grand Prix,R,,Alexander Albon,Williams,9.0,,Finished,,,,,,100.79,42.0
2024,Chinese Grand Prix,R,,Fernando Alonso,Aston Martin,17.0,,Finished,,,,,,97.81,40.0
2024,Chinese Grand Prix,R,,Valtteri Bottas,Kick Sauber,11.0,,Finished,,,,,,101.276,16.0
2024,Chinese Grand Prix,R,,Pierre Gasly,Alpine,8.0,,Finished,,,,,,99.198,40.0
2024,Chinese Grand Prix,R,,Lewis Hamilton,Mercedes,2.0,,Finished,,,,,,100.835,42.0
2024,Chinese Grand Prix,R,,Nico Hulkenberg,Haas F1 Team,10.0,,Finished,,,,,,100.815,42.0
2024,Chinese Grand Prix,R,,Charles Leclerc,Ferrari,14.0,,Finished,,,,,,99.384,44.0
2024,Chinese Grand Prix,R,,Kevin Magnussen,Haas F1 Team,11.0,,Finished,,,,,,101.077,42.0
2024,Chinese Grand Prix,R,,Lando Norris,McLaren,19.0,,Finished,,,,,,98.751,45.0
2024,Chinese Grand Prix,R,,Esteban Ocon,Alpine,10.0,,Finished,,,,,,100.937,42.0
2024,Chinese Grand Prix,R,,Sergio Perez,Red Bull Racing,19.0,,Finished,,,,,,99.388,42.0
2024,Chinese Grand Prix,R,,Oscar Piastri,McLaren,16.0,,Finished,,,,,,99.739,42.0
2024,Chinese Grand Prix,R,,Daniel Ricciardo,RB,9.0,,Finished,,,,,,100.994,18.0
2024,Chinese Grand Prix,R,,George Russell,Mercedes,14.0,,Finished,,,,,,100.112,42.0
2024,Chinese Grand Prix,R,,Carlos Sainz,Ferrari,15.0,,Finished,,,,,,99.764,42.0
2024,Chinese Grand Prix,R,,Sarah (unknown),Williams,1.0,,Finished,,,,,,101.0,42.0
2024,Chinese Grand Prix,R,,Lance Stroll,Aston Martin,12.0,,Finished,,,,,,99.444,42.0
2024,Chinese Grand Prix,R,,Yuki Tsunoda,RB,4.0,,Finished,,,,,,101.593,17.0
2024,Chinese Grand Prix,R,,Max Verstappen,Red Bull Racing,20.0,,Finished,,,,,,98.406,43.0
2024,Chinese Grand Prix,R,,Zhou Guanyu,Kick Sauber,2.0,,Finished,,,,,,98.633,40.0
2024,Belgian Grand Prix,R,,Alexander Albon,Williams,11.0,,Finished,,,,,,107.996,39.0
2024,Belgian Grand Prix,R,,Fernando Alonso,Aston Martin,12.0,,Finished,,,,,,108.051,41.0
2024,Belgian Grand Prix,R,,Valtteri Bottas,Kick Sauber,4.0,,Finished,,,,,,107.019,39.0
2024,Belgian Grand Prix,R,,Pierre Gasly,Alpine,10.0,,Finished,,,,,,107.418,39.0
2024,Belgian Grand Prix,R,,Lewis Hamilton,Mercedes,20.0,,Finished,,,,,,106.653,40.0
2024,Belgian Grand Prix,R,,Nico Hulkenberg,Haas F1 Team,4.0,,Finished,,,,,,108.954,39.0
2024,Belgian Grand Prix,R,,Charles Leclerc,Ferrari,18.0,,Finished,,,,,,107.013,40.0
2024,Belgian Grand Prix,R,,Kevin Magnussen,Haas F1 Team,9.0,,Finished,,,,,,107.848,41.0
2024,Belgian Grand Prix,R,,Lando Norris,McLaren,18.0,,Finished,,,,,,105.563,40.0
2024,Belgian Grand Prix,R,,Esteban Ocon,Alpine,12.0,,Finished,,,,,,106.957,40.0
2024,Belgian Grand Prix,R,,Sergio Perez,Red Bull Racing,13.0,,Finished,,,,,,104.701,38.0
2024,Belgian Grand Prix,R,,Oscar Piastri,McLaren,20.0,,Finished,,,,,,105.84,40.0
2024,Belgian Grand Prix,R,,Daniel Ricciardo,RB,7.0,,Finished,,,,,,107.435,39.0
2024,Belgian Grand Prix,R,,George Russell,Mercedes,16.0,,Finished,,,,,,107.113,41.0
2024,Belgian Grand Prix,R,,Carlos Sainz,Ferrari,14.0,,Finished,,,,,,106.364,40.0
2024,Belgian Grand Prix,R,,Sarah (unknown),Williams,4.0,,Finished,,,,,,107.49,39.0
2024,Belgian Grand Prix,R,,Lance Stroll,Aston Martin,6.0,,Finished,,,,,,108.105,41.0
2024,Belgian Grand Prix,R,,Yuki Tsunoda,RB,7.0,,Finished,,,,,,107.969,41.0
2024,Belgian Grand Prix,R,,Max Verstappen,Red Bull Racing,17.0,,Finished,,,,,,106.128,40.0
2024,Belgian Grand Prix,R,,Zhou Guanyu,Kick Sauber,1.0,,DNF,,,,,,112.099,2.0
2024,Azerbaijan Grand Prix,R,,Alexander Albon,Williams,13.0,,Finished,,,,,,106.947,47.0
2024,Azerbaijan Grand Prix,R,,Fernando Alonso,Aston Martin,14.0,,Finished,,,,,,107.057,46.0
2024,Azerbaijan Grand Prix,R,,Oliver Bearman,Haas F1 Team,10.0,,Finished,,,,,,107.048,46.0
2024,Azerbaijan Grand Prix,R,,Valtteri Bottas,Kick Sauber,4.0,,Finished,,,,,,108.418,40.0
2024,Azerbaijan Grand Prix,R,,Franco Colapinto,Williams,13.0,,Finished,,,,,,107.274,46.0
2024,Azerbaijan Grand Prix,R,,Pierre Gasly,Alpine,6.0,,Finished,,,,,,108.018,48.0
2024,Azerbaijan Grand Prix,R,,Lewis Hamilton,Mercedes,4.0,,Finished,,,,,,107.236,45.0
2024,Azerbaijan Grand Prix,R,,Nico Hulkenberg,Haas F1 Team,8.0,,Finished,,,,,,107.691,46.0
2024,Azerbaijan Grand Prix,R,,Charles Leclerc,Ferrari,20.0,,Finished,,,,,,107.067,47.0
2024,Azerbaijan Grand Prix,R,,Lando Norris,McLaren,9.0,,Finished,,,,,,105.255,47.0
2024,Azerbaijan Grand Prix,R,,Esteban Ocon,Alpine,2.0,,Finished,,,,,,108.831,46.0
2024,Azerbaijan Grand Prix,R,,Sergio Perez,Red Bull Racing,17.0,,Finished,,,,,,107.013,46.0
2024,Azerbaijan Grand Prix,R,,Oscar Piastri,McLaren,19.0,,Finished,,,,,,107.06,47.0
2024,Azerbaijan Grand Prix,R,,Daniel Ricciardo,RB,9.0,,Finished,,,,,,108.38,48.0
2024,Azerbaijan Grand Prix,R,,George Russell,Mercedes,15.0,,Finished,,,,,,106.628,46.0
2024,Azerbaijan Grand Prix,R,,Carlos Sainz,Ferrari,17.0,,Finished,,,,,,106.866,46.0
2024,Azerbaijan Grand Prix,R,,Lance Stroll,Aston Martin,2.0,,Finished,,,,,,108.148,40.0
2024,Azerbaijan Grand Prix,R,,Yuki Tsunoda,RB,4.0,,Finished,,,,,,110.887,7.0
2024,Azerbaijan Grand Prix,R,,Max Verstappen,Red Bull Racing,14.0,,Finished,,,,,,106.798,46.0
2024,Azerbaijan Grand Prix,R,,Zhou Guanyu,Kick Sauber,2.0,,Finished,,,,,,107.644,47.0
2024,Austrian Grand Prix,R,,Alexander Albon,Williams,14.0,,Finished,,0.0,,,,70.364,64.0
2024,Austrian Grand Prix,R,,Fernando Alonso,Aston Martin,18.0,,Finished,,0.0,,,,67.694,62.0
2024,Austrian Grand Prix,R,,Valtteri Bottas,Kick Sauber,17.0,,Finished,,0.0,,,,70.449,63.0
2024,Austrian Grand Prix,R,,Pierre Gasly,Alpine,11.0,,Finished,,0.0,,,,69.609,65.0
2024,Austrian Grand Prix,R,,Lewis Hamilton,Mercedes,6.0,,Finished,,8.0,,,,69.562,64.0
2024,Austrian Grand Prix,R,,Nico Hulkenberg,Haas F1 Team,12.0,,Finished,,0.0,,,,70.215,64.0
2024,Austrian Grand Prix,R,,Charles Leclerc,Ferrari,19.0,,Finished,,0.0,,,,69.584,62.0
2024,Austrian Grand Prix,R,,Kevin Magnussen,Haas F1 Team,9.0,,Finished,,2.0,,,,70.125,65.0
2024,Austrian Grand Prix,R,,Lando Norris,McLaren,2.0,,Finished,,18.0,,,,68.016,58.0
2024,Austrian Grand Prix,R,,Esteban Ocon,Alpine,8.0,,Finished,,4.0,,,,69.649,64.0
2024,Austrian Grand Prix,R,,Sergio Perez,Red Bull Racing,7.0,,Finished,,6.0,,,,69.694,64.0
2024,Austrian Grand Prix,R,,Oscar Piastri,McLaren,4.0,,Finished,,12.0,,,,68.697,66.0
2024,Austrian Grand Prix,R,,Daniel Ricciardo,RB,10.0,,Finished,,1.0,,,,70.426,65.0
2024,Austrian Grand Prix,R,,George Russell,Mercedes,3.0,,Finished,,15.0,,,,69.164,65.0
2024,Austrian Grand Prix,R,,Carlos Sainz,Ferrari,5.0,,Finished,,10.0,,,,69.282,65.0
2024,Austrian Grand Prix,R,,Sarah (unknown),Williams,20.0,,Finished,,0.0,,,,70.406,56.0
2024,Austrian Grand Prix,R,,Lance Stroll,Aston Martin,13.0,,Finished,,0.0,,,,70.143,64.0
2024,Austrian Grand Prix,R,,Yuki Tsunoda,RB,16.0,,Finished,,0.0,,,,70.318,63.0
2024,Austrian Grand Prix,R,,Max Verstappen,Red Bull Racing,1.0,,Finished,,25.0,,,,67.719,64.0
2024,Austrian Grand Prix,R,,Zhou Guanyu,Kick Sauber,15.0,,Finished,,0.0,,,,70.47,59.0
2024,Dutch Grand Prix,R,,Alexander Albon,Williams,18.0,,Finished,,0.0,,,,74.434,65.0
2024,Dutch Grand Prix,R,,Fernando Alonso,Aston Martin,10.0,,Finished,,1.0,,,,74.758,68.0
2024,Dutch Grand Prix,R,,Valtteri Bottas,Kick Sauber,15.0,,Finished,,0.0,,,,75.822,65.0
2024,Dutch Grand Prix,R,,Pierre Gasly,Alpine,9.0,,Finished,,2.0,,,,74.855,68.0
2024,Dutch Grand Prix,R,,Lewis Hamilton,Mercedes,8.0,,Finished,,4.0,,,,73.878,68.0
2024,Dutch Grand Prix,R,,Nico Hulkenberg,Haas F1 Team,11.0,,Finished,,0.0,,,,75.657,68.0
2024,Dutch Grand Prix,R,,Charles Leclerc,Ferrari,5.0,,Finished,,10.0,,,,74.585,69.0
2024,Dutch Grand Prix,R,,Kevin Magnussen,Haas F1 Team,19.0,,Finished,,0.0,,,,74.954,66.0
2024,Dutch Grand Prix,R,,Lando Norris,McLaren,1.0,,Finished,,25.0,,,,73.817,70.0
2024,Dutch Grand Prix,R,,Esteban Ocon,Alpine,17.0,,Finished,,0.0,,,,75.39,67.0
2024,Dutch Grand Prix,R,,Sergio Perez,Red Bull Racing,6.0,,Finished,,8.0,,,,74.587,69.0
2024,Dutch Grand Prix,R,,Oscar Piastri,McLaren,2.0,,Finished,,18.0,,,,74.237,70.0
2024,Dutch Grand Prix,R,,Daniel Ricciardo,RB,16.0,,Finished,,0.0,,,,75.222,68.0
2024,Dutch Grand Prix,R,,George Russell,Mercedes,4.0,,Finished,,12.0,,,,73.927,68.0
2024,Dutch Grand Prix,R,,Carlos Sainz,Ferrari,7.0,,Finished,,6.0,,,,74.117,69.0
2024,Dutch Grand Prix,R,,Sarah (unknown),Williams,14.0,,Finished,,0.0,,,,75.539,67.0
2024,Dutch Grand Prix,R,,Lance Stroll,Aston Martin,12.0,,Finished,,0.0,,,,75.255,68.0
2024,Dutch Grand Prix,R,,Yuki Tsunoda,RB,13.0,,Finished,,0.0,,,,75.552,66.0
2024,Dutch Grand Prix,R,,Max Verstappen,Red Bull Racing,3.0,,Finished,,15.0,,,,74.752,69.0
2024,Dutch Grand Prix,R,,Zhou Guanyu,Kick Sauber,20.0,,Finished,,0.0,,,,75.724,62.0
2024,Monaco Grand Prix,R,,Alexander Albon,Williams,9.0,,Finished,,2.0,,,,77.06,23.0
2024,Monaco Grand Prix,R,,Fernando Alonso,Aston Martin,12.0,,Finished,,0.0,,,,77.939,34.0
2024,Monaco Grand Prix,R,,Valtteri Bottas,Kick Sauber,14.0,,Finished,,0.0,,,,76.561,26.0
2024,Monaco Grand Prix,R,,Pierre Gasly,Alpine,10.0,,Finished,,1.0,,,,75.625,44.0
2024,Monaco Grand Prix,R,,Lewis Hamilton,Mercedes,7.0,,Finished,,6.0,,,,74.165,60.0
2024,Monaco Grand Prix,R,,Charles Leclerc,Ferrari,1.0,,Finished,,25.0,,,,75.162,60.0
2024,Monaco Grand Prix,R,,Lando Norris,McLaren,4.0,,Finished,,12.0,,,,75.742,57.0
2024,Monaco Grand Prix,R,,Oscar Piastri,McLaren,2.0,,Finished,,18.0,,,,76.281,59.0
2024,Monaco Grand Prix,R,,Daniel Ricciardo,RB,13.0,,Finished,,0.0,,,,77.172,22.0
2024,Monaco Grand Prix,R,,George Russell,Mercedes,5.0,,Finished,,10.0,,,,75.228,65.0
2024,Monaco Grand Prix,R,,Carlos Sainz,Ferrari,3.0,,Finished,,15.0,,,,74.726,55.0
2024,Monaco Grand Prix,R,,Sarah (unknown),Williams,16.0,,Finished,,0.0,,,,75.525,18.0
2024,Monaco Grand Prix,R,,Lance Stroll,Aston Martin,11.0,,Finished,,0.0,,,,76.71,43.0
2024,Monaco Grand Prix,R,,Yuki Tsunoda,RB,8.0,,Finished,,4.0,,,,74.72,20.0
2024,Monaco Grand Prix,R,,Max Verstappen,Red Bull Racing,6.0,,Finished,,8.0,,,,74.569,65.0
2024,Monaco Grand Prix,R,,Zhou Guanyu,Kick Sauber,15.0,,Finished,,0.0,,,,74.718,10.0
2024,Canadian Grand Prix,R,,Alexander Albon,Williams,14.0,,Finished,,0.0,,,,79.359,21.0
2024,Canadian Grand Prix,R,,Fernando Alonso,Aston Martin,7.0,,Finished,,6.0,,,,76.303,37.0
2024,Canadian Grand Prix,R,,Valtteri Bottas,Kick Sauber,18.0,,Finished,,0.0,,,,77.25,26.0
2024,Canadian Grand Prix,R,,Pierre Gasly,Alpine,16.0,,Finished,,0.0,,,,77.013,28.0
2024,Canadian Grand Prix,R,,Lewis Hamilton,Mercedes,6.0,,Finished,,8.0,,,,74.856,40.0
2024,Canadian Grand Prix,R,,Nico Hulkenberg,Haas F1 Team,13.0,,Finished,,0.0,,,,76.683,40.0
2024,Canadian Grand Prix,R,,Charles Leclerc,Ferrari,11.0,,Finished,,0.0,,,,86.012,16.0
2024,Canadian Grand Prix,R,,Kevin Magnussen,Haas F1 Team,5.0,,Finished,,10.0,,,,76.499,33.0
2024,Canadian Grand Prix,R,,Lando Norris,McLaren,3.0,,Finished,,15.0,,,,75.558,45.0
2024,Canadian Grand Prix,R,,Esteban Ocon,Alpine,12.0,,Finished,,0.0,,,,77.012,32.0
2024,Canadian Grand Prix,R,,Sergio Perez,Red Bull Racing,17.0,,Finished,,0.0,,,,78.819,19.0
2024,Canadian Grand Prix,R,,Oscar Piastri,McLaren,4.0,,Finished,,12.0,,,,76.247,42.0
2024,Canadian Grand Prix,R,,Daniel Ricciardo,RB,8.0,,Finished,,4.0,,,,77.076,33.0
2024,Canadian Grand Prix,R,,George Russell,Mercedes,1.0,,Finished,,25.0,,,,74.895,40.0
2024,Canadian Grand Prix,R,,Carlos Sainz,Ferrari,15.0,,Finished,,0.0,,,,78.957,21.0
2024,Canadian Grand Prix,R,,Sarah (unknown),Williams,20.0,,Finished,,0.0,,,,86.484,5.0
2024,Canadian Grand Prix,R,,Lance Stroll,Aston Martin,10.0,,Finished,,1.0,,,,76.762,33.0
2024,Canadian Grand Prix,R,,Yuki Tsunoda,RB,9.0,,Finished,,2.0,,,,77.309,30.0
2024,Canadian Grand Prix,R,,Max Verstappen,Red Bull Racing,2.0,,Finished,,18.0,,,,75.569,41.0
2024,Canadian Grand Prix,R,,Zhou Guanyu,Kick Sauber,19.0,,Finished,,0.0,,,,77.325,24.0
2024,Mexico City Grand Prix,R,,Fernando Alonso,Aston Martin,14.0,,Finished,,0.0,,,,82.722,7.0
2024,Mexico City Grand Prix,R,,Valtteri Bottas,Kick Sauber,12.0,,Finished,,0.0,,,,81.085,62.0
2024,Mexico City Grand Prix,R,,Franco Colapinto,Williams,15.0,,Finished,,0.0,,,,80.09,62.0
2024,Mexico City Grand Prix,R,,Pierre Gasly,Alpine,10.0,,Finished,,1.0,,,,81.274,62.0
2024,Mexico City Grand Prix,R,,Lewis Hamilton,Mercedes,7.0,,Finished,,6.0,,,,80.371,63.0
2024,Mexico City Grand Prix,R,,Nico Hulkenberg,Haas F1 Team,9.0,,Finished,,2.0,,,,80.748,61.0
2024,Mexico City Grand Prix,R,,Liam Lawson,RB,11.0,,Finished,,0.0,,,,79.502,58.0
2024,Mexico City Grand Prix,R,,Charles Leclerc,Ferrari,2.0,,Finished,,18.0,,,,78.336,62.0
2024,Mexico City Grand Prix,R,,Kevin Magnussen,Haas F1 Team,5.0,,Finished,,10.0,,,,80.637,63.0
2024,Mexico City Grand Prix,R,,Lando Norris,McLaren,3.0,,Finished,,15.0,,,,79.691,63.0
2024,Mexico City Grand Prix,R,,Esteban Ocon,Alpine,16.0,,Finished,,0.0,,,,80.659,61.0
2024,Mexico City Grand Prix,R,,Sergio Perez,Red Bull Racing,18.0,,Finished,,0.0,,,,79.209,56.0
2024,Mexico City Grand Prix,R,,Oscar Piastri,McLaren,8.0,,Finished,,4.0,,,,80.064,64.0
2024,Mexico City Grand Prix,R,,George Russell,Mercedes,6.0,,Finished,,8.0,,,,80.731,63.0
2024,Mexico City Grand Prix,R,,Carlos Sainz,Ferrari,1.0,,Finished,,25.0,,,,80.137,64.0
2024,Mexico City Grand Prix,R,,Lance Stroll,Aston Martin,13.0,,Finished,,0.0,,,,81.311,62.0
2024,Mexico City Grand Prix,R,,Max Verstappen,Red Bull Racing,4.0,,Finished,,12.0,,,,80.872,64.0
2024,Mexico City Grand Prix,R,,Zhou Guanyu,Kick Sauber,17.0,,Finished,,0.0,,,,81.553,60.0
2024,Emilia Romagna Grand Prix,R,,Alexander Albon,Williams,20.0,,Finished,,0.0,,,,81.274,41.0
2024,Emilia Romagna Grand Prix,R,,Fernando Alonso,Aston Martin,19.0,,Finished,,0.0,,,,79.004,55.0
2024,Emilia Romagna Grand Prix,R,,Valtteri Bottas,Kick Sauber,15.0,,Finished,,0.0,,,,81.455,56.0
2024,Emilia Romagna Grand Prix,R,,Pierre Gasly,Alpine,18.0,,Finished,,0.0,,,,81.371,57.0
2024,Emilia Romagna Grand Prix,R,,Lewis Hamilton,Mercedes,8.0,,Finished,,4.0,,,,80.331,59.0
2024,Emilia Romagna Grand Prix,R,,Nico Hulkenberg,Haas F1 Team,11.0,,Finished,,0.0,,,,81.7,59.0
2024,Emilia Romagna Grand Prix,R,,Charles Leclerc,Ferrari,2.0,,Finished,,18.0,,,,79.935,60.0
2024,Emilia Romagna Grand Prix,R,,Kevin Magnussen,Haas F1 Team,16.0,,Finished,,0.0,,,,81.009,59.0
2024,Emilia Romagna Grand Prix,R,,Lando Norris,McLaren,3.0,,Finished,,15.0,,,,79.994,60.0
2024,Emilia Romagna Grand Prix,R,,Esteban Ocon,Alpine,14.0,,Finished,,0.0,,,,81.304,58.0
2024,Emilia Romagna Grand Prix,R,,Sergio Perez,Red Bull Racing,7.0,,Finished,,6.0,,,,79.686,59.0
2024,Emilia Romagna Grand Prix,R,,Oscar Piastri,McLaren,5.0,,Finished,,10.0,,,,79.907,60.0
2024,Emilia Romagna Grand Prix,R,,Daniel Ricciardo,RB,12.0,,Finished,,0.0,,,,81.569,58.0
2024,Emilia Romagna Grand Prix,R,,George Russell,Mercedes,6.0,,Finished,,8.0,,,,78.589,58.0
2024,Emilia Romagna Grand Prix,R,,Carlos Sainz,Ferrari,4.0,,Finished,,12.0,,,,80.22,60.0
2024,Emilia Romagna Grand Prix,R,,Sarah (unknown),Williams,13.0,,Finished,,0.0,,,,81.229,57.0
2024,Emilia Romagna Grand Prix,R,,Lance Stroll,Aston Martin,9.0,,Finished,,2.0,,,,80.57,60.0
2024,Emilia Romagna Grand Prix,R,,Yuki Tsunoda,RB,10.0,,Finished,,1.0,,,,80.936,58.0
2024,Emilia Romagna Grand Prix,R,,Max Verstappen,Red Bull Racing,1.0,,Finished,,25.0,,,,80.366,60.0
2024,Emilia Romagna Grand Prix,R,,Zhou Guanyu,Kick Sauber,17.0,,Finished,,0.0,,,,81.016,57.0
2024,Australian Grand Prix,R,,Alexander Albon,Williams,16.0,,Finished,,0.0,,,,81.618,50.0
2024,Australian Grand Prix,R,,Fernando Alonso,Aston Martin,6.0,,Finished,,8.0,,,,80.493,51.0
2024,Australian Grand Prix,R,,Valtteri Bottas,Kick Sauber,18.0,,Finished,,0.0,,,,81.422,48.0
2024,Australian Grand Prix,R,,Pierre Gasly,Alpine,9.0,,Finished,,2.0,,,,81.09,50.0
2024,Australian Grand Prix,R,,Lewis Hamilton,Mercedes,14.0,,Finished,,0.0,,,,82.444,12.0
2024,Australian Grand Prix,R,,Nico Hulkenberg,Haas F1 Team,7.0,,Finished,,6.0,,,,81.145,51.0
2024,Australian Grand Prix,R,,Charles Leclerc,Ferrari,5.0,,Finished,,10.0,,,,79.813,50.0
2024,Australian Grand Prix,R,,Kevin Magnussen,Haas F1 Team,13.0,,Finished,,0.0,,,,81.082,50.0
2024,Australian Grand Prix,R,,Lando Norris,McLaren,4.0,,Finished,,12.0,,,,79.915,50.0
2024,Australian Grand Prix,R,,Esteban Ocon,Alpine,15.0,,Finished,,0.0,,,,81.354,47.0
2024,Australian Grand Prix,R,,Sergio Perez,Red Bull Racing,12.0,,Finished,,0.0,,,,80.388,50.0
2024,Australian Grand Prix,R,,Oscar Piastri,McLaren,3.0,,Finished,,15.0,,,,80.199,50.0
2024,Australian Grand Prix,R,,Daniel Ricciardo,RB,19.0,,Finished,,0.0,,,,81.239,50.0
2024,Australian Grand Prix,R,,George Russell,Mercedes,8.0,,Finished,,4.0,,,,80.284,49.0
2024,Australian Grand Prix,R,,Carlos Sainz,Ferrari,1.0,,Finished,,25.0,,,,80.031,51.0
2024,Australian Grand Prix,R,,Lance Stroll,Aston Martin,10.0,,Finished,,1.0,,,,80.93,49.0
2024,Australian Grand Prix,R,,Yuki Tsunoda,RB,11.0,,Finished,,0.0,,,,81.134,50.0
2024,Australian Grand Prix,R,,Max Verstappen,Red Bull Racing,2.0,,DNF,,18.0,,,,83.115,2.0
2024,Australian Grand Prix,R,,Zhou Guanyu,Kick Sauber,17.0,,Finished,,0.0,,,,81.327,49.0
2024,Hungarian Grand Prix,R,,Alexander Albon,Williams,8.0,,Finished,,4.0,,,,83.93,56.0
2024,Hungarian Grand Prix,R,,Fernando Alonso,Aston Martin,10.0,,Finished,,1.0,,,,83.063,65.0
2024,Hungarian Grand Prix,R,,Valtteri Bottas,Kick Sauber,15.0,,Finished,,0.0,,,,82.792,55.0
2024,Hungarian Grand Prix,R,,Pierre Gasly,Alpine,16.0,,Finished,,0.0,,,,83.34,19.0
2024,Hungarian Grand Prix,R,,Lewis Hamilton,Mercedes,3.0,,Finished,,15.0,,,,82.153,65.0
2024,Hungarian Grand Prix,R,,Nico Hulkenberg,Haas F1 Team,14.0,,Finished,,0.0,,,,83.461,53.0
2024,Hungarian Grand Prix,R,,Charles Leclerc,Ferrari,5.0,,Finished,,10.0,,,,82.182,65.0
2024,Hungarian Grand Prix,R,,Kevin Magnussen,Haas F1 Team,9.0,,Finished,,2.0,,,,83.553,54.0
2024,Hungarian Grand Prix,R,,Lando Norris,McLaren,2.0,,Finished,,18.0,,,,81.712,65.0
2024,Hungarian Grand Prix,R,,Esteban Ocon,Alpine,18.0,,Finished,,0.0,,,,81.61,55.0
2024,Hungarian Grand Prix,R,,Sergio Perez,Red Bull Racing,11.0,,Finished,,0.0,,,,81.096,60.0
2024,Hungarian Grand Prix,R,,Oscar Piastri,McLaren,1.0,,Finished,,25.0,,,,81.716,66.0
2024,Hungarian Grand Prix,R,,Daniel Ricciardo,RB,12.0,,Finished,,0.0,,,,82.64,59.0
2024,Hungarian Grand Prix,R,,George Russell,Mercedes,7.0,,Finished,,6.0,,,,80.305,59.0
2024,Hungarian Grand Prix,R,,Carlos Sainz,Ferrari,6.0,,Finished,,8.0,,,,81.441,65.0
2024,Hungarian Grand Prix,R,,Sarah (unknown),Williams,19.0,,Finished,,0.0,,,,80.561,56.0
2024,Hungarian Grand Prix,R,,Lance Stroll,Aston Martin,17.0,,Finished,,0.0,,,,82.338,63.0
2024,Hungarian Grand Prix,R,,Yuki Tsunoda,RB,13.0,,Finished,,0.0,,,,83.533,65.0
2024,Hungarian Grand Prix,R,,Max Verstappen,Red Bull Racing,4.0,,Finished,,12.0,,,,80.908,64.0
2024,Hungarian Grand Prix,R,,Zhou Guanyu,Kick Sauber,20.0,,Finished,,0.0,,,,83.487,52.0
2024,São Paulo Grand Prix,R,,Fernando Alonso,Aston Martin,8.0,,Finished,,4.0,,,,82.293,45.0
2024,São Paulo Grand Prix,R,,Oliver Bearman,Haas F1 Team,17.0,,Finished,,0.0,,,,82.494,45.0
2024,São Paulo Grand Prix,R,,Valtteri Bottas,Kick Sauber,14.0,,Finished,,0.0,,,,82.877,41.0
2024,São Paulo Grand Prix,R,,Franco Colapinto,Williams,13.0,,Finished,,0.0,,,,84.296,18.0
2024,São Paulo Grand Prix,R,,Pierre Gasly,Alpine,10.0,,Finished,,1.0,,,,81.645,48.0
2024,São Paulo Grand Prix,R,,Lewis Hamilton,Mercedes,12.0,,Finished,,0.0,,,,82.041,45.0
2024,São Paulo Grand Prix,R,,Nico Hulkenberg,Haas F1 Team,11.0,,Finished,,0.0,,,,83.764,20.0
2024,São Paulo Grand Prix,R,,Liam Lawson,RB,5.0,,Finished,,10.0,,,,82.123,46.0
2024,São Paulo Grand Prix,R,,Charles Leclerc,Ferrari,6.0,,Finished,,8.0,,,,81.631,47.0
2024,São Paulo Grand Prix,R,,Lando Norris,McLaren,1.0,,Finished,,25.0,,,,81.517,52.0
2024,São Paulo Grand Prix,R,,Esteban Ocon,Alpine,3.0,,Finished,,15.0,,,,81.771,53.0
2024,São Paulo Grand Prix,R,,Sergio Perez,Red Bull Racing,16.0,,Finished,,0.0,,,,82.143,47.0
2024,São Paulo Grand Prix,R,,Oscar Piastri,McLaren,7.0,,Finished,,6.0,,,,81.532,48.0
2024,São Paulo Grand Prix,R,,George Russell,Mercedes,4.0,,Finished,,12.0,,,,81.645,53.0
2024,São Paulo Grand Prix,R,,Carlos Sainz,Ferrari,15.0,,Finished,,0.0,,,,84.201,17.0
2024,São Paulo Grand Prix,R,,Yuki Tsunoda,RB,2.0,,Finished,,18.0,,,,81.828,50.0
2024,São Paulo Grand Prix,R,,Max Verstappen,Red Bull Racing,9.0,,Finished,,2.0,,,,80.472,52.0
2024,São Paulo Grand Prix,R,,Zhou Guanyu,Kick Sauber,18.0,,Finished,,0.0,,,,83.058,34.0
2024,Italian Grand Prix,R,,Alexander Albon,Williams,9.0,,Finished,,2.0,,,,83.918,50.0
2024,Italian Grand Prix,R,,Fernando Alonso,Aston Martin,10.0,,Finished,,1.0,,,,82.944,48.0
2024,Italian Grand Prix,R,,Valtteri Bottas,Kick Sauber,13.0,,Finished,,0.0,,,,83.609,44.0
2024,Italian Grand Prix,R,,Franco Colapinto,Williams,19.0,,Finished,,0.0,,,,83.728,49.0
2024,Italian Grand Prix,R,,Pierre Gasly,Alpine,15.0,,Finished,,0.0,,,,83.755,46.0
2024,Italian Grand Prix,R,,Lewis Hamilton,Mercedes,4.0,,Finished,,12.0,,,,81.512,48.0
2024,Italian Grand Prix,R,,Nico Hulkenberg,Haas F1 Team,20.0,,Finished,,0.0,,,,83.275,45.0
2024,Italian Grand Prix,R,,Charles Leclerc,Ferrari,2.0,,Finished,,18.0,,,,83.226,50.0
2024,Italian Grand Prix,R,,Kevin Magnussen,Haas F1 Team,14.0,,Finished,,0.0,,,,83.437,50.0
2024,Italian Grand Prix,R,,Lando Norris,McLaren,5.0,,Finished,,10.0,,,,81.432,48.0
2024,Italian Grand Prix,R,,Esteban Ocon,Alpine,16.0,,Finished,,0.0,,,,84.343,47.0
2024,Italian Grand Prix,R,,Sergio Perez,Red Bull Racing,8.0,,Finished,,4.0,,,,82.971,48.0
2024,Italian Grand Prix,R,,Oscar Piastri,McLaren,1.0,,Finished,,25.0,,,,81.943,48.0
2024,Italian Grand Prix,R,,Daniel Ricciardo,RB,12.0,,Finished,,0.0,,,,84.219,50.0
2024,Italian Grand Prix,R,,George Russell,Mercedes,7.0,,Finished,,6.0,,,,82.036,48.0
2024,Italian Grand Prix,R,,Carlos Sainz,Ferrari,3.0,,Finished,,15.0,,,,83.219,50.0
2024,Italian Grand Prix,R,,Lance Stroll,Aston Martin,11.0,,Finished,,0.0,,,,82.232,42.0
2024,Italian Grand Prix,R,,Yuki Tsunoda,RB,18.0,,DNF,,0.0,,,,86.198,2.0
2024,Italian Grand Prix,R,,Max Verstappen,Red Bull Racing,6.0,,Finished,,8.0,,,,81.745,48.0
2024,Italian Grand Prix,R,,Zhou Guanyu,Kick Sauber,17.0,,Finished,,0.0,,,,85.092,44.0
2024,Qatar Grand Prix,R,,Alexander Albon,Williams,12.0,,Finished,,0.0,,,,85.559,40.0
2024,Qatar Grand Prix,R,,Fernando Alonso,Aston Martin,13.0,,Finished,,0.0,,,,83.667,44.0
2024,Qatar Grand Prix,R,,Valtteri Bottas,Kick Sauber,15.0,,Finished,,0.0,,,,85.533,39.0
2024,Qatar Grand Prix,R,,Pierre Gasly,Alpine,11.0,,Finished,,0.0,,,,83.705,44.0
2024,Qatar Grand Prix,R,,Lewis Hamilton,Mercedes,8.0,,Finished,,4.0,,,,83.865,42.0
2024,Qatar Grand Prix,R,,Nico Hulkenberg,Haas F1 Team,17.0,,Finished,,0.0,,,,85.767,21.0
2024,Qatar Grand Prix,R,,Liam Lawson,RB,16.0,,Finished,,0.0,,,,86.076,43.0
2024,Qatar Grand Prix,R,,Charles Leclerc,Ferrari,5.0,,Finished,,10.0,,,,83.242,45.0
2024,Qatar Grand Prix,R,,Kevin Magnussen,Haas F1 Team,9.0,,Finished,,2.0,,,,84.259,41.0
2024,Qatar Grand Prix,R,,Lando Norris,McLaren,4.0,,Finished,,12.0,,,,82.384,44.0
2024,Qatar Grand Prix,R,,Sergio Perez,Red Bull Racing,7.0,,Finished,,6.0,,,,85.288,29.0
2024,Qatar Grand Prix,R,,Oscar Piastri,McLaren,3.0,,Finished,,15.0,,,,83.218,45.0
2024,Qatar Grand Prix,R,,George Russell,Mercedes,2.0,,Finished,,18.0,,,,83.355,43.0
2024,Qatar Grand Prix,R,,Carlos Sainz,Ferrari,6.0,,Finished,,8.0,,,,83.465,44.0
2024,Qatar Grand Prix,R,,Yuki Tsunoda,RB,10.0,,Finished,,1.0,,,,86.144,44.0
2024,Qatar Grand Prix,R,,Max Verstappen,Red Bull Racing,1.0,,Finished,,25.0,,,,82.905,45.0
2024,Qatar Grand Prix,R,,Zhou Guanyu,Kick Sauber,14.0,,Finished,,0.0,,,,83.889,44.0
2024,Abu Dhabi Grand Prix,R,,Alexander Albon,Williams,15.0,,Finished,,0.0,,,,89.438,53.0
2024,Abu Dhabi Grand Prix,R,,Fernando Alonso,Aston Martin,9.0,,Finished,,2.0,,,,87.948,53.0
2024,Abu Dhabi Grand Prix,R,,Valtteri Bottas,Kick Sauber,16.0,,Finished,,0.0,,,,89.482,24.0
2024,Abu Dhabi Grand Prix,R,,Franco Colapinto,Williams,19.0,,Finished,,0.0,,,,89.411,21.0
2024,Abu Dhabi Grand Prix,R,,Jack Doohan,Alpine,14.0,,Finished,,0.0,,,,89.121,53.0
2024,Abu Dhabi Grand Prix,R,,Pierre Gasly,Alpine,6.0,,Finished,,8.0,,,,89.212,54.0
2024,Abu Dhabi Grand Prix,R,,Lewis Hamilton,Mercedes,7.0,,Finished,,6.0,,,,87.278,54.0
2024,Abu Dhabi Grand Prix,R,,Nico Hulkenberg,Haas F1 Team,8.0,,Finished,,4.0,,,,89.152,54.0
2024,Abu Dhabi Grand Prix,R,,Liam Lawson,RB,17.0,,Finished,,0.0,,,,88.751,48.0
2024,Abu Dhabi Grand Prix,R,,Charles Leclerc,Ferrari,5.0,,Finished,,10.0,,,,88.018,54.0
2024,Abu Dhabi Grand Prix,R,,Kevin Magnussen,Haas F1 Team,10.0,,Finished,,1.0,,,,85.637,49.0
2024,Abu Dhabi Grand Prix,R,,Lando Norris,McLaren,1.0,,Finished,,25.0,,,,87.438,54.0
2024,Abu Dhabi Grand Prix,R,,Oscar Piastri,McLaren,18.0,,Finished,,0.0,,,,87.69,53.0
2024,Abu Dhabi Grand Prix,R,,George Russell,Mercedes,3.0,,Finished,,15.0,,,,88.195,54.0
2024,Abu Dhabi Grand Prix,R,,Carlos Sainz,Ferrari,2.0,,Finished,,18.0,,,,87.765,54.0
2024,Abu Dhabi Grand Prix,R,,Lance Stroll,Aston Martin,12.0,,Finished,,0.0,,,,88.604,52.0
2024,Abu Dhabi Grand Prix,R,,Yuki Tsunoda,RB,11.0,,Finished,,0.0,,,,89.2,53.0
2024,Abu Dhabi Grand Prix,R,,Max Verstappen,Red Bull Racing,4.0,,Finished,,12.0,,,,87.765,54.0
2024,Abu Dhabi Grand Prix,R,,Zhou Guanyu,Kick Sauber,13.0,,Finished,,0.0,,,,87.982,52.0
2024,British Grand Prix,R,,Alexander Albon,Williams,11.0,,Finished,,0.0,,,,89.718,36.0
2024,British Grand Prix,R,,Fernando Alonso,Aston Martin,10.0,,Finished,,1.0,,,,89.71,36.0
2024,British Grand Prix,R,,Valtteri Bottas,Kick Sauber,16.0,,Finished,,0.0,,,,91.277,30.0
2024,British Grand Prix,R,,Lewis Hamilton,Mercedes,2.0,,Finished,,18.0,,,,89.438,42.0
2024,British Grand Prix,R,,Nico Hulkenberg,Haas F1 Team,7.0,,Finished,,6.0,,,,89.836,36.0
2024,British Grand Prix,R,,Charles Leclerc,Ferrari,15.0,,Finished,,0.0,,,,89.748,33.0
2024,British Grand Prix,R,,Kevin Magnussen,Haas F1 Team,13.0,,Finished,,0.0,,,,90.093,37.0
2024,British Grand Prix,R,,Lando Norris,McLaren,1.0,,Finished,,25.0,,,,89.262,43.0
2024,British Grand Prix,R,,Esteban Ocon,Alpine,18.0,,Finished,,0.0,,,,90.875,26.0
2024,British Grand Prix,R,,Sergio Perez,Red Bull Racing,17.0,,Finished,,0.0,,,,89.707,31.0
2024,British Grand Prix,R,,Oscar Piastri,McLaren,5.0,,Finished,,10.0,,,,88.748,40.0
2024,British Grand Prix,R,,Daniel Ricciardo,RB,12.0,,Finished,,0.0,,,,90.735,31.0
2024,British Grand Prix,R,,George Russell,Mercedes,4.0,,Finished,,12.0,,,,91.298,24.0
2024,British Grand Prix,R,,Carlos Sainz,Ferrari,6.0,,Finished,,8.0,,,,88.293,37.0
2024,British Grand Prix,R,,Sarah (unknown),Williams,14.0,,Finished,,0.0,,,,89.972,37.0
2024,British Grand Prix,R,,Lance Stroll,Aston Martin,8.0,,Finished,,4.0,,,,89.897,35.0
2024,British Grand Prix,R,,Yuki Tsunoda,RB,9.0,,Finished,,2.0,,,,90.229,35.0
2024,British Grand Prix,R,,Max Verstappen,Red Bull Racing,3.0,,Finished,,15.0,,,,88.952,42.0
2024,British Grand Prix,R,,Zhou Guanyu,Kick Sauber,19.0,,Finished,,0.0,,,,91.014,24.0
2024,Miami Grand Prix,R,,Alexander Albon,Williams,13.0,,Finished,,0.0,,,,90.849,45.0
2024,Miami Grand Prix,R,,Fernando Alonso,Aston Martin,12.0,,Finished,,0.0,,,,91.727,49.0
2024,Miami Grand Prix,R,,Valtteri Bottas,Kick Sauber,18.0,,Finished,,0.0,,,,92.098,48.0
2024,Miami Grand Prix,R,,Pierre Gasly,Alpine,11.0,,Finished,,0.0,,,,92.055,47.0
2024,Miami Grand Prix,R,,Lewis Hamilton,Mercedes,7.0,,Finished,,6.0,,,,91.233,48.0
2024,Miami Grand Prix,R,,Nico Hulkenberg,Haas F1 Team,6.0,,Finished,,8.0,,,,91.941,47.0
2024,Miami Grand Prix,R,,Charles Leclerc,Ferrari,2.0,,Finished,,18.0,,,,91.084,48.0
2024,Miami Grand Prix,R,,Kevin Magnussen,Haas F1 Team,19.0,,Finished,,0.0,,,,91.774,49.0
2024,Miami Grand Prix,R,,Lando Norris,McLaren,5.0,,Finished,,10.0,,,,90.98,51.0
2024,Miami Grand Prix,R,,Esteban Ocon,Alpine,14.0,,Finished,,0.0,,,,92.037,49.0
2024,Miami Grand Prix,R,,Sergio Perez,Red Bull Racing,4.0,,Finished,,12.0,,,,90.855,48.0
2024,Miami Grand Prix,R,,Oscar Piastri,McLaren,16.0,,Finished,,0.0,,,,90.634,47.0
2024,Miami Grand Prix,R,,Daniel Ricciardo,RB,20.0,,Finished,,0.0,,,,92.122,49.0
2024,Miami Grand Prix,R,,George Russell,Mercedes,8.0,,Finished,,4.0,,,,91.921,48.0
2024,Miami Grand Prix,R,,Carlos Sainz,Ferrari,3.0,,Finished,,15.0,,,,90.928,49.0
2024,Miami Grand Prix,R,,Sarah (unknown),Williams,15.0,,Finished,,0.0,,,,93.452,22.0
2024,Miami Grand Prix,R,,Lance Stroll,Aston Martin,10.0,,Finished,,1.0,,,,91.588,47.0
2024,Miami Grand Prix,R,,Yuki Tsunoda,RB,9.0,,Finished,,2.0,,,,91.682,50.0
2024,Miami Grand Prix,R,,Max Verstappen,Red Bull Racing,1.0,,Finished,,25.0,,,,91.261,49.0
2024,Miami Grand Prix,R,,Zhou Guanyu,Kick Sauber,17.0,,Finished,,0.0,,,,91.991,49.0
2024,Saudi Arabian Grand Prix,R,,Alexander Albon,Williams,12.0,,Finished,,0.0,,,,92.307,45.0
2024,Saudi Arabian Grand Prix,R,,Fernando Alonso,Aston Martin,7.0,,Finished,,6.0,,,,92.387,46.0
2024,Saudi Arabian Grand Prix,R,,Oliver Bearman,Haas F1 Team,10.0,,Finished,,1.0,,,,92.186,45.0
2024,Saudi Arabian Grand Prix,R,,Valtteri Bottas,Kick Sauber,18.0,,Finished,,0.0,,,,92.706,42.0
2024,Saudi Arabian Grand Prix,R,,Lewis Hamilton,Mercedes,6.0,,Finished,,8.0,,,,91.746,45.0
2024,Saudi Arabian Grand Prix,R,,Nico Hulkenberg,Haas F1 Team,14.0,,Finished,,0.0,,,,92.366,45.0
2024,Saudi Arabian Grand Prix,R,,Charles Leclerc,Ferrari,4.0,,Finished,,12.0,,,,91.632,46.0
2024,Saudi Arabian Grand Prix,R,,Kevin Magnussen,Haas F1 Team,11.0,,Finished,,0.0,,,,92.338,45.0
2024,Saudi Arabian Grand Prix,R,,Lando Norris,McLaren,3.0,,Finished,,15.0,,,,91.944,45.0
2024,Saudi Arabian Grand Prix,R,,Esteban Ocon,Alpine,16.0,,Finished,,0.0,,,,93.481,44.0
2024,Saudi Arabian Grand Prix,R,,Sergio Perez,Red Bull Racing,2.0,,Finished,,18.0,,,,92.273,46.0
2024,Saudi Arabian Grand Prix,R,,Oscar Piastri,McLaren,5.0,,Finished,,10.0,,,,92.31,46.0
2024,Saudi Arabian Grand Prix,R,,Daniel Ricciardo,RB,15.0,,Finished,,0.0,,,,93.323,43.0
2024,Saudi Arabian Grand Prix,R,,George Russell,Mercedes,8.0,,Finished,,4.0,,,,92.254,46.0
2024,Saudi Arabian Grand Prix,R,,Sarah (unknown),Williams,17.0,,Finished,,0.0,,,,93.026,44.0
2024,Saudi Arabian Grand Prix,R,,Lance Stroll,Aston Martin,9.0,,DNF,,2.0,,,,95.56,4.0
2024,Saudi Arabian Grand Prix,R,,Yuki Tsunoda,RB,13.0,,Finished,,0.0,,,,93.523,44.0
2024,Saudi Arabian Grand Prix,R,,Max Verstappen,Red Bull Racing,1.0,,Finished,,25.0,,,,91.773,46.0
2024,Saudi Arabian Grand Prix,R,,Zhou Guanyu,Kick Sauber,19.0,,Finished,,0.0,,,,92.208,44.0
2024,Bahrain Grand Prix,R,,Alexander Albon,Williams,10.0,,Finished,,1.0,,,,95.723,52.0
2024,Bahrain Grand Prix,R,,Fernando Alonso,Aston Martin,9.0,,Finished,,2.0,,,,94.199,51.0
2024,Bahrain Grand Prix,R,,Valtteri Bottas,Kick Sauber,19.0,,Finished,,0.0,,,,96.202,46.0
2024,Bahrain Grand Prix,R,,Pierre Gasly,Alpine,17.0,,Finished,,0.0,,,,94.805,48.0
2024,Bahrain Grand Prix,R,,Lewis Hamilton,Mercedes,8.0,,Finished,,4.0,,,,94.722,53.0
2024,Bahrain Grand Prix,R,,Nico Hulkenberg,Haas F1 Team,15.0,,Finished,,0.0,,,,94.834,51.0
2024,Bahrain Grand Prix,R,,Charles Leclerc,Ferrari,4.0,,Finished,,12.0,,,,94.09,53.0
2024,Bahrain Grand Prix,R,,Kevin Magnussen,Haas F1 Team,13.0,,Finished,,0.0,,,,95.57,50.0
2024,Bahrain Grand Prix,R,,Lando Norris,McLaren,5.0,,Finished,,10.0,,,,94.476,53.0
2024,Bahrain Grand Prix,R,,Esteban Ocon,Alpine,16.0,,Finished,,0.0,,,,96.226,47.0
2024,Bahrain Grand Prix,R,,Sergio Perez,Red Bull Racing,2.0,,Finished,,18.0,,,,94.364,53.0
2024,Bahrain Grand Prix,R,,Oscar Piastri,McLaren,7.0,,Finished,,6.0,,,,94.774,53.0
2024,Bahrain Grand Prix,R,,Daniel Ricciardo,RB,12.0,,Finished,,0.0,,,,95.163,48.0
2024,Bahrain Grand Prix,R,,George Russell,Mercedes,6.0,,Finished,,8.0,,,,95.065,53.0
2024,Bahrain Grand Prix,R,,Carlos Sainz,Ferrari,3.0,,Finished,,15.0,,,,94.507,53.0
2024,Bahrain Grand Prix,R,,Sarah (unknown),Williams,20.0,,Finished,,0.0,,,,94.735,43.0
2024,Bahrain Grand Prix,R,,Lance Stroll,Aston Martin,18.0,,Finished,,0.0,,,,95.632,52.0
2024,Bahrain Grand Prix,R,,Yuki Tsunoda,RB,14.0,,Finished,,0.0,,,,95.833,51.0
2024,Bahrain Grand Prix,R,,Max Verstappen,Red Bull Racing,1.0,,Finished,,25.0,,,,92.608,53.0
2024,Bahrain Grand Prix,R,,Zhou Guanyu,Kick Sauber,11.0,,Finished,,0.0,,,,95.458,50.0
2024,Japanese Grand Prix,R,,Fernando Alonso,Aston Martin,5.0,,Finished,,10.0,,,,94.726,48.0
2024,Japanese Grand Prix,R,,Valtteri Bottas,Kick Sauber,14.0,,Finished,,0.0,,,,96.608,44.0
2024,Japanese Grand Prix,R,,Pierre Gasly,Alpine,16.0,,Finished,,0.0,,,,96.642,36.0
2024,Japanese Grand Prix,R,,Lewis Hamilton,Mercedes,9.0,,Finished,,2.0,,,,93.952,46.0
2024,Japanese Grand Prix,R,,Nico Hulkenberg,Haas F1 Team,18.0,,Finished,,0.0,,,,95.325,45.0
2024,Japanese Grand Prix,R,,Charles Leclerc,Ferrari,8.0,,Finished,,4.0,,,,95.044,48.0
2024,Japanese Grand Prix,R,,Kevin Magnussen,Haas F1 Team,15.0,,Finished,,0.0,,,,96.654,46.0
2024,Japanese Grand Prix,R,,Lando Norris,McLaren,4.0,,Finished,,12.0,,,,95.186,46.0
2024,Japanese Grand Prix,R,,Esteban Ocon,Alpine,12.0,,Finished,,0.0,,,,96.232,33.0
2024,Japanese Grand Prix,R,,Sergio Perez,Red Bull Racing,2.0,,Finished,,18.0,,,,93.945,47.0
2024,Japanese Grand Prix,R,,Oscar Piastri,McLaren,6.0,,Finished,,8.0,,,,94.802,47.0
2024,Japanese Grand Prix,R,,George Russell,Mercedes,7.0,,Finished,,6.0,,,,94.404,46.0
2024,Japanese Grand Prix,R,,Carlos Sainz,Ferrari,3.0,,Finished,,15.0,,,,93.841,48.0
2024,Japanese Grand Prix,R,,Sarah (unknown),Williams,11.0,,Finished,,0.0,,,,94.9,39.0
2024,Japanese Grand Prix,R,,Lance Stroll,Aston Martin,13.0,,Finished,,0.0,,,,95.798,44.0
2024,Japanese Grand Prix,R,,Yuki Tsunoda,RB,10.0,,Finished,,1.0,,,,96.342,46.0
2024,Japanese Grand Prix,R,,Max Verstappen,Red Bull Racing,1.0,,Finished,,25.0,,,,93.706,48.0
2024,Japanese Grand Prix,R,,Zhou Guanyu,Kick Sauber,17.0,,Finished,,0.0,,,,97.16,5.0
2024,Singapore Grand Prix,R,,Alexander Albon,Williams,18.0,,Finished,,0.0,,,,96.888,11.0
2024,Singapore Grand Prix,R,,Fernando Alonso,Aston Martin,8.0,,Finished,,4.0,,,,97.741,58.0
2024,Singapore Grand Prix,R,,Valtteri Bottas,Kick Sauber,20.0,,Finished,,0.0,,,,97.524,55.0
2024,Singapore Grand Prix,R,,Franco Colapinto,Williams,11.0,,Finished,,0.0,,,,97.262,58.0
2024,Singapore Grand Prix,R,,Pierre Gasly,Alpine,16.0,,Finished,,0.0,,,,96.927,58.0
2024,Singapore Grand Prix,R,,Lewis Hamilton,Mercedes,7.0,,Finished,,6.0,,,,97.393,59.0
2024,Singapore Grand Prix,R,,Nico Hulkenberg,Haas F1 Team,4.0,,Finished,,12.0,,,,97.47,58.0
2024,Singapore Grand Prix,R,,Charles Leclerc,Ferrari,6.0,,Finished,,8.0,,,,95.371,59.0
2024,Singapore Grand Prix,R,,Kevin Magnussen,Haas F1 Team,15.0,,Finished,,0.0,,,,94.754,50.0
2024,Singapore Grand Prix,R,,Lando Norris,McLaren,1.0,,Finished,,25.0,,,,94.925,59.0
2024,Singapore Grand Prix,R,,Esteban Ocon,Alpine,13.0,,Finished,,0.0,,,,97.964,58.0
2024,Singapore Grand Prix,R,,Sergio Perez,Red Bull Racing,10.0,,Finished,,1.0,,,,97.477,58.0
2024,Singapore Grand Prix,R,,Oscar Piastri,McLaren,5.0,,Finished,,10.0,,,,95.745,59.0
2024,Singapore Grand Prix,R,,Daniel Ricciardo,RB,14.0,,Finished,,0.0,,,,94.486,53.0
2024,Singapore Grand Prix,R,,George Russell,Mercedes,3.0,,Finished,,15.0,,,,97.047,59.0
2024,Singapore Grand Prix,R,,Carlos Sainz,Ferrari,12.0,,Finished,,0.0,,,,96.561,59.0
2024,Singapore Grand Prix,R,,Lance Stroll,Aston Martin,19.0,,Finished,,0.0,,,,97.851,58.0
2024,Singapore Grand Prix,R,,Yuki Tsunoda,RB,9.0,,Finished,,2.0,,,,96.393,58.0
2024,Singapore Grand Prix,R,,Max Verstappen,Red Bull Racing,2.0,,Finished,,18.0,,,,95.967,59.0
2024,Singapore Grand Prix,R,,Zhou Guanyu,Kick Sauber,17.0,,Finished,,0.0,,,,97.461,56.0
2024,Las Vegas Grand Prix,R,,Alexander Albon,Williams,19.0,,Finished,,0.0,,,,98.008,21.0
2024,Las Vegas Grand Prix,R,,Fernando Alonso,Aston Martin,16.0,,Finished,,0.0,,,,96.553,44.0
2024,Las Vegas Grand Prix,R,,Valtteri Bottas,Kick Sauber,11.0,,Finished,,0.0,,,,96.601,39.0
2024,Las Vegas Grand Prix,R,,Franco Colapinto,Williams,18.0,,Finished,,0.0,,,,96.867,42.0
2024,Las Vegas Grand Prix,R,,Pierre Gasly,Alpine,7.0,,Finished,,6.0,,,,98.314,11.0
2024,Las Vegas Grand Prix,R,,Lewis Hamilton,Mercedes,1.0,,Finished,,25.0,,,,95.48,46.0
2024,Las Vegas Grand Prix,R,,Nico Hulkenberg,Haas F1 Team,4.0,,Finished,,12.0,,,,96.585,45.0
2024,Las Vegas Grand Prix,R,,Liam Lawson,RB,17.0,,Finished,,0.0,,,,96.98,45.0
2024,Las Vegas Grand Prix,R,,Charles Leclerc,Ferrari,5.0,,Finished,,10.0,,,,95.674,45.0
2024,Las Vegas Grand Prix,R,,Kevin Magnussen,Haas F1 Team,15.0,,Finished,,0.0,,,,96.557,47.0
2024,Las Vegas Grand Prix,R,,Lando Norris,McLaren,8.0,,Finished,,4.0,,,,94.876,44.0
2024,Las Vegas Grand Prix,R,,Esteban Ocon,Alpine,10.0,,Finished,,1.0,,,,96.511,43.0
2024,Las Vegas Grand Prix,R,,Sergio Perez,Red Bull Racing,13.0,,Finished,,0.0,,,,96.326,46.0
2024,Las Vegas Grand Prix,R,,Oscar Piastri,McLaren,14.0,,Finished,,0.0,,,,96.598,45.0
2024,Las Vegas Grand Prix,R,,George Russell,Mercedes,2.0,,Finished,,18.0,,,,95.717,46.0
2024,Las Vegas Grand Prix,R,,Carlos Sainz,Ferrari,6.0,,Finished,,8.0,,,,95.875,45.0
2024,Las Vegas Grand Prix,R,,Lance Stroll,Aston Martin,20.0,,Finished,,0.0,,,,97.179,45.0
2024,Las Vegas Grand Prix,R,,Yuki Tsunoda,RB,9.0,,Finished,,2.0,,,,96.957,45.0
2024,Las Vegas Grand Prix,R,,Max Verstappen,Red Bull Racing,3.0,,Finished,,15.0,,,,96.248,46.0
2024,Las Vegas Grand Prix,R,,Zhou Guanyu,Kick Sauber,12.0,,Finished,,0.0,,,,96.324,45.0
2024,United States Grand Prix,R,,Alexander Albon,Williams,15.0,,Finished,,0.0,,,,99.084,48.0
2024,United States Grand Prix,R,,Fernando Alonso,Aston Martin,10.0,,Finished,,1.0,,,,99.261,50.0
2024,United States Grand Prix,R,,Valtteri Bottas,Kick Sauber,16.0,,Finished,,0.0,,,,100.575,49.0
2024,United States Grand Prix,R,,Franco Colapinto,Williams,14.0,,Finished,,0.0,,,,97.611,51.0
2024,United States Grand Prix,R,,Pierre Gasly,Alpine,13.0,,Finished,,0.0,,,,98.311,51.0
2024,United States Grand Prix,R,,Nico Hulkenberg,Haas F1 Team,9.0,,Finished,,2.0,,,,98.404,51.0
2024,United States Grand Prix,R,,Liam Lawson,RB,11.0,,Finished,,0.0,,,,98.091,51.0
2024,United States Grand Prix,R,,Charles Leclerc,Ferrari,1.0,,Finished,,25.0,,,,97.834,51.0
2024,United States Grand Prix,R,,Kevin Magnussen,Haas F1 Team,6.0,,Finished,,8.0,,,,98.21,50.0
2024,United States Grand Prix,R,,Lando Norris,McLaren,2.0,,Finished,,18.0,,,,97.679,51.0
2024,United States Grand Prix,R,,Esteban Ocon,Alpine,19.0,,Finished,,0.0,,,,97.33,49.0
2024,United States Grand Prix,R,,Sergio Perez,Red Bull Racing,8.0,,Finished,,4.0,,,,98.514,51.0
2024,United States Grand Prix,R,,Oscar Piastri,McLaren,5.0,,Finished,,10.0,,,,97.883,51.0
2024,United States Grand Prix,R,,George Russell,Mercedes,18.0,,Finished,,0.0,,,,97.656,51.0
2024,United States Grand Prix,R,,Carlos Sainz,Ferrari,3.0,,Finished,,15.0,,,,97.763,51.0
2024,United States Grand Prix,R,,Lance Stroll,Aston Martin,17.0,,Finished,,0.0,,,,99.214,49.0
2024,United States Grand Prix,R,,Yuki Tsunoda,RB,7.0,,Finished,,6.0,,,,99.193,49.0
2024,United States Grand Prix,R,,Max Verstappen,Red Bull Racing,4.0,,Finished,,12.0,,,,98.117,51.0
2024,United States Grand Prix,R,,Zhou Guanyu,Kick Sauber,12.0,,Finished,,0.0,,,,99.272,48.0
2024,Chinese Grand Prix,R,,Alexander Albon,Williams,14.0,,Finished,,0.0,,,,100.79,42.0
2024,Chinese Grand Prix,R,,Fernando Alonso,Aston Martin,4.0,,Finished,,12.0,,,,97.81,40.0
2024,Chinese Grand Prix,R,,Valtteri Bottas,Kick Sauber,11.0,,Finished,,0.0,,,,101.276,16.0
2024,Chinese Grand Prix,R,,Pierre Gasly,Alpine,16.0,,Finished,,0.0,,,,99.198,40.0
2024,Chinese Grand Prix,R,,Lewis Hamilton,Mercedes,19.0,,Finished,,0.0,,,,100.835,42.0
2024,Chinese Grand Prix,R,,Nico Hulkenberg,Haas F1 Team,13.0,,Finished,,0.0,,,,100.815,42.0
2024,Chinese Grand Prix,R,,Charles Leclerc,Ferrari,8.0,,Finished,,4.0,,,,99.384,44.0
2024,Chinese Grand Prix,R,,Kevin Magnussen,Haas F1 Team,10.0,,Finished,,1.0,,,,101.077,42.0
2024,Chinese Grand Prix,R,,Lando Norris,McLaren,3.0,,Finished,,15.0,,,,98.751,45.0
2024,Chinese Grand Prix,R,,Esteban Ocon,Alpine,12.0,,Finished,,0.0,,,,100.937,42.0
2024,Chinese Grand Prix,R,,Sergio Perez,Red Bull Racing,2.0,,Finished,,18.0,,,,99.388,42.0
2024,Chinese Grand Prix,R,,Oscar Piastri,McLaren,5.0,,Finished,,10.0,,,,99.739,42.0
2024,Chinese Grand Prix,R,,Daniel Ricciardo,RB,15.0,,Finished,,0.0,,,,100.994,18.0
2024,Chinese Grand Prix,R,,George Russell,Mercedes,7.0,,Finished,,6.0,,,,100.112,42.0
2024,Chinese Grand Prix,R,,Carlos Sainz,Ferrari,6.0,,Finished,,8.0,,,,99.764,42.0
2024,Chinese Grand Prix,R,,Sarah (unknown),Williams,20.0,,Finished,,0.0,,,,101.0,42.0
2024,Chinese Grand Prix,R,,Lance Stroll,Aston Martin,9.0,,Finished,,2.0,,,,99.444,42.0
2024,Chinese Grand Prix,R,,Yuki Tsunoda,RB,17.0,,Finished,,0.0,,,,101.593,17.0
2024,Chinese Grand Prix,R,,Max Verstappen,Red Bull Racing,1.0,,Finished,,25.0,,,,98.406,43.0
2024,Chinese Grand Prix,R,,Zhou Guanyu,Kick Sauber,18.0,,Finished,,0.0,,,,98.633,40.0
2024,Belgian Grand Prix,R,,Alexander Albon,Williams,11.0,,Finished,,0.0,,,,107.996,39.0
2024,Belgian Grand Prix,R,,Fernando Alonso,Aston Martin,10.0,,Finished,,1.0,,,,108.051,41.0
2024,Belgian Grand Prix,R,,Valtteri Bottas,Kick Sauber,19.0,,Finished,,0.0,,,,107.019,39.0
2024,Belgian Grand Prix,R,,Pierre Gasly,Alpine,12.0,,Finished,,0.0,,,,107.418,39.0
2024,Belgian Grand Prix,R,,Lewis Hamilton,Mercedes,1.0,,Finished,,25.0,,,,106.653,40.0
2024,Belgian Grand Prix,R,,Nico Hulkenberg,Haas F1 Team,17.0,,Finished,,0.0,,,,108.954,39.0
2024,Belgian Grand Prix,R,,Charles Leclerc,Ferrari,4.0,,Finished,,12.0,,,,107.013,40.0
2024,Belgian Grand Prix,R,,Kevin Magnussen,Haas F1 Team,13.0,,Finished,,0.0,,,,107.848,41.0
2024,Belgian Grand Prix,R,,Lando Norris,McLaren,3.0,,Finished,,15.0,,,,105.563,40.0
2024,Belgian Grand Prix,R,,Esteban Ocon,Alpine,9.0,,Finished,,2.0,,,,106.957,40.0
2024,Belgian Grand Prix,R,,Sergio Perez,Red Bull Racing,8.0,,Finished,,4.0,,,,104.701,38.0
2024,Belgian Grand Prix,R,,Oscar Piastri,McLaren,2.0,,Finished,,18.0,,,,105.84,40.0
2024,Belgian Grand Prix,R,,Daniel Ricciardo,RB,14.0,,Finished,,0.0,,,,107.435,39.0
2024,Belgian Grand Prix,R,,George Russell,Mercedes,6.0,,Finished,,8.0,,,,107.113,41.0
2024,Belgian Grand Prix,R,,Carlos Sainz,Ferrari,7.0,,Finished,,6.0,,,,106.364,40.0
2024,Belgian Grand Prix,R,,Sarah (unknown),Williams,18.0,,Finished,,0.0,,,,107.49,39.0
2024,Belgian Grand Prix,R,,Lance Stroll,Aston Martin,16.0,,Finished,,0.0,,,,108.105,41.0
2024,Belgian Grand Prix,R,,Yuki Tsunoda,RB,15.0,,Finished,,0.0,,,,107.969,41.0
2024,Belgian Grand Prix,R,,Max Verstappen,Red Bull Racing,5.0,,Finished,,10.0,,,,106.128,40.0
2024,Belgian Grand Prix,R,,Zhou Guanyu,Kick Sauber,20.0,,DNF,,0.0,,,,112.099,2.0
2024,Azerbaijan Grand Prix,R,,Alexander Albon,Williams,9.0,,Finished,,2.0,,,,106.947,47.0
2024,Azerbaijan Grand Prix,R,,Fernando Alonso,Aston Martin,6.0,,Finished,,8.0,,,,107.057,46.0
2024,Azerbaijan Grand Prix,R,,Oliver Bearman,Haas F1 Team,10.0,,Finished,,1.0,,,,107.048,46.0
2024,Azerbaijan Grand Prix,R,,Valtteri Bottas,Kick Sauber,16.0,,Finished,,0.0,,,,108.418,40.0
2024,Azerbaijan Grand Prix,R,,Franco Colapinto,Williams,8.0,,Finished,,4.0,,,,107.274,46.0
2024,Azerbaijan Grand Prix,R,,Pierre Gasly,Alpine,14.0,,Finished,,0.0,,,,108.018,48.0
2024,Azerbaijan Grand Prix,R,,Lewis Hamilton,Mercedes,15.0,,Finished,,0.0,,,,107.236,45.0
2024,Azerbaijan Grand Prix,R,,Nico Hulkenberg,Haas F1 Team,13.0,,Finished,,0.0,,,,107.691,46.0
2024,Azerbaijan Grand Prix,R,,Charles Leclerc,Ferrari,1.0,,Finished,,25.0,,,,107.067,47.0
2024,Azerbaijan Grand Prix,R,,Lando Norris,McLaren,12.0,,Finished,,0.0,,,,105.255,47.0
2024,Azerbaijan Grand Prix,R,,Esteban Ocon,Alpine,20.0,,Finished,,0.0,,,,108.831,46.0
2024,Azerbaijan Grand Prix,R,,Sergio Perez,Red Bull Racing,3.0,,Finished,,15.0,,,,107.013,46.0
2024,Azerbaijan Grand Prix,R,,Oscar Piastri,McLaren,2.0,,Finished,,18.0,,,,107.06,47.0
2024,Azerbaijan Grand Prix,R,,Daniel Ricciardo,RB,11.0,,Finished,,0.0,,,,108.38,48.0
2024,Azerbaijan Grand Prix,R,,George Russell,Mercedes,5.0,,Finished,,10.0,,,,106.628,46.0
2024,Azerbaijan Grand Prix,R,,Carlos Sainz,Ferrari,4.0,,Finished,,12.0,,,,106.866,46.0
2024,Azerbaijan Grand Prix,R,,Lance Stroll,Aston Martin,18.0,,Finished,,0.0,,,,108.148,40.0
2024,Azerbaijan Grand Prix,R,,Yuki Tsunoda,RB,17.0,,Finished,,0.0,,,,110.887,7.0
2024,Azerbaijan Grand Prix,R,,Max Verstappen,Red Bull Racing,7.0,,Finished,,6.0,,,,106.798,46.0
2024,Azerbaijan Grand Prix,R,,Zhou Guanyu,Kick Sauber,19.0,,Finished,,0.0,,,,107.644,47.0
2025,Austrian Grand Prix,R,,Alexander Albon,Williams,6.0,,Finished,,8.0,,,,70.641,9.0
2025,Austrian Grand Prix,R,,Fernando Alonso,Aston Martin,11.0,,Finished,,0.0,,,,69.935,63.0
2025,Austrian Grand Prix,R,,Oliver Bearman,Haas F1 Team,14.0,,Finished,,0.0,,,,69.96,61.0
2025,Austrian Grand Prix,R,,Gabriel Bortoleto,Unknown,7.0,,Finished,,6.0,,,,69.247,62.0
2025,Austrian Grand Prix,R,,Franco Colapinto,Williams,16.0,,Finished,,0.0,,,,69.621,59.0
2025,Austrian Grand Prix,R,,Pierre Gasly,Alpine,13.0,,Finished,,0.0,,,,70.151,62.0
2025,Austrian Grand Prix,R,,Isack Hadjar,Unknown,15.0,,Finished,,0.0,,,,70.204,63.0
2025,Austrian Grand Prix,R,,Lewis Hamilton,Mercedes,3.0,,Finished,,15.0,,,,68.628,64.0
2025,Austrian Grand Prix,R,,Nico Hulkenberg,Haas F1 Team,9.0,,Finished,,2.0,,,,69.459,62.0
2025,Austrian Grand Prix,R,,Liam Lawson,RB,10.0,,Finished,,1.0,,,,69.977,63.0
2025,Austrian Grand Prix,R,,Charles Leclerc,Ferrari,4.0,,Finished,,12.0,,,,68.765,64.0
2025,Austrian Grand Prix,R,,Lando Norris,McLaren,2.0,,Finished,,18.0,,,,68.272,64.0
2025,Austrian Grand Prix,R,,Esteban Ocon,Alpine,12.0,,Finished,,0.0,,,,69.55,62.0
2025,Austrian Grand Prix,R,,Oscar Piastri,McLaren,1.0,,Finished,,25.0,,,,67.924,64.0
2025,Austrian Grand Prix,R,,George Russell,Mercedes,5.0,,Finished,,10.0,,,,69.372,63.0
2025,Austrian Grand Prix,R,,Lance Stroll,Aston Martin,8.0,,Finished,,4.0,,,,69.214,57.0
2025,Austrian Grand Prix,R,,Yuki Tsunoda,RB,17.0,,Finished,,0.0,,,,69.802,57.0
2025,Dutch Grand Prix,R,,Alexander Albon,Williams,9.0,,Finished,,2.0,,,,73.687,56.0
2025,Dutch Grand Prix,R,,Fernando Alonso,Aston Martin,12.0,,Finished,,0.0,,,,73.719,51.0
2025,Dutch Grand Prix,R,,Antonio Giovinazzi,Unknown,10.0,,Finished,,1.0,,,,73.48,55.0
2025,Dutch Grand Prix,R,,Oliver Bearman,Haas F1 Team,19.0,,Finished,,0.0,,,,73.95,47.0
2025,Dutch Grand Prix,R,,Gabriel Bortoleto,Unknown,18.0,,Finished,,0.0,,,,74.307,50.0
2025,Dutch Grand Prix,R,,Franco Colapinto,Williams,14.0,,Finished,,0.0,,,,73.049,51.0
2025,Dutch Grand Prix,R,,Pierre Gasly,Alpine,13.0,,Finished,,0.0,,,,75.248,51.0
2025,Dutch Grand Prix,R,,Isack Hadjar,Unknown,4.0,,Finished,,12.0,,,,73.327,56.0
2025,Dutch Grand Prix,R,,Lewis Hamilton,Mercedes,7.0,,Finished,,6.0,,,,75.684,21.0
2025,Dutch Grand Prix,R,,Nico Hulkenberg,Haas F1 Team,15.0,,Finished,,0.0,,,,74.912,50.0
2025,Dutch Grand Prix,R,,Liam Lawson,RB,8.0,,Finished,,4.0,,,,73.879,55.0
2025,Dutch Grand Prix,R,,Charles Leclerc,Ferrari,5.0,,Finished,,10.0,,,,74.557,43.0
2025,Dutch Grand Prix,R,,Lando Norris,McLaren,2.0,,Finished,,18.0,,,,72.379,52.0
2025,Dutch Grand Prix,R,,Esteban Ocon,Alpine,16.0,,Finished,,0.0,,,,73.986,45.0
2025,Dutch Grand Prix,R,,Oscar Piastri,McLaren,1.0,,Finished,,25.0,,,,72.271,56.0
2025,Dutch Grand Prix,R,,George Russell,Mercedes,6.0,,Finished,,8.0,,,,73.728,55.0
2025,Dutch Grand Prix,R,,Carlos Sainz,Ferrari,17.0,,Finished,,0.0,,,,73.808,54.0
2025,Dutch Grand Prix,R,,Lance Stroll,Aston Martin,20.0,,Finished,,0.0,,,,73.822,52.0
2025,Dutch Grand Prix,R,,Yuki Tsunoda,RB,11.0,,Finished,,0.0,,,,74.354,53.0
2025,Dutch Grand Prix,R,,Max Verstappen,Red Bull Racing,3.0,,Finished,,15.0,,,,72.921,56.0
2025,São Paulo Grand Prix,R,,Alexander Albon,Williams,7.0,,Finished,,6.0,,,,72.4,59.0
2025,São Paulo Grand Prix,R,,Fernando Alonso,Aston Martin,8.0,,Finished,,4.0,,,,73.312,60.0
2025,São Paulo Grand Prix,R,,Antonio Giovinazzi,Unknown,3.0,,Finished,,15.0,,,,73.123,60.0
2025,São Paulo Grand Prix,R,,Oliver Bearman,Haas F1 Team,10.0,,Finished,,1.0,,,,73.483,59.0
2025,São Paulo Grand Prix,R,,Franco Colapinto,Williams,16.0,,Finished,,0.0,,,,72.816,59.0
2025,São Paulo Grand Prix,R,,Pierre Gasly,Alpine,11.0,,Finished,,0.0,,,,73.736,59.0
2025,São Paulo Grand Prix,R,,Isack Hadjar,Unknown,9.0,,Finished,,2.0,,,,73.694,60.0
2025,São Paulo Grand Prix,R,,Lewis Hamilton,Mercedes,18.0,,Finished,,0.0,,,,73.844,25.0
2025,São Paulo Grand Prix,R,,Nico Hulkenberg,Haas F1 Team,12.0,,Finished,,0.0,,,,73.474,61.0
2025,São Paulo Grand Prix,R,,Liam Lawson,RB,6.0,,Finished,,8.0,,,,74.029,62.0
2025,São Paulo Grand Prix,R,,Lando Norris,McLaren,2.0,,Finished,,18.0,,,,73.04,60.0
2025,São Paulo Grand Prix,R,,Esteban Ocon,Alpine,17.0,,Finished,,0.0,,,,73.481,61.0
2025,São Paulo Grand Prix,R,,Oscar Piastri,McLaren,1.0,,Finished,,25.0,,,,72.742,60.0
2025,São Paulo Grand Prix,R,,George Russell,Mercedes,4.0,,Finished,,12.0,,,,73.097,59.0
2025,São Paulo Grand Prix,R,,Carlos Sainz,Ferrari,13.0,,Finished,,0.0,,,,73.683,59.0
2025,São Paulo Grand Prix,R,,Lance Stroll,Aston Martin,14.0,,Finished,,0.0,,,,73.094,60.0
2025,São Paulo Grand Prix,R,,Yuki Tsunoda,RB,15.0,,Finished,,0.0,,,,72.774,59.0
2025,São Paulo Grand Prix,R,,Max Verstappen,Red Bull Racing,5.0,,Finished,,10.0,,,,72.447,60.0
2025,Monaco Grand Prix,R,,Alexander Albon,Williams,12.0,,Finished,,0.0,,,,74.597,40.0
2025,Monaco Grand Prix,R,,Fernando Alonso,Aston Martin,6.0,,Finished,,8.0,,,,75.593,23.0
2025,Monaco Grand Prix,R,,Antonio Giovinazzi,Unknown,13.0,,Finished,,0.0,,,,73.518,16.0
2025,Monaco Grand Prix,R,,Oliver Bearman,Haas F1 Team,16.0,,Finished,,0.0,,,,74.855,39.0
2025,Monaco Grand Prix,R,,Gabriel Bortoleto,Unknown,19.0,,Finished,,0.0,,,,74.884,47.0
2025,Monaco Grand Prix,R,,Franco Colapinto,Williams,20.0,,Finished,,0.0,,,,75.298,38.0
2025,Monaco Grand Prix,R,,Pierre Gasly,Alpine,17.0,,DNF,,0.0,,,,78.054,1.0
2025,Monaco Grand Prix,R,,Isack Hadjar,Unknown,8.0,,Finished,,4.0,,,,75.981,60.0
2025,Monaco Grand Prix,R,,Lewis Hamilton,Mercedes,5.0,,Finished,,10.0,,,,74.09,65.0
2025,Monaco Grand Prix,R,,Nico Hulkenberg,Haas F1 Team,18.0,,Finished,,0.0,,,,75.223,44.0
2025,Monaco Grand Prix,R,,Liam Lawson,RB,10.0,,Finished,,1.0,,,,75.321,54.0
2025,Monaco Grand Prix,R,,Charles Leclerc,Ferrari,2.0,,Finished,,18.0,,,,74.055,65.0
2025,Monaco Grand Prix,R,,Lando Norris,McLaren,1.0,,Finished,,25.0,,,,73.221,68.0
2025,Monaco Grand Prix,R,,Esteban Ocon,Alpine,7.0,,Finished,,6.0,,,,75.157,57.0
2025,Monaco Grand Prix,R,,Oscar Piastri,McLaren,3.0,,Finished,,15.0,,,,73.745,66.0
2025,Monaco Grand Prix,R,,George Russell,Mercedes,11.0,,Finished,,0.0,,,,73.405,32.0
2025,Monaco Grand Prix,R,,Carlos Sainz,Ferrari,9.0,,Finished,,2.0,,,,73.988,37.0
2025,Monaco Grand Prix,R,,Lance Stroll,Aston Martin,15.0,,Finished,,0.0,,,,74.877,29.0
2025,Monaco Grand Prix,R,,Yuki Tsunoda,RB,14.0,,Finished,,0.0,,,,74.913,22.0
2025,Monaco Grand Prix,R,,Max Verstappen,Red Bull Racing,4.0,,Finished,,12.0,,,,74.23,67.0
2025,Canadian Grand Prix,R,,Alexander Albon,Williams,10.0,,Finished,,1.0,,,,76.197,40.0
2025,Canadian Grand Prix,R,,Fernando Alonso,Aston Martin,1.0,,Finished,,25.0,,,,75.024,61.0
2025,Canadian Grand Prix,R,,Antonio Giovinazzi,Unknown,4.0,,Finished,,12.0,,,,74.455,62.0
2025,Canadian Grand Prix,R,,Oliver Bearman,Haas F1 Team,13.0,,Finished,,0.0,,,,75.397,61.0
2025,Canadian Grand Prix,R,,Gabriel Bortoleto,Unknown,16.0,,Finished,,0.0,,,,75.414,60.0
2025,Canadian Grand Prix,R,,Franco Colapinto,Williams,12.0,,Finished,,0.0,,,,76.076,62.0
2025,Canadian Grand Prix,R,,Pierre Gasly,Alpine,19.0,,Finished,,0.0,,,,74.993,62.0
2025,Canadian Grand Prix,R,,Isack Hadjar,Unknown,11.0,,Finished,,0.0,,,,76.292,62.0
2025,Canadian Grand Prix,R,,Lewis Hamilton,Mercedes,8.0,,Finished,,4.0,,,,74.805,61.0
2025,Canadian Grand Prix,R,,Nico Hulkenberg,Haas F1 Team,7.0,,Finished,,6.0,,,,75.372,62.0
2025,Canadian Grand Prix,R,,Liam Lawson,RB,17.0,,Finished,,0.0,,,,76.32,49.0
2025,Canadian Grand Prix,R,,Charles Leclerc,Ferrari,3.0,,Finished,,15.0,,,,74.261,63.0
2025,Canadian Grand Prix,R,,Lando Norris,McLaren,2.0,,Finished,,18.0,,,,74.229,63.0
2025,Canadian Grand Prix,R,,Esteban Ocon,Alpine,14.0,,Finished,,0.0,,,,74.593,62.0
2025,Canadian Grand Prix,R,,Oscar Piastri,McLaren,6.0,,Finished,,8.0,,,,74.255,62.0
2025,Canadian Grand Prix,R,,George Russell,Mercedes,5.0,,Finished,,10.0,,,,74.119,63.0
2025,Canadian Grand Prix,R,,Carlos Sainz,Ferrari,15.0,,Finished,,0.0,,,,74.389,61.0
2025,Canadian Grand Prix,R,,Lance Stroll,Aston Martin,20.0,,Finished,,0.0,,,,74.902,60.0
2025,Canadian Grand Prix,R,,Yuki Tsunoda,RB,18.0,,Finished,,0.0,,,,75.358,61.0
2025,Canadian Grand Prix,R,,Max Verstappen,Red Bull Racing,9.0,,Finished,,2.0,,,,74.287,63.0
2025,Barcelona Grand Prix,R,,Alexander Albon,Williams,17.0,,DNF,,0.0,,,,80.508,3.0
2025,Barcelona Grand Prix,R,,Fernando Alonso,Aston Martin,14.0,,Finished,,0.0,,,,78.128,38.0
2025,Barcelona Grand Prix,R,,Antonio Giovinazzi,Unknown,8.0,,Finished,,4.0,,,,78.255,29.0
2025,Barcelona Grand Prix,R,,Oliver Bearman,Haas F1 Team,10.0,,Finished,,1.0,,,,78.907,46.0
2025,Barcelona Grand Prix,R,,Gabriel Bortoleto,Unknown,11.0,,Finished,,0.0,,,,78.297,36.0
2025,Barcelona Grand Prix,R,,Franco Colapinto,Williams,18.0,,Finished,,0.0,,,,78.353,33.0
2025,Barcelona Grand Prix,R,,Pierre Gasly,Alpine,16.0,,Finished,,0.0,,,,77.896,27.0
2025,Barcelona Grand Prix,R,,Isack Hadjar,Unknown,7.0,,Finished,,6.0,,,,77.77,37.0
2025,Barcelona Grand Prix,R,,Lewis Hamilton,Mercedes,5.0,,Finished,,10.0,,,,77.706,43.0
2025,Barcelona Grand Prix,R,,Nico Hulkenberg,Haas F1 Team,9.0,,Finished,,2.0,,,,77.575,46.0
2025,Barcelona Grand Prix,R,,Liam Lawson,RB,12.0,,Finished,,0.0,,,,79.424,36.0
2025,Barcelona Grand Prix,R,,Charles Leclerc,Ferrari,4.0,,Finished,,12.0,,,,77.259,45.0
2025,Barcelona Grand Prix,R,,Lando Norris,McLaren,2.0,,Finished,,18.0,,,,76.187,52.0
2025,Barcelona Grand Prix,R,,Esteban Ocon,Alpine,13.0,,Finished,,0.0,,,,78.624,38.0
2025,Barcelona Grand Prix,R,,Oscar Piastri,McLaren,1.0,,Finished,,25.0,,,,75.743,52.0
2025,Barcelona Grand Prix,R,,George Russell,Mercedes,6.0,,Finished,,8.0,,,,77.244,37.0
2025,Barcelona Grand Prix,R,,Carlos Sainz,Ferrari,15.0,,Finished,,0.0,,,,79.317,24.0
2025,Barcelona Grand Prix,R,,Yuki Tsunoda,RB,19.0,,Finished,,0.0,,,,77.998,30.0
2025,Barcelona Grand Prix,R,,Max Verstappen,Red Bull Racing,3.0,,Finished,,15.0,,,,77.019,50.0
2025,Emilia Romagna Grand Prix,R,,Alexander Albon,Williams,6.0,,Finished,,8.0,,,,78.289,51.0
2025,Emilia Romagna Grand Prix,R,,Fernando Alonso,Aston Martin,4.0,,Finished,,12.0,,,,79.894,48.0
2025,Emilia Romagna Grand Prix,R,,Antonio Giovinazzi,Unknown,15.0,,Finished,,0.0,,,,80.62,41.0
2025,Emilia Romagna Grand Prix,R,,Oliver Bearman,Haas F1 Team,12.0,,Finished,,0.0,,,,79.521,49.0
2025,Emilia Romagna Grand Prix,R,,Gabriel Bortoleto,Unknown,16.0,,Finished,,0.0,,,,80.63,49.0
2025,Emilia Romagna Grand Prix,R,,Franco Colapinto,Williams,10.0,,Finished,,1.0,,,,80.345,48.0
2025,Emilia Romagna Grand Prix,R,,Pierre Gasly,Alpine,20.0,,Finished,,0.0,,,,80.398,48.0
2025,Emilia Romagna Grand Prix,R,,Isack Hadjar,Unknown,5.0,,Finished,,10.0,,,,79.473,51.0
2025,Emilia Romagna Grand Prix,R,,Lewis Hamilton,Mercedes,9.0,,Finished,,2.0,,,,78.265,52.0
2025,Emilia Romagna Grand Prix,R,,Nico Hulkenberg,Haas F1 Team,18.0,,Finished,,0.0,,,,80.401,49.0
2025,Emilia Romagna Grand Prix,R,,Liam Lawson,RB,17.0,,Finished,,0.0,,,,80.473,49.0
2025,Emilia Romagna Grand Prix,R,,Charles Leclerc,Ferrari,14.0,,Finished,,0.0,,,,79.048,50.0
2025,Emilia Romagna Grand Prix,R,,Lando Norris,McLaren,2.0,,Finished,,18.0,,,,78.311,50.0
2025,Emilia Romagna Grand Prix,R,,Esteban Ocon,Alpine,19.0,,Finished,,0.0,,,,81.413,22.0
2025,Emilia Romagna Grand Prix,R,,Oscar Piastri,McLaren,11.0,,Finished,,0.0,,,,78.894,49.0
2025,Emilia Romagna Grand Prix,R,,George Russell,Mercedes,3.0,,Finished,,15.0,,,,79.733,50.0
2025,Emilia Romagna Grand Prix,R,,Carlos Sainz,Ferrari,7.0,,Finished,,6.0,,,,79.836,49.0
2025,Emilia Romagna Grand Prix,R,,Lance Stroll,Aston Martin,8.0,,Finished,,4.0,,,,80.501,49.0
2025,Emilia Romagna Grand Prix,R,,Yuki Tsunoda,RB,13.0,,Finished,,0.0,,,,80.039,48.0
2025,Emilia Romagna Grand Prix,R,,Max Verstappen,Red Bull Racing,1.0,,Finished,,25.0,,,,77.988,51.0
2025,Hungarian Grand Prix,R,,Alexander Albon,Williams,18.0,,Finished,,0.0,,,,80.779,66.0
2025,Hungarian Grand Prix,R,,Fernando Alonso,Aston Martin,4.0,,Finished,,12.0,,,,80.113,67.0
2025,Hungarian Grand Prix,R,,Antonio Giovinazzi,Unknown,12.0,,Finished,,0.0,,,,80.745,66.0
2025,Hungarian Grand Prix,R,,Oliver Bearman,Haas F1 Team,9.0,,Finished,,2.0,,,,81.989,44.0
2025,Hungarian Grand Prix,R,,Gabriel Bortoleto,Unknown,6.0,,Finished,,8.0,,,,80.705,68.0
2025,Hungarian Grand Prix,R,,Franco Colapinto,Williams,19.0,,Finished,,0.0,,,,80.827,63.0
2025,Hungarian Grand Prix,R,,Pierre Gasly,Alpine,16.0,,Finished,,0.0,,,,81.433,65.0
2025,Hungarian Grand Prix,R,,Isack Hadjar,Unknown,10.0,,Finished,,1.0,,,,80.802,66.0
2025,Hungarian Grand Prix,R,,Lewis Hamilton,Mercedes,13.0,,Finished,,0.0,,,,80.022,65.0
2025,Hungarian Grand Prix,R,,Nico Hulkenberg,Haas F1 Team,20.0,,Finished,,0.0,,,,80.013,65.0
2025,Hungarian Grand Prix,R,,Liam Lawson,RB,8.0,,Finished,,4.0,,,,80.457,68.0
2025,Hungarian Grand Prix,R,,Charles Leclerc,Ferrari,1.0,,Finished,,25.0,,,,80.44,67.0
2025,Hungarian Grand Prix,R,,Lando Norris,McLaren,5.0,,Finished,,10.0,,,,79.918,67.0
2025,Hungarian Grand Prix,R,,Esteban Ocon,Alpine,15.0,,Finished,,0.0,,,,81.916,65.0
2025,Hungarian Grand Prix,R,,Oscar Piastri,McLaren,2.0,,Finished,,18.0,,,,79.412,67.0
2025,Hungarian Grand Prix,R,,George Russell,Mercedes,3.0,,Finished,,15.0,,,,79.409,67.0
2025,Hungarian Grand Prix,R,,Carlos Sainz,Ferrari,14.0,,Finished,,0.0,,,,79.79,65.0
2025,Hungarian Grand Prix,R,,Lance Stroll,Aston Martin,7.0,,Finished,,6.0,,,,80.708,67.0
2025,Hungarian Grand Prix,R,,Yuki Tsunoda,RB,17.0,,Finished,,0.0,,,,81.18,63.0
2025,Hungarian Grand Prix,R,,Max Verstappen,Red Bull Racing,11.0,,Finished,,0.0,,,,79.576,66.0
2025,Mexico City Grand Prix,R,,Alexander Albon,Williams,17.0,,Finished,,0.0,,,,80.48,66.0
2025,Mexico City Grand Prix,R,,Fernando Alonso,Aston Martin,15.0,,Finished,,0.0,,,,81.708,29.0
2025,Mexico City Grand Prix,R,,Antonio Giovinazzi,Unknown,7.0,,Finished,,6.0,,,,80.826,64.0
2025,Mexico City Grand Prix,R,,Oliver Bearman,Haas F1 Team,4.0,,Finished,,12.0,,,,80.705,65.0
2025,Mexico City Grand Prix,R,,Gabriel Bortoleto,Unknown,10.0,,Finished,,1.0,,,,81.121,67.0
2025,Mexico City Grand Prix,R,,Franco Colapinto,Williams,19.0,,Finished,,0.0,,,,81.342,66.0
2025,Mexico City Grand Prix,R,,Pierre Gasly,Alpine,16.0,,Finished,,0.0,,,,82.271,64.0
2025,Mexico City Grand Prix,R,,Isack Hadjar,Unknown,11.0,,Finished,,0.0,,,,81.714,64.0
2025,Mexico City Grand Prix,R,,Lewis Hamilton,Mercedes,5.0,,Finished,,10.0,,,,80.601,63.0
2025,Mexico City Grand Prix,R,,Nico Hulkenberg,Haas F1 Team,18.0,,Finished,,0.0,,,,83.091,20.0
2025,Mexico City Grand Prix,R,,Liam Lawson,RB,20.0,,DNF,,0.0,,,,85.124,1.0
2025,Mexico City Grand Prix,R,,Charles Leclerc,Ferrari,2.0,,Finished,,18.0,,,,81.588,66.0
2025,Mexico City Grand Prix,R,,Lando Norris,McLaren,1.0,,Finished,,25.0,,,,80.764,66.0
2025,Mexico City Grand Prix,R,,Esteban Ocon,Alpine,13.0,,Finished,,0.0,,,,81.869,65.0
2025,Mexico City Grand Prix,R,,Oscar Piastri,McLaren,8.0,,Finished,,4.0,,,,80.422,64.0
2025,Mexico City Grand Prix,R,,George Russell,Mercedes,6.0,,Finished,,8.0,,,,80.052,64.0
2025,Mexico City Grand Prix,R,,Carlos Sainz,Ferrari,14.0,,Finished,,0.0,,,,80.098,61.0
2025,Mexico City Grand Prix,R,,Lance Stroll,Aston Martin,12.0,,Finished,,0.0,,,,80.593,64.0
2025,Mexico City Grand Prix,R,,Yuki Tsunoda,RB,9.0,,Finished,,2.0,,,,81.486,66.0
2025,Mexico City Grand Prix,R,,Max Verstappen,Red Bull Racing,3.0,,Finished,,15.0,,,,81.108,65.0
2025,Italian Grand Prix,R,,Alexander Albon,Williams,6.0,,Finished,,8.0,,,,81.368,51.0
2025,Italian Grand Prix,R,,Fernando Alonso,Aston Martin,8.0,,Finished,,4.0,,,,83.757,20.0
2025,Italian Grand Prix,R,,Antonio Giovinazzi,Unknown,10.0,,Finished,,1.0,,,,81.968,50.0
2025,Italian Grand Prix,R,,Oliver Bearman,Haas F1 Team,11.0,,Finished,,0.0,,,,81.82,49.0
2025,Italian Grand Prix,R,,Gabriel Bortoleto,Unknown,7.0,,Finished,,6.0,,,,82.139,50.0
2025,Italian Grand Prix,R,,Franco Colapinto,Williams,16.0,,Finished,,0.0,,,,82.239,49.0
2025,Italian Grand Prix,R,,Pierre Gasly,Alpine,19.0,,Finished,,0.0,,,,82.185,49.0
2025,Italian Grand Prix,R,,Isack Hadjar,Unknown,18.0,,Finished,,0.0,,,,82.133,49.0
2025,Italian Grand Prix,R,,Lewis Hamilton,Mercedes,9.0,,Finished,,2.0,,,,81.546,50.0
2025,Italian Grand Prix,R,,Liam Lawson,RB,14.0,,Finished,,0.0,,,,82.777,49.0
2025,Italian Grand Prix,R,,Charles Leclerc,Ferrari,4.0,,Finished,,12.0,,,,81.294,51.0
2025,Italian Grand Prix,R,,Lando Norris,McLaren,2.0,,Finished,,18.0,,,,80.901,50.0
2025,Italian Grand Prix,R,,Esteban Ocon,Alpine,13.0,,Finished,,0.0,,,,82.892,49.0
2025,Italian Grand Prix,R,,Oscar Piastri,McLaren,1.0,,Finished,,25.0,,,,81.245,51.0
2025,Italian Grand Prix,R,,George Russell,Mercedes,5.0,,Finished,,10.0,,,,81.8,50.0
2025,Italian Grand Prix,R,,Carlos Sainz,Ferrari,12.0,,Finished,,0.0,,,,81.74,49.0
2025,Italian Grand Prix,R,,Lance Stroll,Aston Martin,15.0,,Finished,,0.0,,,,82.164,49.0
2025,Italian Grand Prix,R,,Yuki Tsunoda,RB,17.0,,Finished,,0.0,,,,82.712,50.0
2025,Italian Grand Prix,R,,Max Verstappen,Red Bull Racing,3.0,,Finished,,15.0,,,,81.003,50.0
2025,Australian Grand Prix,R,,Alexander Albon,Williams,6.0,,Finished,,8.0,,,,84.597,28.0
2025,Australian Grand Prix,R,,Fernando Alonso,Aston Martin,9.0,,Finished,,2.0,,,,88.819,18.0
2025,Australian Grand Prix,R,,Antonio Giovinazzi,Unknown,12.0,,Finished,,0.0,,,,84.901,25.0
2025,Australian Grand Prix,R,,Oliver Bearman,Haas F1 Team,17.0,,Finished,,0.0,,,,90.226,13.0
2025,Australian Grand Prix,R,,Gabriel Bortoleto,Unknown,15.0,,Finished,,0.0,,,,84.192,14.0
2025,Australian Grand Prix,R,,Pierre Gasly,Alpine,8.0,,Finished,,4.0,,,,85.02,24.0
2025,Australian Grand Prix,R,,Lewis Hamilton,Mercedes,10.0,,Finished,,1.0,,,,84.218,27.0
2025,Australian Grand Prix,R,,Nico Hulkenberg,Haas F1 Team,14.0,,Finished,,0.0,,,,85.243,20.0
2025,Australian Grand Prix,R,,Liam Lawson,RB,16.0,,Finished,,0.0,,,,82.97,15.0
2025,Australian Grand Prix,R,,Charles Leclerc,Ferrari,7.0,,Finished,,6.0,,,,85.271,27.0
2025,Australian Grand Prix,R,,Lando Norris,McLaren,1.0,,Finished,,25.0,,,,82.167,33.0
2025,Australian Grand Prix,R,,Esteban Ocon,Alpine,13.0,,Finished,,0.0,,,,86.764,14.0
2025,Australian Grand Prix,R,,Oscar Piastri,McLaren,3.0,,Finished,,15.0,,,,83.242,31.0
2025,Australian Grand Prix,R,,George Russell,Mercedes,4.0,,Finished,,12.0,,,,85.065,30.0
2025,Australian Grand Prix,R,,Lance Stroll,Aston Martin,11.0,,Finished,,0.0,,,,85.538,24.0
2025,Australian Grand Prix,R,,Yuki Tsunoda,RB,5.0,,Finished,,10.0,,,,84.194,25.0
2025,Australian Grand Prix,R,,Max Verstappen,Red Bull Racing,2.0,,Finished,,18.0,,,,83.081,31.0
2025,Qatar Grand Prix,R,,Alexander Albon,Williams,18.0,,Finished,,0.0,,,,84.261,47.0
2025,Qatar Grand Prix,R,,Fernando Alonso,Aston Martin,8.0,,Finished,,4.0,,,,83.94,50.0
2025,Qatar Grand Prix,R,,Antonio Giovinazzi,Unknown,4.0,,Finished,,12.0,,,,83.955,50.0
2025,Qatar Grand Prix,R,,Oliver Bearman,Haas F1 Team,12.0,,Finished,,0.0,,,,84.93,32.0
2025,Qatar Grand Prix,R,,Gabriel Bortoleto,Unknown,20.0,,Finished,,0.0,,,,85.233,50.0
2025,Qatar Grand Prix,R,,Franco Colapinto,Williams,19.0,,Finished,,0.0,,,,85.644,46.0
2025,Qatar Grand Prix,R,,Pierre Gasly,Alpine,9.0,,Finished,,2.0,,,,85.376,47.0
2025,Qatar Grand Prix,R,,Isack Hadjar,Unknown,7.0,,Finished,,6.0,,,,84.317,47.0
2025,Qatar Grand Prix,R,,Lewis Hamilton,Mercedes,15.0,,Finished,,0.0,,,,84.848,49.0
2025,Qatar Grand Prix,R,,Nico Hulkenberg,Haas F1 Team,10.0,,Finished,,1.0,,,,88.139,5.0
2025,Qatar Grand Prix,R,,Liam Lawson,RB,13.0,,Finished,,0.0,,,,83.971,50.0
2025,Qatar Grand Prix,R,,Charles Leclerc,Ferrari,11.0,,Finished,,0.0,,,,84.432,50.0
2025,Qatar Grand Prix,R,,Lando Norris,McLaren,3.0,,Finished,,15.0,,,,83.197,49.0
2025,Qatar Grand Prix,R,,Esteban Ocon,Alpine,16.0,,Finished,,0.0,,,,85.056,49.0
2025,Qatar Grand Prix,R,,Oscar Piastri,McLaren,1.0,,Finished,,25.0,,,,82.996,49.0
2025,Qatar Grand Prix,R,,George Russell,Mercedes,6.0,,Finished,,8.0,,,,83.198,50.0
2025,Qatar Grand Prix,R,,Carlos Sainz,Ferrari,5.0,,Finished,,10.0,,,,83.859,50.0
2025,Qatar Grand Prix,R,,Lance Stroll,Aston Martin,14.0,,Finished,,0.0,,,,83.484,46.0
2025,Qatar Grand Prix,R,,Yuki Tsunoda,RB,17.0,,Finished,,0.0,,,,84.139,50.0
2025,Qatar Grand Prix,R,,Max Verstappen,Red Bull Racing,2.0,,Finished,,18.0,,,,83.498,51.0
2025,Abu Dhabi Grand Prix,R,,Alexander Albon,Williams,17.0,,Finished,,0.0,,,,88.367,55.0
2025,Abu Dhabi Grand Prix,R,,Fernando Alonso,Aston Martin,5.0,,Finished,,10.0,,,,88.279,56.0
2025,Abu Dhabi Grand Prix,R,,Antonio Giovinazzi,Unknown,12.0,,Finished,,0.0,,,,88.029,56.0
2025,Abu Dhabi Grand Prix,R,,Oliver Bearman,Haas F1 Team,16.0,,Finished,,0.0,,,,88.976,56.0
2025,Abu Dhabi Grand Prix,R,,Gabriel Bortoleto,Unknown,8.0,,Finished,,4.0,,,,89.114,56.0
2025,Abu Dhabi Grand Prix,R,,Franco Colapinto,Williams,19.0,,Finished,,0.0,,,,87.71,52.0
2025,Abu Dhabi Grand Prix,R,,Pierre Gasly,Alpine,20.0,,Finished,,0.0,,,,87.767,53.0
2025,Abu Dhabi Grand Prix,R,,Isack Hadjar,Unknown,10.0,,Finished,,1.0,,,,89.375,55.0
2025,Abu Dhabi Grand Prix,R,,Lewis Hamilton,Mercedes,15.0,,Finished,,0.0,,,,88.094,55.0
2025,Abu Dhabi Grand Prix,R,,Nico Hulkenberg,Haas F1 Team,13.0,,Finished,,0.0,,,,87.05,55.0
2025,Abu Dhabi Grand Prix,R,,Liam Lawson,RB,18.0,,Finished,,0.0,,,,88.886,54.0
2025,Abu Dhabi Grand Prix,R,,Charles Leclerc,Ferrari,4.0,,Finished,,12.0,,,,86.725,55.0
2025,Abu Dhabi Grand Prix,R,,Lando Norris,McLaren,3.0,,Finished,,15.0,,,,86.818,55.0
2025,Abu Dhabi Grand Prix,R,,Esteban Ocon,Alpine,11.0,,Finished,,0.0,,,,88.655,55.0
2025,Abu Dhabi Grand Prix,R,,Oscar Piastri,McLaren,2.0,,Finished,,18.0,,,,86.765,56.0
2025,Abu Dhabi Grand Prix,R,,George Russell,Mercedes,6.0,,Finished,,8.0,,,,88.599,56.0
2025,Abu Dhabi Grand Prix,R,,Carlos Sainz,Ferrari,14.0,,Finished,,0.0,,,,89.052,55.0
2025,Abu Dhabi Grand Prix,R,,Lance Stroll,Aston Martin,7.0,,Finished,,6.0,,,,87.626,56.0
2025,Abu Dhabi Grand Prix,R,,Yuki Tsunoda,RB,9.0,,Finished,,2.0,,,,88.557,56.0
2025,Abu Dhabi Grand Prix,R,,Max Verstappen,Red Bull Racing,1.0,,Finished,,25.0,,,,87.625,56.0
2025,British Grand Prix,R,,Alexander Albon,Williams,11.0,,Finished,,0.0,,,,90.047,28.0
2025,British Grand Prix,R,,Fernando Alonso,Aston Martin,8.0,,Finished,,4.0,,,,90.353,24.0
2025,British Grand Prix,R,,Oliver Bearman,Haas F1 Team,14.0,,Finished,,0.0,,,,90.921,27.0
2025,British Grand Prix,R,,Pierre Gasly,Alpine,4.0,,Finished,,12.0,,,,90.751,28.0
2025,British Grand Prix,R,,Lewis Hamilton,Mercedes,6.0,,Finished,,8.0,,,,90.016,27.0
2025,British Grand Prix,R,,Nico Hulkenberg,Haas F1 Team,3.0,,Finished,,15.0,,,,90.933,28.0
2025,British Grand Prix,R,,Charles Leclerc,Ferrari,12.0,,Finished,,0.0,,,,90.819,27.0
2025,British Grand Prix,R,,Lando Norris,McLaren,2.0,,Finished,,18.0,,,,89.734,33.0
2025,British Grand Prix,R,,Esteban Ocon,Alpine,13.0,,Finished,,0.0,,,,90.818,26.0
2025,British Grand Prix,R,,Oscar Piastri,McLaren,1.0,,Finished,,25.0,,,,89.337,34.0
2025,British Grand Prix,R,,George Russell,Mercedes,7.0,,Finished,,6.0,,,,90.869,25.0
2025,British Grand Prix,R,,Carlos Sainz,Ferrari,10.0,,Finished,,1.0,,,,90.645,26.0
2025,British Grand Prix,R,,Lance Stroll,Aston Martin,5.0,,Finished,,10.0,,,,92.088,27.0
2025,British Grand Prix,R,,Yuki Tsunoda,RB,15.0,,Finished,,0.0,,,,90.873,23.0
2025,British Grand Prix,R,,Max Verstappen,Red Bull Racing,9.0,,Finished,,2.0,,,,90.179,29.0
2025,Miami Grand Prix,R,,Alexander Albon,Williams,5.0,,Finished,,10.0,,,,90.482,28.0
2025,Miami Grand Prix,R,,Fernando Alonso,Aston Martin,17.0,,Finished,,0.0,,,,91.287,29.0
2025,Miami Grand Prix,R,,Antonio Giovinazzi,Unknown,6.0,,Finished,,8.0,,,,90.795,28.0
2025,Miami Grand Prix,R,,Oliver Bearman,Haas F1 Team,12.0,,DNF,,0.0,,,,92.68,4.0
2025,Miami Grand Prix,R,,Gabriel Bortoleto,Unknown,15.0,,Finished,,0.0,,,,92.328,22.0
2025,Miami Grand Prix,R,,Pierre Gasly,Alpine,14.0,,Finished,,0.0,,,,91.159,30.0
2025,Miami Grand Prix,R,,Isack Hadjar,Unknown,13.0,,Finished,,0.0,,,,90.971,49.0
2025,Miami Grand Prix,R,,Lewis Hamilton,Mercedes,7.0,,Finished,,6.0,,,,90.562,31.0
2025,Miami Grand Prix,R,,Nico Hulkenberg,Haas F1 Team,16.0,,Finished,,0.0,,,,91.015,28.0
2025,Miami Grand Prix,R,,Liam Lawson,RB,19.0,,Finished,,0.0,,,,91.77,8.0
2025,Miami Grand Prix,R,,Charles Leclerc,Ferrari,10.0,,Finished,,1.0,,,,90.461,30.0
2025,Miami Grand Prix,R,,Lando Norris,McLaren,2.0,,Finished,,18.0,,,,89.746,30.0
2025,Miami Grand Prix,R,,Esteban Ocon,Alpine,11.0,,Finished,,0.0,,,,91.122,48.0
2025,Miami Grand Prix,R,,Oscar Piastri,McLaren,1.0,,Finished,,25.0,,,,89.822,29.0
2025,Miami Grand Prix,R,,George Russell,Mercedes,3.0,,Finished,,15.0,,,,90.318,30.0
2025,Miami Grand Prix,R,,Carlos Sainz,Ferrari,8.0,,Finished,,4.0,,,,90.703,28.0
2025,Miami Grand Prix,R,,Lance Stroll,Aston Martin,18.0,,Finished,,0.0,,,,91.769,47.0
2025,Miami Grand Prix,R,,Yuki Tsunoda,RB,9.0,,Finished,,2.0,,,,90.964,29.0
2025,Miami Grand Prix,R,,Max Verstappen,Red Bull Racing,4.0,,Finished,,12.0,,,,90.466,28.0
2025,Japanese Grand Prix,R,,Alexander Albon,Williams,9.0,,Finished,,2.0,,,,91.125,51.0
2025,Japanese Grand Prix,R,,Fernando Alonso,Aston Martin,11.0,,Finished,,0.0,,,,91.77,51.0
2025,Japanese Grand Prix,R,,Antonio Giovinazzi,Unknown,1.0,,Finished,,25.0,,,,90.965,51.0
2025,Japanese Grand Prix,R,,Oliver Bearman,Haas F1 Team,10.0,,Finished,,1.0,,,,92.006,51.0
2025,Japanese Grand Prix,R,,Gabriel Bortoleto,Unknown,20.0,,Finished,,0.0,,,,92.034,50.0
2025,Japanese Grand Prix,R,,Jack Doohan,Alpine,18.0,,Finished,,0.0,,,,92.685,51.0
2025,Japanese Grand Prix,R,,Pierre Gasly,Alpine,14.0,,Finished,,0.0,,,,91.82,51.0
2025,Japanese Grand Prix,R,,Isack Hadjar,Unknown,7.0,,Finished,,6.0,,,,91.317,51.0
2025,Japanese Grand Prix,R,,Lewis Hamilton,Mercedes,6.0,,Finished,,8.0,,,,91.406,51.0
2025,Japanese Grand Prix,R,,Nico Hulkenberg,Haas F1 Team,16.0,,Finished,,0.0,,,,92.572,51.0
2025,Japanese Grand Prix,R,,Liam Lawson,RB,12.0,,Finished,,0.0,,,,92.043,51.0
2025,Japanese Grand Prix,R,,Charles Leclerc,Ferrari,4.0,,Finished,,12.0,,,,91.469,51.0
2025,Japanese Grand Prix,R,,Lando Norris,McLaren,3.0,,Finished,,15.0,,,,91.116,51.0
2025,Japanese Grand Prix,R,,Esteban Ocon,Alpine,17.0,,Finished,,0.0,,,,91.967,51.0
2025,Japanese Grand Prix,R,,Oscar Piastri,McLaren,5.0,,Finished,,10.0,,,,91.039,51.0
2025,Japanese Grand Prix,R,,George Russell,Mercedes,8.0,,Finished,,4.0,,,,91.357,51.0
2025,Japanese Grand Prix,R,,Carlos Sainz,Ferrari,13.0,,Finished,,0.0,,,,91.106,51.0
2025,Japanese Grand Prix,R,,Lance Stroll,Aston Martin,19.0,,Finished,,0.0,,,,92.052,47.0
2025,Japanese Grand Prix,R,,Yuki Tsunoda,RB,15.0,,Finished,,0.0,,,,91.871,51.0
2025,Japanese Grand Prix,R,,Max Verstappen,Red Bull Racing,2.0,,Finished,,18.0,,,,91.041,51.0
2025,Saudi Arabian Grand Prix,R,,Alexander Albon,Williams,8.0,,Finished,,4.0,,,,93.477,46.0
2025,Saudi Arabian Grand Prix,R,,Fernando Alonso,Aston Martin,15.0,,Finished,,0.0,,,,93.009,44.0
2025,Saudi Arabian Grand Prix,R,,Antonio Giovinazzi,Unknown,5.0,,Finished,,10.0,,,,92.396,45.0
2025,Saudi Arabian Grand Prix,R,,Oliver Bearman,Haas F1 Team,12.0,,Finished,,0.0,,,,93.238,45.0
2025,Saudi Arabian Grand Prix,R,,Gabriel Bortoleto,Unknown,16.0,,Finished,,0.0,,,,94.447,45.0
2025,Saudi Arabian Grand Prix,R,,Jack Doohan,Alpine,18.0,,Finished,,0.0,,,,93.15,45.0
2025,Saudi Arabian Grand Prix,R,,Isack Hadjar,Unknown,10.0,,Finished,,1.0,,,,93.257,46.0
2025,Saudi Arabian Grand Prix,R,,Lewis Hamilton,Mercedes,6.0,,Finished,,8.0,,,,92.6,46.0
2025,Saudi Arabian Grand Prix,R,,Nico Hulkenberg,Haas F1 Team,14.0,,Finished,,0.0,,,,93.446,44.0
2025,Saudi Arabian Grand Prix,R,,Liam Lawson,RB,11.0,,Finished,,0.0,,,,92.998,46.0
2025,Saudi Arabian Grand Prix,R,,Charles Leclerc,Ferrari,1.0,,Finished,,25.0,,,,92.192,46.0
2025,Saudi Arabian Grand Prix,R,,Lando Norris,McLaren,9.0,,Finished,,2.0,,,,91.778,46.0
2025,Saudi Arabian Grand Prix,R,,Esteban Ocon,Alpine,17.0,,Finished,,0.0,,,,94.309,46.0
2025,Saudi Arabian Grand Prix,R,,Oscar Piastri,McLaren,3.0,,Finished,,15.0,,,,92.228,46.0
2025,Saudi Arabian Grand Prix,R,,George Russell,Mercedes,4.0,,Finished,,12.0,,,,92.893,46.0
2025,Saudi Arabian Grand Prix,R,,Carlos Sainz,Ferrari,7.0,,Finished,,6.0,,,,92.466,46.0
2025,Saudi Arabian Grand Prix,R,,Lance Stroll,Aston Martin,13.0,,Finished,,0.0,,,,92.745,44.0
2025,Saudi Arabian Grand Prix,R,,Max Verstappen,Red Bull Racing,2.0,,Finished,,18.0,,,,92.28,46.0
2025,Las Vegas Grand Prix,R,,Alexander Albon,Williams,13.0,,Finished,,0.0,,,,95.184,27.0
2025,Las Vegas Grand Prix,R,,Fernando Alonso,Aston Martin,9.0,,Finished,,2.0,,,,95.629,45.0
2025,Las Vegas Grand Prix,R,,Antonio Giovinazzi,Unknown,16.0,,Finished,,0.0,,,,93.998,46.0
2025,Las Vegas Grand Prix,R,,Oliver Bearman,Haas F1 Team,8.0,,Finished,,4.0,,,,94.519,44.0
2025,Las Vegas Grand Prix,R,,Franco Colapinto,Williams,14.0,,Finished,,0.0,,,,95.78,41.0
2025,Las Vegas Grand Prix,R,,Pierre Gasly,Alpine,17.0,,Finished,,0.0,,,,95.674,45.0
2025,Las Vegas Grand Prix,R,,Isack Hadjar,Unknown,6.0,,Finished,,8.0,,,,94.62,44.0
2025,Las Vegas Grand Prix,R,,Lewis Hamilton,Mercedes,12.0,,Finished,,0.0,,,,94.553,43.0
2025,Las Vegas Grand Prix,R,,Nico Hulkenberg,Haas F1 Team,10.0,,Finished,,1.0,,,,94.592,44.0
2025,Las Vegas Grand Prix,R,,Liam Lawson,RB,18.0,,Finished,,0.0,,,,94.837,42.0
2025,Las Vegas Grand Prix,R,,Charles Leclerc,Ferrari,4.0,,Finished,,12.0,,,,94.304,45.0
2025,Las Vegas Grand Prix,R,,Lando Norris,McLaren,2.0,,Finished,,18.0,,,,93.965,45.0
2025,Las Vegas Grand Prix,R,,Esteban Ocon,Alpine,11.0,,Finished,,0.0,,,,94.557,44.0
2025,Las Vegas Grand Prix,R,,Oscar Piastri,McLaren,7.0,,Finished,,6.0,,,,94.086,45.0
2025,Las Vegas Grand Prix,R,,George Russell,Mercedes,3.0,,Finished,,15.0,,,,94.592,45.0
2025,Las Vegas Grand Prix,R,,Carlos Sainz,Ferrari,5.0,,Finished,,10.0,,,,94.496,44.0
2025,Las Vegas Grand Prix,R,,Yuki Tsunoda,RB,15.0,,Finished,,0.0,,,,94.967,43.0
2025,Las Vegas Grand Prix,R,,Max Verstappen,Red Bull Racing,1.0,,Finished,,25.0,,,,93.365,44.0
2025,Singapore Grand Prix,R,,Alexander Albon,Williams,20.0,,Finished,,0.0,,,,95.648,57.0
2025,Singapore Grand Prix,R,,Fernando Alonso,Aston Martin,13.0,,Finished,,0.0,,,,95.862,58.0
2025,Singapore Grand Prix,R,,Antonio Giovinazzi,Unknown,5.0,,Finished,,10.0,,,,95.303,60.0
2025,Singapore Grand Prix,R,,Oliver Bearman,Haas F1 Team,8.0,,Finished,,4.0,,,,96.201,59.0
2025,Singapore Grand Prix,R,,Gabriel Bortoleto,Unknown,15.0,,Finished,,0.0,,,,97.126,58.0
2025,Singapore Grand Prix,R,,Franco Colapinto,Williams,14.0,,Finished,,0.0,,,,97.182,56.0
2025,Singapore Grand Prix,R,,Pierre Gasly,Alpine,17.0,,Finished,,0.0,,,,94.573,56.0
2025,Singapore Grand Prix,R,,Isack Hadjar,Unknown,12.0,,Finished,,0.0,,,,96.938,57.0
2025,Singapore Grand Prix,R,,Lewis Hamilton,Mercedes,7.0,,Finished,,6.0,,,,93.808,55.0
2025,Singapore Grand Prix,R,,Nico Hulkenberg,Haas F1 Team,10.0,,Finished,,1.0,,,,95.404,56.0
2025,Singapore Grand Prix,R,,Liam Lawson,RB,11.0,,Finished,,0.0,,,,95.641,57.0
2025,Singapore Grand Prix,R,,Charles Leclerc,Ferrari,6.0,,Finished,,8.0,,,,95.983,59.0
2025,Singapore Grand Prix,R,,Lando Norris,McLaren,3.0,,Finished,,15.0,,,,95.555,59.0
2025,Singapore Grand Prix,R,,Esteban Ocon,Alpine,18.0,,Finished,,0.0,,,,96.646,57.0
2025,Singapore Grand Prix,R,,Oscar Piastri,McLaren,4.0,,Finished,,12.0,,,,95.408,59.0
2025,Singapore Grand Prix,R,,George Russell,Mercedes,1.0,,Finished,,25.0,,,,95.676,59.0
2025,Singapore Grand Prix,R,,Carlos Sainz,Ferrari,16.0,,Finished,,0.0,,,,94.963,58.0
2025,Singapore Grand Prix,R,,Lance Stroll,Aston Martin,19.0,,Finished,,0.0,,,,95.851,57.0
2025,Singapore Grand Prix,R,,Yuki Tsunoda,RB,9.0,,Finished,,2.0,,,,96.831,57.0
2025,Singapore Grand Prix,R,,Max Verstappen,Red Bull Racing,2.0,,Finished,,18.0,,,,95.649,59.0
2025,Chinese Grand Prix,R,,Alexander Albon,Williams,11.0,,Finished,,0.0,,,,96.254,53.0
2025,Chinese Grand Prix,R,,Antonio Giovinazzi,Unknown,12.0,,Finished,,0.0,,,,96.046,53.0
2025,Chinese Grand Prix,R,,Oliver Bearman,Haas F1 Team,8.0,,Finished,,4.0,,,,96.363,53.0
2025,Chinese Grand Prix,R,,Gabriel Bortoleto,Unknown,19.0,,Finished,,0.0,,,,95.874,51.0
2025,Chinese Grand Prix,R,,Jack Doohan,Alpine,18.0,,Finished,,0.0,,,,96.424,53.0
2025,Chinese Grand Prix,R,,Pierre Gasly,Alpine,16.0,,Finished,,0.0,,,,96.425,53.0
2025,Chinese Grand Prix,R,,Isack Hadjar,Unknown,15.0,,Finished,,0.0,,,,95.868,51.0
2025,Chinese Grand Prix,R,,Lewis Hamilton,Mercedes,4.0,,Finished,,12.0,,,,95.069,51.0
2025,Chinese Grand Prix,R,,Nico Hulkenberg,Haas F1 Team,17.0,,Finished,,0.0,,,,97.275,52.0
2025,Chinese Grand Prix,R,,Liam Lawson,RB,9.0,,Finished,,2.0,,,,95.985,51.0
2025,Chinese Grand Prix,R,,Charles Leclerc,Ferrari,5.0,,Finished,,10.0,,,,96.157,53.0
2025,Chinese Grand Prix,R,,Lando Norris,McLaren,2.0,,Finished,,18.0,,,,95.454,53.0
2025,Chinese Grand Prix,R,,Esteban Ocon,Alpine,13.0,,Finished,,0.0,,,,95.74,53.0
2025,Chinese Grand Prix,R,,Oscar Piastri,McLaren,1.0,,Finished,,25.0,,,,95.52,53.0
2025,Chinese Grand Prix,R,,George Russell,Mercedes,3.0,,Finished,,15.0,,,,95.816,53.0
2025,Chinese Grand Prix,R,,Carlos Sainz,Ferrari,10.0,,Finished,,1.0,,,,96.779,53.0
2025,Chinese Grand Prix,R,,Lance Stroll,Aston Martin,6.0,,Finished,,8.0,,,,96.044,53.0
2025,Chinese Grand Prix,R,,Yuki Tsunoda,RB,14.0,,Finished,,0.0,,,,95.871,48.0
2025,Chinese Grand Prix,R,,Max Verstappen,Red Bull Racing,7.0,,Finished,,6.0,,,,95.488,53.0
2025,Bahrain Grand Prix,R,,Alexander Albon,Williams,7.0,,Finished,,6.0,,,,97.141,50.0
2025,Bahrain Grand Prix,R,,Fernando Alonso,Aston Martin,18.0,,Finished,,0.0,,,,97.906,50.0
2025,Bahrain Grand Prix,R,,Antonio Giovinazzi,Unknown,5.0,,Finished,,10.0,,,,96.69,50.0
2025,Bahrain Grand Prix,R,,Oliver Bearman,Haas F1 Team,15.0,,Finished,,0.0,,,,97.303,50.0
2025,Bahrain Grand Prix,R,,Gabriel Bortoleto,Unknown,14.0,,Finished,,0.0,,,,98.006,50.0
2025,Bahrain Grand Prix,R,,Jack Doohan,Alpine,12.0,,Finished,,0.0,,,,96.682,48.0
2025,Bahrain Grand Prix,R,,Pierre Gasly,Alpine,8.0,,Finished,,4.0,,,,96.531,49.0
2025,Bahrain Grand Prix,R,,Isack Hadjar,Unknown,16.0,,Finished,,0.0,,,,96.952,48.0
2025,Bahrain Grand Prix,R,,Lewis Hamilton,Mercedes,3.0,,Finished,,15.0,,,,96.235,51.0
2025,Bahrain Grand Prix,R,,Nico Hulkenberg,Haas F1 Team,20.0,,Finished,,0.0,,,,97.338,49.0
2025,Bahrain Grand Prix,R,,Liam Lawson,RB,19.0,,Finished,,0.0,,,,97.38,50.0
2025,Bahrain Grand Prix,R,,Charles Leclerc,Ferrari,2.0,,Finished,,18.0,,,,96.132,51.0
2025,Bahrain Grand Prix,R,,Lando Norris,McLaren,6.0,,Finished,,8.0,,,,95.728,51.0
2025,Bahrain Grand Prix,R,,Esteban Ocon,Alpine,9.0,,Finished,,2.0,,,,97.098,48.0
2025,Bahrain Grand Prix,R,,Oscar Piastri,McLaren,1.0,,Finished,,25.0,,,,95.14,51.0
2025,Bahrain Grand Prix,R,,George Russell,Mercedes,4.0,,Finished,,12.0,,,,95.518,31.0
2025,Bahrain Grand Prix,R,,Carlos Sainz,Ferrari,11.0,,Finished,,0.0,,,,96.954,35.0
2025,Bahrain Grand Prix,R,,Lance Stroll,Aston Martin,17.0,,Finished,,0.0,,,,98.064,50.0
2025,Bahrain Grand Prix,R,,Yuki Tsunoda,RB,10.0,,Finished,,1.0,,,,97.225,51.0
2025,Bahrain Grand Prix,R,,Max Verstappen,Red Bull Racing,13.0,,Finished,,0.0,,,,96.167,49.0
2025,United States Grand Prix,R,,Alexander Albon,Williams,20.0,,Finished,,0.0,,,,98.328,52.0
2025,United States Grand Prix,R,,Fernando Alonso,Aston Martin,10.0,,Finished,,1.0,,,,98.789,52.0
2025,United States Grand Prix,R,,Antonio Giovinazzi,Unknown,12.0,,Finished,,0.0,,,,97.577,51.0
2025,United States Grand Prix,R,,Oliver Bearman,Haas F1 Team,11.0,,Finished,,0.0,,,,99.119,52.0
2025,United States Grand Prix,R,,Gabriel Bortoleto,Unknown,14.0,,Finished,,0.0,,,,98.275,50.0
2025,United States Grand Prix,R,,Franco Colapinto,Williams,16.0,,Finished,,0.0,,,,99.173,51.0
2025,United States Grand Prix,R,,Pierre Gasly,Alpine,15.0,,Finished,,0.0,,,,99.27,51.0
2025,United States Grand Prix,R,,Isack Hadjar,Unknown,19.0,,Finished,,0.0,,,,98.724,52.0
2025,United States Grand Prix,R,,Lewis Hamilton,Mercedes,6.0,,Finished,,8.0,,,,98.361,52.0
2025,United States Grand Prix,R,,Nico Hulkenberg,Haas F1 Team,9.0,,Finished,,2.0,,,,98.372,52.0
2025,United States Grand Prix,R,,Liam Lawson,RB,13.0,,Finished,,0.0,,,,98.983,52.0
2025,United States Grand Prix,R,,Charles Leclerc,Ferrari,4.0,,Finished,,12.0,,,,98.231,52.0
2025,United States Grand Prix,R,,Lando Norris,McLaren,2.0,,Finished,,18.0,,,,97.62,52.0
2025,United States Grand Prix,R,,Esteban Ocon,Alpine,17.0,,Finished,,0.0,,,,99.263,52.0
2025,United States Grand Prix,R,,Oscar Piastri,McLaren,5.0,,Finished,,10.0,,,,98.564,52.0
2025,United States Grand Prix,R,,George Russell,Mercedes,3.0,,Finished,,15.0,,,,98.224,52.0
2025,United States Grand Prix,R,,Carlos Sainz,Ferrari,8.0,,DNF,,4.0,,,,100.327,4.0
2025,United States Grand Prix,R,,Lance Stroll,Aston Martin,18.0,,Finished,,0.0,,,,99.071,52.0
2025,United States Grand Prix,R,,Yuki Tsunoda,RB,7.0,,Finished,,6.0,,,,98.803,52.0
2025,United States Grand Prix,R,,Max Verstappen,Red Bull Racing,1.0,,Finished,,25.0,,,,97.991,52.0
2025,Azerbaijan Grand Prix,R,,Alexander Albon,Williams,17.0,,Finished,,0.0,,,,104.152,44.0
2025,Azerbaijan Grand Prix,R,,Fernando Alonso,Aston Martin,11.0,,Finished,,0.0,,,,105.002,44.0
2025,Azerbaijan Grand Prix,R,,Antonio Giovinazzi,Unknown,4.0,,Finished,,12.0,,,,104.091,46.0
2025,Azerbaijan Grand Prix,R,,Oliver Bearman,Haas F1 Team,15.0,,Finished,,0.0,,,,104.288,45.0
2025,Azerbaijan Grand Prix,R,,Gabriel Bortoleto,Unknown,12.0,,Finished,,0.0,,,,104.93,45.0
2025,Azerbaijan Grand Prix,R,,Franco Colapinto,Williams,13.0,,Finished,,0.0,,,,106.055,43.0
2025,Azerbaijan Grand Prix,R,,Pierre Gasly,Alpine,18.0,,Finished,,0.0,,,,105.492,44.0
2025,Azerbaijan Grand Prix,R,,Isack Hadjar,Unknown,9.0,,Finished,,2.0,,,,103.884,45.0
2025,Azerbaijan Grand Prix,R,,Lewis Hamilton,Mercedes,10.0,,Finished,,1.0,,,,103.977,45.0
2025,Azerbaijan Grand Prix,R,,Nico Hulkenberg,Haas F1 Team,16.0,,Finished,,0.0,,,,104.37,44.0
2025,Azerbaijan Grand Prix,R,,Liam Lawson,RB,6.0,,Finished,,8.0,,,,104.531,46.0
2025,Azerbaijan Grand Prix,R,,Charles Leclerc,Ferrari,8.0,,Finished,,4.0,,,,104.274,45.0
2025,Azerbaijan Grand Prix,R,,Lando Norris,McLaren,3.0,,Finished,,15.0,,,,104.155,45.0
2025,Azerbaijan Grand Prix,R,,Esteban Ocon,Alpine,19.0,,Finished,,0.0,,,,105.388,46.0
2025,Azerbaijan Grand Prix,R,,George Russell,Mercedes,7.0,,Finished,,6.0,,,,103.754,46.0
2025,Azerbaijan Grand Prix,R,,Carlos Sainz,Ferrari,2.0,,Finished,,18.0,,,,103.972,46.0
2025,Azerbaijan Grand Prix,R,,Lance Stroll,Aston Martin,14.0,,Finished,,0.0,,,,105.083,44.0
2025,Azerbaijan Grand Prix,R,,Yuki Tsunoda,RB,5.0,,Finished,,10.0,,,,104.434,46.0
2025,Azerbaijan Grand Prix,R,,Max Verstappen,Red Bull Racing,1.0,,Finished,,25.0,,,,103.388,46.0
2025,Belgian Grand Prix,R,,Alexander Albon,Williams,8.0,,Finished,,4.0,,,,106.813,39.0
2025,Belgian Grand Prix,R,,Fernando Alonso,Aston Martin,19.0,,Finished,,0.0,,,,107.872,22.0
2025,Belgian Grand Prix,R,,Antonio Giovinazzi,Unknown,18.0,,Finished,,0.0,,,,107.002,24.0
2025,Belgian Grand Prix,R,,Oliver Bearman,Haas F1 Team,11.0,,Finished,,0.0,,,,106.709,38.0
2025,Belgian Grand Prix,R,,Gabriel Bortoleto,Unknown,10.0,,Finished,,1.0,,,,106.966,38.0
2025,Belgian Grand Prix,R,,Franco Colapinto,Williams,14.0,,Finished,,0.0,,,,108.423,23.0
2025,Belgian Grand Prix,R,,Pierre Gasly,Alpine,15.0,,Finished,,0.0,,,,107.177,38.0
2025,Belgian Grand Prix,R,,Isack Hadjar,Unknown,6.0,,Finished,,8.0,,,,107.667,36.0
2025,Belgian Grand Prix,R,,Lewis Hamilton,Mercedes,13.0,,Finished,,0.0,,,,106.534,38.0
2025,Belgian Grand Prix,R,,Nico Hulkenberg,Haas F1 Team,17.0,,Finished,,0.0,,,,107.656,25.0
2025,Belgian Grand Prix,R,,Liam Lawson,RB,9.0,,Finished,,2.0,,,,106.649,38.0
2025,Belgian Grand Prix,R,,Charles Leclerc,Ferrari,3.0,,Finished,,15.0,,,,106.174,39.0
2025,Belgian Grand Prix,R,,Lando Norris,McLaren,1.0,,Finished,,25.0,,,,105.257,39.0
2025,Belgian Grand Prix,R,,Esteban Ocon,Alpine,12.0,,Finished,,0.0,,,,106.744,38.0
2025,Belgian Grand Prix,R,,Oscar Piastri,McLaren,2.0,,Finished,,18.0,,,,105.706,39.0
2025,Belgian Grand Prix,R,,George Russell,Mercedes,7.0,,Finished,,6.0,,,,106.566,39.0
2025,Belgian Grand Prix,R,,Carlos Sainz,Ferrari,16.0,,Finished,,0.0,,,,108.431,20.0
2025,Belgian Grand Prix,R,,Lance Stroll,Aston Martin,20.0,,Finished,,0.0,,,,107.212,38.0
2025,Belgian Grand Prix,R,,Yuki Tsunoda,RB,4.0,,Finished,,12.0,,,,107.241,39.0
2025,Belgian Grand Prix,R,,Max Verstappen,Red Bull Racing,5.0,,Finished,,10.0,,,,106.096,39.0
2026,Austrian Grand Prix,R,,Alexander Albon,Williams,17.0,,Finished,,0.0,,,,73.137,55.0
2026,Austrian Grand Prix,R,,Fernando Alonso,Aston Martin,18.0,,Finished,,0.0,,,,72.501,53.0
2026,Austrian Grand Prix,R,,Antonio Giovinazzi,Unknown,7.0,,Finished,,6.0,,,,70.374,64.0
2026,Austrian Grand Prix,R,,Oliver Bearman,Haas F1 Team,12.0,,Finished,,0.0,,,,72.207,62.0
2026,Austrian Grand Prix,R,,Gabriel Bortoleto,Unknown,11.0,,Finished,,0.0,,,,71.866,60.0
2026,Austrian Grand Prix,R,,Franco Colapinto,Williams,20.0,,Finished,,0.0,,,,71.795,60.0
2026,Austrian Grand Prix,R,,Pierre Gasly,Alpine,13.0,,Finished,,0.0,,,,71.466,60.0
2026,Austrian Grand Prix,R,,Isack Hadjar,Unknown,8.0,,Finished,,4.0,,,,70.947,64.0
2026,Austrian Grand Prix,R,,Lewis Hamilton,Mercedes,2.0,,Finished,,18.0,,,,70.946,63.0
2026,Austrian Grand Prix,R,,Nico Hulkenberg,Haas F1 Team,15.0,,Finished,,0.0,,,,71.634,60.0
2026,Austrian Grand Prix,R,,Liam Lawson,RB,9.0,,Finished,,2.0,,,,71.547,61.0
2026,Austrian Grand Prix,R,,Charles Leclerc,Ferrari,5.0,,Finished,,10.0,,,,70.606,61.0
2026,Austrian Grand Prix,R,,Lance Stroll,Unknown,10.0,,Finished,,1.0,,,,71.587,61.0
2026,Austrian Grand Prix,R,,Lando Norris,McLaren,4.0,,Finished,,12.0,,,,70.652,62.0
2026,Austrian Grand Prix,R,,Esteban Ocon,Alpine,14.0,,Finished,,0.0,,,,72.979,55.0
2026,Austrian Grand Prix,R,,Sergio Perez,Red Bull Racing,19.0,,DNF,,0.0,,,,74.448,2.0
2026,Austrian Grand Prix,R,,Oscar Piastri,McLaren,6.0,,Finished,,8.0,,,,70.595,63.0
2026,Austrian Grand Prix,R,,George Russell,Mercedes,1.0,,Finished,,25.0,,,,70.683,62.0
2026,Austrian Grand Prix,R,,Carlos Sainz,Ferrari,16.0,,Finished,,0.0,,,,73.694,18.0
2026,Austrian Grand Prix,R,,Lance Stroll,Aston Martin,21.0,,DNF,,0.0,,,,73.796,32.0
2026,Austrian Grand Prix,R,,Max Verstappen,Red Bull Racing,3.0,,Finished,,15.0,,,,70.483,62.0
2026,Monaco Grand Prix,R,,Alexander Albon,Williams,10.0,,Finished,,1.0,,,,76.393,49.0
2026,Monaco Grand Prix,R,,Fernando Alonso,Aston Martin,14.0,,Finished,,0.0,,,,77.12,5.0
2026,Monaco Grand Prix,R,,Antonio Giovinazzi,Unknown,1.0,,Finished,,25.0,,,,73.481,63.0
2026,Monaco Grand Prix,R,,Oliver Bearman,Haas F1 Team,20.0,,Finished,,0.0,,,,78.475,12.0
2026,Monaco Grand Prix,R,,Gabriel Bortoleto,Unknown,17.0,,Finished,,0.0,,,,76.803,36.0
2026,Monaco Grand Prix,R,,Valtteri Bottas,Kick Sauber,19.0,,Finished,,0.0,,,,80.494,7.0
2026,Monaco Grand Prix,R,,Franco Colapinto,Williams,15.0,,Finished,,0.0,,,,76.316,45.0
2026,Monaco Grand Prix,R,,Pierre Gasly,Alpine,8.0,,Finished,,4.0,,,,75.497,61.0
2026,Monaco Grand Prix,R,,Isack Hadjar,Unknown,4.0,,Finished,,12.0,,,,75.669,63.0
2026,Monaco Grand Prix,R,,Lewis Hamilton,Mercedes,2.0,,Finished,,18.0,,,,74.643,63.0
2026,Monaco Grand Prix,R,,Nico Hulkenberg,Haas F1 Team,13.0,,Finished,,0.0,,,,76.332,41.0
2026,Monaco Grand Prix,R,,Liam Lawson,RB,9.0,,Finished,,2.0,,,,75.754,60.0
2026,Monaco Grand Prix,R,,Charles Leclerc,Ferrari,3.0,,Finished,,15.0,,,,75.964,56.0
2026,Monaco Grand Prix,R,,Lance Stroll,Unknown,11.0,,Finished,,0.0,,,,75.908,51.0
2026,Monaco Grand Prix,R,,Lando Norris,McLaren,6.0,,Finished,,8.0,,,,77.67,42.0
2026,Monaco Grand Prix,R,,Esteban Ocon,Alpine,16.0,,Finished,,0.0,,,,76.914,38.0
2026,Monaco Grand Prix,R,,Sergio Perez,Red Bull Racing,18.0,,Finished,,0.0,,,,76.891,46.0
2026,Monaco Grand Prix,R,,Oscar Piastri,McLaren,7.0,,Finished,,6.0,,,,75.816,61.0
2026,Monaco Grand Prix,R,,George Russell,Mercedes,5.0,,Finished,,10.0,,,,75.773,58.0
2026,Monaco Grand Prix,R,,Carlos Sainz,Ferrari,12.0,,Finished,,0.0,,,,78.022,42.0
2026,Canadian Grand Prix,R,,Alexander Albon,Williams,12.0,,Finished,,0.0,,,,77.221,7.0
2026,Canadian Grand Prix,R,,Fernando Alonso,Aston Martin,13.0,,DNF,,0.0,,,,79.635,4.0
2026,Canadian Grand Prix,R,,Antonio Giovinazzi,Unknown,1.0,,Finished,,25.0,,,,74.21,61.0
2026,Canadian Grand Prix,R,,Oliver Bearman,Haas F1 Team,11.0,,Finished,,0.0,,,,76.002,55.0
2026,Canadian Grand Prix,R,,Gabriel Bortoleto,Unknown,21.0,,DNF,,0.0,,,,76.221,50.0
2026,Canadian Grand Prix,R,,Valtteri Bottas,Kick Sauber,16.0,,Finished,,0.0,,,,77.725,25.0
2026,Canadian Grand Prix,R,,Franco Colapinto,Williams,8.0,,Finished,,4.0,,,,75.462,57.0
2026,Canadian Grand Prix,R,,Pierre Gasly,Alpine,9.0,,Finished,,2.0,,,,75.39,54.0
2026,Canadian Grand Prix,R,,Isack Hadjar,Unknown,5.0,,Finished,,10.0,,,,74.578,58.0
2026,Canadian Grand Prix,R,,Lewis Hamilton,Mercedes,3.0,,Finished,,15.0,,,,74.573,59.0
2026,Canadian Grand Prix,R,,Nico Hulkenberg,Haas F1 Team,18.0,,Finished,,0.0,,,,76.275,49.0
2026,Canadian Grand Prix,R,,Liam Lawson,RB,7.0,,Finished,,6.0,,,,75.604,55.0
2026,Canadian Grand Prix,R,,Charles Leclerc,Ferrari,6.0,,Finished,,8.0,,,,75.297,59.0
2026,Canadian Grand Prix,R,,Lando Norris,McLaren,15.0,,Finished,,0.0,,,,75.845,30.0
2026,Canadian Grand Prix,R,,Esteban Ocon,Alpine,14.0,,Finished,,0.0,,,,76.577,47.0
2026,Canadian Grand Prix,R,,Sergio Perez,Red Bull Racing,20.0,,Finished,,0.0,,,,76.915,26.0
2026,Canadian Grand Prix,R,,Oscar Piastri,McLaren,17.0,,Finished,,0.0,,,,75.456,51.0
2026,Canadian Grand Prix,R,,George Russell,Mercedes,2.0,,Finished,,18.0,,,,75.477,27.0
2026,Canadian Grand Prix,R,,Carlos Sainz,Ferrari,10.0,,Finished,,1.0,,,,75.852,56.0
2026,Canadian Grand Prix,R,,Lance Stroll,Aston Martin,19.0,,Finished,,0.0,,,,78.721,13.0
2026,Canadian Grand Prix,R,,Max Verstappen,Red Bull Racing,4.0,,Finished,,12.0,,,,74.398,61.0
2026,Barcelona Grand Prix,R,,Alexander Albon,Williams,19.0,,Finished,,0.0,,,,81.744,33.0
2026,Barcelona Grand Prix,R,,Fernando Alonso,Aston Martin,21.0,,DNF,,0.0,,,,85.366,3.0
2026,Barcelona Grand Prix,R,,Antonio Giovinazzi,Unknown,1.0,,Finished,,25.0,,,,80.704,54.0
2026,Barcelona Grand Prix,R,,Oliver Bearman,Haas F1 Team,15.0,,Finished,,0.0,,,,83.746,18.0
2026,Barcelona Grand Prix,R,,Gabriel Bortoleto,Unknown,18.0,,Finished,,0.0,,,,81.446,40.0
2026,Barcelona Grand Prix,R,,Valtteri Bottas,Kick Sauber,20.0,,DNF,,0.0,,,,85.745,1.0
2026,Barcelona Grand Prix,R,,Franco Colapinto,Williams,12.0,,Finished,,0.0,,,,82.449,49.0
2026,Barcelona Grand Prix,R,,Pierre Gasly,Alpine,13.0,,Finished,,0.0,,,,81.708,52.0
2026,Barcelona Grand Prix,R,,Isack Hadjar,Unknown,10.0,,Finished,,1.0,,,,80.15,53.0
2026,Barcelona Grand Prix,R,,Lewis Hamilton,Mercedes,2.0,,Finished,,18.0,,,,80.122,56.0
2026,Barcelona Grand Prix,R,,Nico Hulkenberg,Haas F1 Team,8.0,,Finished,,4.0,,,,83.447,25.0
2026,Barcelona Grand Prix,R,,Liam Lawson,RB,11.0,,Finished,,0.0,,,,82.691,53.0
2026,Barcelona Grand Prix,R,,Charles Leclerc,Ferrari,5.0,,Finished,,10.0,,,,80.379,55.0
2026,Barcelona Grand Prix,R,,Lance Stroll,Unknown,9.0,,Finished,,2.0,,,,81.914,46.0
2026,Barcelona Grand Prix,R,,Lando Norris,McLaren,3.0,,Finished,,15.0,,,,80.232,56.0
2026,Barcelona Grand Prix,R,,Esteban Ocon,Alpine,16.0,,Finished,,0.0,,,,81.643,35.0
2026,Barcelona Grand Prix,R,,Sergio Perez,Red Bull Racing,17.0,,Finished,,0.0,,,,82.82,28.0
2026,Barcelona Grand Prix,R,,Oscar Piastri,McLaren,7.0,,Finished,,6.0,,,,80.835,56.0
2026,Barcelona Grand Prix,R,,George Russell,Mercedes,4.0,,Finished,,12.0,,,,80.64,55.0
2026,Barcelona Grand Prix,R,,Carlos Sainz,Ferrari,14.0,,Finished,,0.0,,,,82.061,46.0
2026,Barcelona Grand Prix,R,,Max Verstappen,Red Bull Racing,6.0,,Finished,,8.0,,,,80.23,56.0
2026,Hungarian Grand Prix,R,,Alexander Albon,Williams,19.0,,Finished,,0.0,,,,85.403,55.0
2026,Hungarian Grand Prix,R,,Fernando Alonso,Aston Martin,15.0,,Finished,,0.0,,,,83.679,42.0
2026,Hungarian Grand Prix,R,,Antonio Giovinazzi,Unknown,1.0,,Finished,,25.0,,,,82.415,65.0
2026,Hungarian Grand Prix,R,,Oliver Bearman,Haas F1 Team,16.0,,Finished,,0.0,,,,85.884,49.0
2026,Hungarian Grand Prix,R,,Gabriel Bortoleto,Unknown,12.0,,Finished,,0.0,,,,84.783,52.0
2026,Hungarian Grand Prix,R,,Valtteri Bottas,Kick Sauber,21.0,,DNF,,0.0,,,,87.959,12.0
2026,Hungarian Grand Prix,R,,Franco Colapinto,Williams,18.0,,Finished,,0.0,,,,84.624,55.0
2026,Hungarian Grand Prix,R,,Pierre Gasly,Alpine,13.0,,Finished,,0.0,,,,82.871,60.0
2026,Hungarian Grand Prix,R,,Isack Hadjar,Unknown,7.0,,Finished,,6.0,,,,83.218,65.0
2026,Hungarian Grand Prix,R,,Lewis Hamilton,Mercedes,6.0,,Finished,,8.0,,,,82.3,63.0
2026,Hungarian Grand Prix,R,,Nico Hulkenberg,Haas F1 Team,11.0,,Finished,,0.0,,,,83.964,62.0
2026,Hungarian Grand Prix,R,,Liam Lawson,RB,9.0,,Finished,,2.0,,,,83.9,63.0
2026,Hungarian Grand Prix,R,,Charles Leclerc,Ferrari,4.0,,Finished,,12.0,,,,82.0,63.0
2026,Hungarian Grand Prix,R,,Lance Stroll,Unknown,10.0,,Finished,,1.0,,,,85.931,62.0
2026,Hungarian Grand Prix,R,,Lando Norris,McLaren,2.0,,Finished,,18.0,,,,82.491,65.0
2026,Hungarian Grand Prix,R,,Esteban Ocon,Alpine,14.0,,Finished,,0.0,,,,85.889,57.0
2026,Hungarian Grand Prix,R,,Sergio Perez,Red Bull Racing,22.0,,DNF,,0.0,,,,88.623,18.0
2026,Hungarian Grand Prix,R,,Oscar Piastri,McLaren,3.0,,Finished,,15.0,,,,83.896,52.0
2026,Hungarian Grand Prix,R,,George Russell,Mercedes,8.0,,Finished,,4.0,,,,82.589,66.0
2026,Hungarian Grand Prix,R,,Carlos Sainz,Ferrari,20.0,,Finished,,0.0,,,,84.864,42.0
2026,Hungarian Grand Prix,R,,Lance Stroll,Aston Martin,17.0,,Finished,,0.0,,,,84.718,58.0
2026,Hungarian Grand Prix,R,,Max Verstappen,Red Bull Racing,5.0,,Finished,,10.0,,,,83.433,64.0
2026,Australian Grand Prix,R,,Alexander Albon,Williams,12.0,,Finished,,0.0,,,,84.375,48.0
2026,Australian Grand Prix,R,,Fernando Alonso,Aston Martin,18.0,,Finished,,0.0,,,,85.713,14.0
2026,Australian Grand Prix,R,,Antonio Giovinazzi,Unknown,7.0,,Finished,,6.0,,,,82.417,51.0
2026,Australian Grand Prix,R,,Oliver Bearman,Haas F1 Team,11.0,,Finished,,0.0,,,,84.02,49.0
2026,Australian Grand Prix,R,,Gabriel Bortoleto,Unknown,10.0,,Finished,,1.0,,,,83.257,49.0
2026,Australian Grand Prix,R,,Valtteri Bottas,Kick Sauber,19.0,,Finished,,0.0,,,,87.364,6.0
2026,Australian Grand Prix,R,,Franco Colapinto,Williams,15.0,,Finished,,0.0,,,,82.926,44.0
2026,Australian Grand Prix,R,,Pierre Gasly,Alpine,9.0,,Finished,,2.0,,,,84.486,49.0
2026,Australian Grand Prix,R,,Isack Hadjar,Unknown,4.0,,Finished,,12.0,,,,85.239,9.0
2026,Australian Grand Prix,R,,Lewis Hamilton,Mercedes,3.0,,Finished,,15.0,,,,82.423,48.0
2026,Australian Grand Prix,R,,Liam Lawson,RB,17.0,,Finished,,0.0,,,,83.783,47.0
2026,Australian Grand Prix,R,,Charles Leclerc,Ferrari,1.0,,Finished,,25.0,,,,82.579,48.0
2026,Australian Grand Prix,R,,Lance Stroll,Unknown,5.0,,Finished,,10.0,,,,84.182,46.0
2026,Australian Grand Prix,R,,Lando Norris,McLaren,6.0,,Finished,,8.0,,,,82.358,50.0
2026,Australian Grand Prix,R,,Esteban Ocon,Alpine,8.0,,Finished,,4.0,,,,84.424,49.0
2026,Australian Grand Prix,R,,Sergio Perez,Red Bull Racing,16.0,,Finished,,0.0,,,,86.07,28.0
2026,Australian Grand Prix,R,,George Russell,Mercedes,2.0,,Finished,,18.0,,,,82.67,51.0
2026,Australian Grand Prix,R,,Carlos Sainz,Ferrari,14.0,,Finished,,0.0,,,,83.59,44.0
2026,Australian Grand Prix,R,,Lance Stroll,Aston Martin,20.0,,Finished,,0.0,,,,85.41,22.0
2026,Australian Grand Prix,R,,Max Verstappen,Red Bull Racing,13.0,,Finished,,0.0,,,,82.091,49.0
2026,British Grand Prix,R,,Alexander Albon,Williams,21.0,,DNF,,0.0,,,,93.867,33.0
2026,British Grand Prix,R,,Fernando Alonso,Aston Martin,20.0,,Finished,,0.0,,,,95.827,17.0
2026,British Grand Prix,R,,Antonio Giovinazzi,Unknown,2.0,,Finished,,18.0,,,,91.777,39.0
2026,British Grand Prix,R,,Oliver Bearman,Haas F1 Team,17.0,,Finished,,0.0,,,,94.455,41.0
2026,British Grand Prix,R,,Gabriel Bortoleto,Unknown,10.0,,Finished,,1.0,,,,93.65,42.0
2026,British Grand Prix,R,,Valtteri Bottas,Kick Sauber,19.0,,Finished,,0.0,,,,95.893,34.0
2026,British Grand Prix,R,,Franco Colapinto,Williams,13.0,,Finished,,0.0,,,,94.281,41.0
2026,British Grand Prix,R,,Pierre Gasly,Alpine,11.0,,Finished,,0.0,,,,94.179,41.0
2026,British Grand Prix,R,,Isack Hadjar,Unknown,6.0,,Finished,,8.0,,,,92.268,42.0
2026,British Grand Prix,R,,Lewis Hamilton,Mercedes,3.0,,Finished,,15.0,,,,92.309,42.0
2026,British Grand Prix,R,,Nico Hulkenberg,Haas F1 Team,18.0,,Finished,,0.0,,,,93.433,31.0
2026,British Grand Prix,R,,Liam Lawson,RB,8.0,,Finished,,4.0,,,,93.648,41.0
2026,British Grand Prix,R,,Charles Leclerc,Ferrari,1.0,,Finished,,25.0,,,,92.871,43.0
2026,British Grand Prix,R,,Lance Stroll,Unknown,9.0,,Finished,,2.0,,,,93.632,42.0
2026,British Grand Prix,R,,Lando Norris,McLaren,7.0,,Finished,,6.0,,,,92.625,41.0
2026,British Grand Prix,R,,Esteban Ocon,Alpine,15.0,,Finished,,0.0,,,,94.792,41.0
2026,British Grand Prix,R,,Sergio Perez,Red Bull Racing,16.0,,Finished,,0.0,,,,95.52,39.0
2026,British Grand Prix,R,,Oscar Piastri,McLaren,14.0,,Finished,,0.0,,,,92.917,42.0
2026,British Grand Prix,R,,George Russell,Mercedes,4.0,,Finished,,12.0,,,,92.489,41.0
2026,British Grand Prix,R,,Carlos Sainz,Ferrari,12.0,,Finished,,0.0,,,,92.734,45.0
2026,British Grand Prix,R,,Lance Stroll,Aston Martin,22.0,,DNF,,0.0,,,,97.232,14.0
2026,British Grand Prix,R,,Max Verstappen,Red Bull Racing,5.0,,Finished,,10.0,,,,92.101,42.0
2026,Miami Grand Prix,R,,Alexander Albon,Williams,11.0,,Finished,,0.0,,,,93.784,48.0
2026,Miami Grand Prix,R,,Fernando Alonso,Aston Martin,16.0,,Finished,,0.0,,,,93.512,46.0
2026,Miami Grand Prix,R,,Antonio Giovinazzi,Unknown,2.0,,Finished,,18.0,,,,91.968,49.0
2026,Miami Grand Prix,R,,Oliver Bearman,Haas F1 Team,13.0,,Finished,,0.0,,,,93.744,47.0
2026,Miami Grand Prix,R,,Gabriel Bortoleto,Unknown,17.0,,Finished,,0.0,,,,93.5,47.0
2026,Miami Grand Prix,R,,Valtteri Bottas,Kick Sauber,20.0,,Finished,,0.0,,,,96.08,35.0
2026,Miami Grand Prix,R,,Franco Colapinto,Williams,8.0,,Finished,,4.0,,,,93.035,48.0
2026,Miami Grand Prix,R,,Pierre Gasly,Alpine,12.0,,DNF,,0.0,,,,94.856,3.0
2026,Miami Grand Prix,R,,Isack Hadjar,Unknown,21.0,,DNF,,0.0,,,,94.833,3.0
2026,Miami Grand Prix,R,,Lewis Hamilton,Mercedes,4.0,,Finished,,12.0,,,,92.676,48.0
2026,Miami Grand Prix,R,,Nico Hulkenberg,Haas F1 Team,22.0,,DNF,,0.0,,,,94.523,2.0
2026,Miami Grand Prix,R,,Liam Lawson,RB,10.0,,DNF,,1.0,,,,94.814,3.0
2026,Miami Grand Prix,R,,Charles Leclerc,Ferrari,6.0,,Finished,,8.0,,,,92.515,48.0
2026,Miami Grand Prix,R,,Lance Stroll,Unknown,14.0,,Finished,,0.0,,,,94.058,45.0
2026,Miami Grand Prix,R,,Lando Norris,McLaren,1.0,,Finished,,25.0,,,,91.869,49.0
2026,Miami Grand Prix,R,,Esteban Ocon,Alpine,15.0,,Finished,,0.0,,,,93.712,47.0
2026,Miami Grand Prix,R,,Sergio Perez,Red Bull Racing,18.0,,Finished,,0.0,,,,94.895,47.0
2026,Miami Grand Prix,R,,Oscar Piastri,McLaren,3.0,,Finished,,15.0,,,,91.949,49.0
2026,Miami Grand Prix,R,,George Russell,Mercedes,7.0,,Finished,,6.0,,,,92.446,48.0
2026,Miami Grand Prix,R,,Carlos Sainz,Ferrari,9.0,,Finished,,2.0,,,,93.026,48.0
2026,Miami Grand Prix,R,,Lance Stroll,Aston Martin,19.0,,Finished,,0.0,,,,94.716,43.0
2026,Miami Grand Prix,R,,Max Verstappen,Red Bull Racing,5.0,,Finished,,10.0,,,,93.11,50.0
2026,Japanese Grand Prix,R,,Alexander Albon,Williams,21.0,,DNF,,0.0,,,,93.427,42.0
2026,Japanese Grand Prix,R,,Fernando Alonso,Aston Martin,18.0,,Finished,,0.0,,,,96.221,44.0
2026,Japanese Grand Prix,R,,Antonio Giovinazzi,Unknown,3.0,,Finished,,15.0,,,,92.432,46.0
2026,Japanese Grand Prix,R,,Oliver Bearman,Haas F1 Team,16.0,,Finished,,0.0,,,,95.604,18.0
2026,Japanese Grand Prix,R,,Gabriel Bortoleto,Unknown,14.0,,Finished,,0.0,,,,94.164,46.0
2026,Japanese Grand Prix,R,,Valtteri Bottas,Kick Sauber,19.0,,Finished,,0.0,,,,96.269,37.0
2026,Japanese Grand Prix,R,,Franco Colapinto,Williams,13.0,,Finished,,0.0,,,,94.512,44.0
2026,Japanese Grand Prix,R,,Pierre Gasly,Alpine,7.0,,Finished,,6.0,,,,93.691,46.0
2026,Japanese Grand Prix,R,,Isack Hadjar,Unknown,10.0,,Finished,,1.0,,,,93.837,44.0
2026,Japanese Grand Prix,R,,Lewis Hamilton,Mercedes,5.0,,Finished,,10.0,,,,92.777,46.0
2026,Japanese Grand Prix,R,,Nico Hulkenberg,Haas F1 Team,20.0,,Finished,,0.0,,,,93.732,46.0
2026,Japanese Grand Prix,R,,Liam Lawson,RB,12.0,,Finished,,0.0,,,,94.23,45.0
2026,Japanese Grand Prix,R,,Charles Leclerc,Ferrari,4.0,,Finished,,12.0,,,,92.634,45.0
2026,Japanese Grand Prix,R,,Lance Stroll,Unknown,11.0,,Finished,,0.0,,,,94.314,44.0
2026,Japanese Grand Prix,R,,Lando Norris,McLaren,6.0,,Finished,,8.0,,,,93.208,45.0
2026,Japanese Grand Prix,R,,Esteban Ocon,Alpine,9.0,,Finished,,2.0,,,,94.256,44.0
2026,Japanese Grand Prix,R,,Sergio Perez,Red Bull Racing,17.0,,Finished,,0.0,,,,95.637,45.0
2026,Japanese Grand Prix,R,,Oscar Piastri,McLaren,2.0,,Finished,,18.0,,,,92.996,45.0
2026,Japanese Grand Prix,R,,George Russell,Mercedes,1.0,,Finished,,25.0,,,,92.549,46.0
2026,Japanese Grand Prix,R,,Carlos Sainz,Ferrari,15.0,,Finished,,0.0,,,,94.514,46.0
2026,Japanese Grand Prix,R,,Lance Stroll,Aston Martin,22.0,,DNF,,0.0,,,,97.217,21.0
2026,Japanese Grand Prix,R,,Max Verstappen,Red Bull Racing,8.0,,Finished,,4.0,,,,93.552,46.0
2026,Chinese Grand Prix,R,,Fernando Alonso,Aston Martin,14.0,,Finished,,0.0,,,,99.721,23.0
2026,Chinese Grand Prix,R,,Antonio Giovinazzi,Unknown,1.0,,Finished,,25.0,,,,95.275,51.0
2026,Chinese Grand Prix,R,,Oliver Bearman,Haas F1 Team,11.0,,Finished,,0.0,,,,96.429,51.0
2026,Chinese Grand Prix,R,,Valtteri Bottas,Kick Sauber,16.0,,Finished,,0.0,,,,98.393,50.0
2026,Chinese Grand Prix,R,,Franco Colapinto,Williams,4.0,,Finished,,12.0,,,,96.783,48.0
2026,Chinese Grand Prix,R,,Pierre Gasly,Alpine,8.0,,Finished,,4.0,,,,96.505,51.0
2026,Chinese Grand Prix,R,,Isack Hadjar,Unknown,13.0,,Finished,,0.0,,,,97.311,50.0
2026,Chinese Grand Prix,R,,Lewis Hamilton,Mercedes,2.0,,Finished,,18.0,,,,96.092,51.0
2026,Chinese Grand Prix,R,,Nico Hulkenberg,Haas F1 Team,15.0,,Finished,,0.0,,,,96.18,48.0
2026,Chinese Grand Prix,R,,Liam Lawson,RB,12.0,,Finished,,0.0,,,,97.096,50.0
2026,Chinese Grand Prix,R,,Charles Leclerc,Ferrari,6.0,,Finished,,8.0,,,,96.011,51.0
2026,Chinese Grand Prix,R,,Lance Stroll,Unknown,7.0,,Finished,,6.0,,,,96.099,47.0
2026,Chinese Grand Prix,R,,Esteban Ocon,Alpine,3.0,,Finished,,15.0,,,,95.964,45.0
2026,Chinese Grand Prix,R,,Sergio Perez,Red Bull Racing,18.0,,Finished,,0.0,,,,98.523,47.0
2026,Chinese Grand Prix,R,,George Russell,Mercedes,5.0,,Finished,,10.0,,,,95.4,51.0
2026,Chinese Grand Prix,R,,Carlos Sainz,Ferrari,10.0,,Finished,,1.0,,,,97.981,49.0
2026,Chinese Grand Prix,R,,Lance Stroll,Aston Martin,17.0,,Finished,,0.0,,,,100.883,8.0
2026,Chinese Grand Prix,R,,Max Verstappen,Red Bull Racing,9.0,,Finished,,2.0,,,,97.046,38.0
2026,Belgian Grand Prix,R,,Alexander Albon,Williams,14.0,,Finished,,0.0,,,,111.894,37.0
2026,Belgian Grand Prix,R,,Fernando Alonso,Aston Martin,19.0,,Finished,,0.0,,,,112.948,23.0
2026,Belgian Grand Prix,R,,Antonio Giovinazzi,Unknown,1.0,,Finished,,25.0,,,,109.098,36.0
2026,Belgian Grand Prix,R,,Oliver Bearman,Haas F1 Team,10.0,,Finished,,1.0,,,,111.109,37.0
2026,Belgian Grand Prix,R,,Gabriel Bortoleto,Unknown,8.0,,Finished,,4.0,,,,110.334,37.0
2026,Belgian Grand Prix,R,,Valtteri Bottas,Kick Sauber,21.0,,DNF,,0.0,,,,112.011,35.0
2026,Belgian Grand Prix,R,,Franco Colapinto,Williams,9.0,,Finished,,2.0,,,,111.162,36.0
2026,Belgian Grand Prix,R,,Pierre Gasly,Alpine,12.0,,Finished,,0.0,,,,111.101,36.0
2026,Belgian Grand Prix,R,,Isack Hadjar,Unknown,15.0,,Finished,,0.0,,,,109.298,37.0
2026,Belgian Grand Prix,R,,Lewis Hamilton,Mercedes,2.0,,Finished,,18.0,,,,109.454,36.0
2026,Belgian Grand Prix,R,,Nico Hulkenberg,Haas F1 Team,13.0,,Finished,,0.0,,,,110.503,37.0
2026,Belgian Grand Prix,R,,Liam Lawson,RB,11.0,,Finished,,0.0,,,,111.075,36.0
2026,Belgian Grand Prix,R,,Charles Leclerc,Ferrari,3.0,,Finished,,15.0,,,,109.333,37.0
2026,Belgian Grand Prix,R,,Lance Stroll,Unknown,7.0,,Finished,,6.0,,,,110.536,36.0
2026,Belgian Grand Prix,R,,Lando Norris,McLaren,6.0,,Finished,,8.0,,,,108.89,36.0
2026,Belgian Grand Prix,R,,Esteban Ocon,Alpine,20.0,,Finished,,0.0,,,,111.9,36.0
2026,Belgian Grand Prix,R,,Sergio Perez,Red Bull Racing,18.0,,Finished,,0.0,,,,113.477,6.0
2026,Belgian Grand Prix,R,,Oscar Piastri,McLaren,4.0,,Finished,,12.0,,,,109.562,37.0
2026,Belgian Grand Prix,R,,Carlos Sainz,Ferrari,16.0,,Finished,,0.0,,,,111.363,35.0
2026,Belgian Grand Prix,R,,Lance Stroll,Aston Martin,17.0,,Finished,,0.0,,,,113.98,15.0
2026,Belgian Grand Prix,R,,Max Verstappen,Red Bull Racing,5.0,,Finished,,10.0,,,,109.618,37.0
